Parameter Name,Group,Material,Lab min Value,Client min Value,Parameter Test Method,Pseudo Parameter,Discipline,Mu Value,Lab max Value,Client max Value,Unit,NABL,Material Table,Inputs,Material/Lab Name,Remark 
Dimension,BUILDING INFRASTRUCTURE AND CONSTRUCTION MATERIAL,AAC Block,80.00,0.00,IS 2185 (Part-3):1984,TRUE,MECHANICAL,0.00,750.00,0.00,mm,NABL,"lerm.parameter.master.table,3139",,AAC BLOCK,"In the AAC final report, Conformity is showing as Fail, and one extra column is also appearing."
Moisture Content (Avg.),BUILDING INFRASTRUCTURE AND CONSTRUCTION MATERIAL,AAC Block,0.10,0.00,IS 6441 (Part1) 1972,FALSE,MECHANICAL,0.03,50.00,0.00,%,NABL,"lerm.parameter.master.table,3141",,AAC BLOCK,
Block Density,BUILDING INFRASTRUCTURE AND CONSTRUCTION MATERIAL,AAC Block,300.00,0.00,IS 6441 (Part1) 1972,FALSE,MECHANICAL,0.14,"1,200.00",0.00,kg/m3,NABL,"lerm.parameter.master.table,3143",,AAC BLOCK,
Drying Shrinkage,BUILDING INFRASTRUCTURE AND CONSTRUCTION MATERIAL,AAC Block,0.00,0.00,IS 6441 (Part1) 1972,FALSE,MECHANICAL,0.00,0.20,0.00,%,NABL,"lerm.parameter.master.table,3144",,AAC BLOCK,
Compressive Strength,BUILDING INFRASTRUCTURE AND CONSTRUCTION MATERIAL,AAC Block,0.50,0.00,IS 6441 (Part 5) 1972,FALSE,MECHANICAL,0.01,10.00,0.00,N/mm2,NABL,"lerm.parameter.master.table,3145",,AAC BLOCK,
Length (Avg.),BUILDING INFRASTRUCTURE AND CONSTRUCTION MATERIAL,AAC Block,500.00,0.00,IS 2185 (Part-3):1984,FALSE,MECHANICAL,0.21,750.00,0.00,mm,NABL,"lerm.parameter.master.table,3152",,AAC BLOCK,
Width (Avg.),BUILDING INFRASTRUCTURE AND CONSTRUCTION MATERIAL,AAC Block,80.00,0.00,IS 2185 (Part-3):1984,FALSE,MECHANICAL,0.00,350.00,0.00,mm,NABL,"lerm.parameter.master.table,3154",,AAC BLOCK,
Height (Avg.),BUILDING INFRASTRUCTURE AND CONSTRUCTION MATERIAL,AAC Block,80.00,0.00,IS 2185 (Part-3):1984,FALSE,MECHANICAL,0.00,"1,000.00",0.00,mm,NABL,"lerm.parameter.master.table,3156",,AAC BLOCK,
WATER ABSORPTION,BUILDING INFRASTRUCTURE AND CONSTRUCTION MATERIAL,AAC Block,0.00,0.00,,FALSE,MECHANICAL,0.00,0.00,0.00,,Non NABL,,,AAC BLOCK,
Ash Content,BUILDING MATERIALS - CHEMICAL,Admixture (Chemical Properties),0.10,0.00,--,FALSE,CHEMICAL,0.00,50.00,0.00,% by mass,NABL,"lerm.parameter.master.table,528",Weight of crucible and lid ( W1),ADMIXTURE CHEMICAL,
Dry Material Content,BUILDING MATERIALS - CHEMICAL,Admixture (Chemical Properties),1.00,0.00,--,FALSE,CHEMICAL,0.01,70.00,0.00,% by mass,NABL,"lerm.parameter.master.table,1227",A) Weight of bottle + sand ( W1) gm,ADMIXTURE CHEMICAL,
pH,BUILDING MATERIALS - CHEMICAL,Admixture (Chemical Properties),1.00,0.00,IS 9103 - 1999,FALSE,CHEMICAL,0.00,14.00,0.00,--,NABL,"lerm.parameter.master.table,529",PH,ADMIXTURE CHEMICAL,
Relative Density,BUILDING MATERIALS - CHEMICAL,Admixture (Chemical Properties),0.90,0.00,--,FALSE,CHEMICAL,0.00,1.50,0.00,% by mass,NABL,"lerm.parameter.master.table,530",RD,ADMIXTURE CHEMICAL,
Compressive Strength,BUILDING INFRASTRUCTURE AND CONSTRUCTION MATERIAL,,10.00,0.00,IS 4031(Part-6)1988,FALSE,MECHANICAL,0.11,80.00,0.00,,NABL,,,,
Chloride Content,BUILDING MATERIALS - CHEMICAL,Admixture (Chemical Properties),0.00,0.00,--,FALSE,CHEMICAL,0.01,1.00,0.00,% by mass,NABL,"lerm.parameter.master.table,531","Mass of the Admixture in  , ( gm)",ADMIXTURE CHEMICAL,
Chloride,BUILDING MATERIALS - CHEMICAL,Admixture (Chemical Properties),0.00,0.00,--,FALSE,CHEMICAL,0.01,1.00,0.00,% by mass,NABL,"lerm.parameter.master.table,532",A)Mass of Admixture,ADMIXTURE CHEMICAL,
Sulphate as SO₃,BUILDING MATERIALS - CHEMICAL,Admixture (Chemical Properties),0.00,0.00,--,FALSE,CHEMICAL,0.00,2.00,0.00,% by mass,NABL,"lerm.parameter.master.table,533",A)Mass of the Admixture in gm,ADMIXTURE CHEMICAL,
Alkali as Na₂O,BUILDING MATERIALS - CHEMICAL,Admixture (Chemical Properties),0.00,0.00,--,FALSE,CHEMICAL,0.00,2.00,0.00,% by mass,Non NABL,"lerm.parameter.master.table,534",A)Weight of sample taken,ADMIXTURE CHEMICAL,
Alkali as K2O,BUILDING MATERIALS - CHEMICAL,Admixture (Chemical Properties),0.00,0.00,--,FALSE,CHEMICAL,0.00,2.00,0.00,% by mass,Non NABL,"lerm.parameter.master.table,535",A)Weight of sample taken,ADMIXTURE CHEMICAL,
Appearance,BUILDING MATERIALS - CHEMICAL,Admixture (Chemical Properties),0.00,0.00,--,FALSE,CHEMICAL,0.00,0.00,0.00,% by mass,Non NABL,"lerm.parameter.master.table,536",Appearance,ADMIXTURE CHEMICAL,
Alkali content as Na2O,BUILDING MATERIALS - CHEMICAL,Admixture (Chemical Properties),0.00,0.00,,FALSE,CHEMICAL,0.00,0.00,0.00,% by mass,Non NABL,"lerm.parameter.master.table,3305",Alkali as Na₂O,ADMIXTURE CHEMICAL,
Silica,BUILDING MATERIALS - CHEMICAL,Admixture (Chemical Properties),0.00,0.00,,FALSE,CHEMICAL,0.00,0.00,0.00,,Non NABL,,,ADMIXTURE CHEMICAL,
Moisture Content,BUILDING MATERIALS - CHEMICAL,Admixture (Chemical Properties),0.00,0.00,,FALSE,CHEMICAL,0.00,0.00,0.00,,Non NABL,,,ADMIXTURE CHEMICAL,
Viscosity,BUILDING MATERIALS - CHEMICAL,Admixture (Chemical Properties),0.00,0.00,,FALSE,CHEMICAL,0.00,0.00,0.00,sec,Non NABL,"lerm.parameter.master.table,4837",,ADMIXTURE CHEMICAL,
Admixture,BUILDING INFRASTRUCTURE AND CONSTRUCTION MATERIAL,Admixture (Mechanical Properties),0.00,0.00,,FALSE,MECHANICAL,0.00,0.00,0.00,,,,,ADMIXTURE MECHANICAL,
Chloride Cl,BUILDING MATERIALS - CHEMICAL,Aggregate - Coarse (Chemical),0.00,0.00,BS EN 1744-1: 2012,FALSE,CHEMICAL,0.15,1.00,0.00,% by mass,NABL,"lerm.parameter.master.table,775",,COARSE AGGREGATE,
Sulphate as SO3,BUILDING MATERIALS - CHEMICAL,Aggregate - Coarse (Chemical),0.00,0.00,BS:EN 1744-1 : 2009,FALSE,CHEMICAL,0.17,1.00,0.00,% by mass,NABL,"lerm.parameter.master.table,776",,COARSE AGGREGATE,
Alkali Aggregate Reactivity - Reduction in Alkalinity,BUILDING MATERIALS - CHEMICAL,Aggregate - Coarse (Chemical),1.00,0.00,IS 2386 (Part 7): 1963,FALSE,CHEMICAL,0.01,700.00,0.00,% by mass,NABL,"lerm.parameter.master.table,777",,COARSE AGGREGATE,
Alkali Aggregate Reactivity - Dissolved Silica,BUILDING MATERIALS - CHEMICAL,Aggregate - Coarse (Chemical),1.00,0.00,IS2386 (Part 7): 1963,FALSE,CHEMICAL,0.04,"2,500.00",0.00,% by mass,NABL,"lerm.parameter.master.table,778",,COARSE AGGREGATE,
pH at 25°C,BUILDING MATERIALS - CHEMICAL,Aggregate - Coarse (Chemical),1.00,0.00,KES/SOP/CHEM/039: 2018,FALSE,CHEMICAL,0.00,14.00,0.00,,NABL,"lerm.parameter.master.table,779",,COARSE AGGREGATE,
Alkali Content Na2O,BUILDING MATERIALS - CHEMICAL,Aggregate - Coarse (Chemical),0.00,0.00,--,FALSE,CHEMICAL,0.00,0.00,0.00,,Non NABL,"lerm.parameter.master.table,780",Wt of sample,COARSE AGGREGATE,
Alkali Content K2O,BUILDING MATERIALS - CHEMICAL,Aggregate - Coarse (Chemical),0.00,0.00,--,FALSE,CHEMICAL,0.00,0.00,0.00,,Non NABL,"lerm.parameter.master.table,781",Wt of Sample,COARSE AGGREGATE,
Nature of Aggregate,BUILDING MATERIALS - CHEMICAL,Aggregate - Coarse (Chemical),0.00,0.00,,FALSE,CHEMICAL,0.00,0.00,0.00,,NABL,"lerm.parameter.master.table,782",Nature of Aggregate,COARSE AGGREGATE,
Total Alkali Content as Na2O Equivalent,BUILDING MATERIALS - CHEMICAL,Aggregate - Coarse (Chemical),0.00,0.00,,FALSE,CHEMICAL,0.00,0.00,0.00,,,"lerm.parameter.master.table,783",Na2O,COARSE AGGREGATE,
Deleterious Content - Clay Lumps,BUILDING INFRASTRUCTURE AND CONSTRUCTION MATERIAL,Aggregate - Coarse (Mechanical),0.01,0.00,IS 2386 (Part-2) :1963 RA 2021,FALSE,MECHANICAL,0.00,20.00,0.00,%,NABL,"lerm.parameter.master.table,667",,COARSE  AGGREGATE- MECHANICAL,
Deleterious Material - Lightweight Pieces (Coal & Lignite),BUILDING INFRASTRUCTURE AND CONSTRUCTION MATERIAL,Aggregate - Coarse (Mechanical),0.01,0.00,IS 2386 (Part-2) :1963 RA 2021,FALSE,MECHANICAL,0.00,20.00,0.00,%,NABL,"lerm.parameter.master.table,3053",,COARSE  AGGREGATE- MECHANICAL,
Soundness - MgSO4,BUILDING INFRASTRUCTURE AND CONSTRUCTION MATERIAL,Aggregate - Coarse (Mechanical),0.01,0.00,IS 2386 (Part-5) :1963 RA 2021,FALSE,MECHANICAL,0.01,20.00,0.00,%,NABL,"lerm.parameter.master.table,3054",,COARSE  AGGREGATE- MECHANICAL,
Los Angeles Abrasion Value,BUILDING INFRASTRUCTURE AND CONSTRUCTION MATERIAL,Aggregate - Coarse (Mechanical),5.00,0.00,IS 2386 (Part-4) :1963 RA 2021,FALSE,MECHANICAL,0.02,50.00,0.00,%,NABL,"lerm.parameter.master.table,3055",,COARSE  AGGREGATE- MECHANICAL,
"All-in-Aggregate Grading (Size,80 mm,40 mm,20 mm,4.75 mm,600 µm,150 µm )",BUILDING INFRASTRUCTURE AND CONSTRUCTION MATERIAL,Aggregate - Coarse (Mechanical),0.08,0.00,IS 2386 (Part-1) :1963 RA 2021,FALSE,MECHANICAL,0.03,100.00,0.00,%,NABL,"lerm.parameter.master.table,3056",,COARSE  AGGREGATE- MECHANICAL,
Loose Bulk Density (LBD),BUILDING INFRASTRUCTURE AND CONSTRUCTION MATERIAL,Aggregate - Coarse (Mechanical),1.20,0.00,IS 2386 (Part-3) :1963 RA 2021,FALSE,MECHANICAL,0.00,3.00,0.00,Kg/l,NABL,"lerm.parameter.master.table,3057",,COARSE  AGGREGATE- MECHANICAL,
Crushing Value,BUILDING INFRASTRUCTURE AND CONSTRUCTION MATERIAL,Aggregate - Coarse (Mechanical),1.00,0.00,IS 2386 (Part-4) :1963 RA 2021,FALSE,MECHANICAL,0.02,60.00,0.00,%,NABL,"lerm.parameter.master.table,3058",,COARSE  AGGREGATE- MECHANICAL,
Deleterious content (Material finer than 75 micron),BUILDING INFRASTRUCTURE AND CONSTRUCTION MATERIAL,Aggregate - Coarse (Mechanical),0.01,0.00,IS 2386 (Part-1) :1963 RA 2021,FALSE,MECHANICAL,0.00,35.00,0.00,%,NABL,"lerm.parameter.master.table,3059",,COARSE  AGGREGATE- MECHANICAL,
Elongation Index,BUILDING INFRASTRUCTURE AND CONSTRUCTION MATERIAL,Aggregate - Coarse (Mechanical),5.00,0.00,IS 2386 (Part-1) :1963 RA 2021,FALSE,MECHANICAL,0.02,50.00,0.00,%,NABL,"lerm.parameter.master.table,3060",,COARSE  AGGREGATE- MECHANICAL,
Flakiness Index,BUILDING INFRASTRUCTURE AND CONSTRUCTION MATERIAL,Aggregate - Coarse (Mechanical),5.00,0.00,IS 2386 (Part-1) :1963 RA 2021,FALSE,MECHANICAL,0.02,50.00,0.00,%,NABL,"lerm.parameter.master.table,3061",,COARSE  AGGREGATE- MECHANICAL,
Impact value,BUILDING INFRASTRUCTURE AND CONSTRUCTION MATERIAL,Aggregate - Coarse (Mechanical),5.00,0.00,IS 2386 (Part-4) :1963 RA 2021,FALSE,MECHANICAL,0.02,50.00,0.00,%,NABL,"lerm.parameter.master.table,3062",,COARSE  AGGREGATE- MECHANICAL,
"Sieve Analysis (size 63mm, 40mm, 20mm, 16mm, 12.5mm, 10mm, 4.75mm, 2.36mm)",BUILDING INFRASTRUCTURE AND CONSTRUCTION MATERIAL,Aggregate - Coarse (Mechanical),0.10,0.00,,FALSE,MECHANICAL,0.03,100.00,0.00,%,NABL,"lerm.parameter.master.table,3063",False,COARSE  AGGREGATE- MECHANICAL,
Soundness - Na2SO4,BUILDING INFRASTRUCTURE AND CONSTRUCTION MATERIAL,Aggregate - Coarse (Mechanical),0.01,0.00,IS 2386 (Part-5) :1963 RA 2021,FALSE,MECHANICAL,0.01,20.00,0.00,%,NABL,"lerm.parameter.master.table,3064",,COARSE  AGGREGATE- MECHANICAL,
Water Absorption,BUILDING INFRASTRUCTURE AND CONSTRUCTION MATERIAL,Aggregate - Coarse (Mechanical),0.10,0.00,IS 2386 (Part-3) :1963 RA 2021,FALSE,MECHANICAL,0.00,15.00,0.00,%,NABL,"lerm.parameter.master.table,3065",,COARSE  AGGREGATE- MECHANICAL,
10 % Fine Value,BUILDING INFRASTRUCTURE AND CONSTRUCTION MATERIAL,Aggregate - Coarse (Mechanical),20.00,0.00,IS 2386 (Part-4) :1963 RA 2021,FALSE,MECHANICAL,0.12,500.00,0.00,KN,NABL,"lerm.parameter.master.table,3066",,COARSE  AGGREGATE- MECHANICAL,
Specific Gravity,BUILDING INFRASTRUCTURE AND CONSTRUCTION MATERIAL,Aggregate - Coarse (Mechanical),2.20,0.00,IS 2386 (Part-3) :1963 RA 2021,FALSE,MECHANICAL,0.01,3.30,0.00,--,NABL,"lerm.parameter.master.table,3067",,COARSE  AGGREGATE- MECHANICAL,
Rodded Bulk Density (RBD),BUILDING INFRASTRUCTURE AND CONSTRUCTION MATERIAL,Aggregate - Coarse (Mechanical),1.20,0.00,IS 2386 (Part-3) :1963 RA 2021,FALSE,MECHANICAL,0.00,3.00,0.00,Kg/l,NABL,"lerm.parameter.master.table,3068",,COARSE  AGGREGATE- MECHANICAL,
Angularity Number,BUILDING INFRASTRUCTURE AND CONSTRUCTION MATERIAL,Aggregate - Coarse (Mechanical),1.00,0.00,IS 2386 (Part-1) :1963 RA 2021,FALSE,MECHANICAL,0.02,15.00,0.00,%,NABL,"lerm.parameter.master.table,3069",,COARSE  AGGREGATE- MECHANICAL,
Moisture Content,BUILDING INFRASTRUCTURE AND CONSTRUCTION MATERIAL,Aggregate - Coarse (Mechanical),0.00,0.00,,FALSE,MECHANICAL,0.00,0.00,0.00,,,,,COARSE  AGGREGATE- MECHANICAL,
pH at 25 ͦ C,BUILDING MATERIALS - CHEMICAL,AGGREGATE COARSE- CHEMICAL,1.00,0.00,KES/SOP/CHEM/039: 2018,FALSE,CHEMICAL,0.00,14.00,0.00,--,NABL,"lerm.parameter.master.table,1274",PH,AGGREGATE COARSE- CHEMICAL,
Chloride,BUILDING MATERIALS - CHEMICAL,AGGREGATE COARSE- CHEMICAL,0.00,0.00,BS EN 1744-1: 2012,FALSE,CHEMICAL,0.15,"10,000.00",0.00,% by mass,NABL,"lerm.parameter.master.table,1104",,AGGREGATE COARSE- CHEMICAL,
Sulphate,BUILDING MATERIALS - CHEMICAL,AGGREGATE COARSE- CHEMICAL,0.00,0.00,BS EN 1744-1: 2012,FALSE,CHEMICAL,0.17,2.00,0.00,% by mass,NABL,"lerm.parameter.master.table,1105",,AGGREGATE COARSE- CHEMICAL,
Alkali Aggregate Reactivity - Reduction in Alkalinity,BUILDING MATERIALS - CHEMICAL,AGGREGATE COARSE- CHEMICAL,1.00,0.00,IS 2386 (Part 7): 1963,FALSE,CHEMICAL,0.01,700.00,0.00,millimoles/litre,NABL,"lerm.parameter.master.table,1271",,AGGREGATE COARSE- CHEMICAL,
Alkali Aggregate Reactivity-Dissolved Silica,BUILDING MATERIALS - CHEMICAL,AGGREGATE COARSE- CHEMICAL,1.00,0.00,IS2386 (Part 7): 1963,FALSE,CHEMICAL,0.04,"2,500.00",0.00,millimoles/litre,NABL,"lerm.parameter.master.table,1272",,AGGREGATE COARSE- CHEMICAL,
Na2O,BUILDING MATERIALS - CHEMICAL,AGGREGATE COARSE- CHEMICAL,0.01,0.00,IS 4032:1985,FALSE,CHEMICAL,0.00,2.00,0.00,% by mass,NABL,"lerm.parameter.master.table,2950",,AGGREGATE COARSE- CHEMICAL,
K2O,BUILDING MATERIALS - CHEMICAL,AGGREGATE COARSE- CHEMICAL,0.00,0.00,IS 4032:1985,FALSE,CHEMICAL,0.00,2.00,0.00,% by mass,NABL,"lerm.parameter.master.table,2951",,AGGREGATE COARSE- CHEMICAL,
Total alkali content as Na2O,BUILDING MATERIALS - CHEMICAL,AGGREGATE COARSE- CHEMICAL,0.01,0.00,IS 4032:1985,FALSE,CHEMICAL,0.00,2.00,0.00,% by mass,NABL,"lerm.parameter.master.table,2952",,AGGREGATE COARSE- CHEMICAL,
Nature of Aggregates,BUILDING MATERIALS - CHEMICAL,AGGREGATE COARSE- CHEMICAL,0.00,0.00,,FALSE,CHEMICAL,0.00,0.00,0.00,--,NABL,"lerm.parameter.master.table,3312",,AGGREGATE COARSE- CHEMICAL,
Dry Loose Bulk Density,BUILDING INFRASTRUCTURE AND CONSTRUCTION MATERIAL,ALCOFINE,0.00,0.00,,FALSE,MECHANICAL,0.00,0.00,0.00,,Non NABL,,,Alcofine,
Specific Gravity,BUILDING INFRASTRUCTURE AND CONSTRUCTION MATERIAL,ALCOFINE,0.00,0.00,,FALSE,MECHANICAL,0.00,0.00,0.00,,Non NABL,,,Alcofine,
Carbon,METALS & ALLOYS,AUSTENITIC & FERRITIC STAINLESS STEEL CHEMICAL,0.00,0.00,IS 9879: 1998,FALSE,CHEMICAL,0.00,0.00,0.00,,,,,AUSTENITIC & FERRITIC STAINLESS STEEL,
Carbon,METALS & ALLOYS,AUSTENITIC & FERRITIC STAINLESS STEEL CHEMICAL,0.01,0.00,ASTM E1086-22,FALSE,CHEMICAL,0.00,0.25,0.00,% by mass,NABL,"lerm.parameter.master.table,4250",Carbon,AUSTENITIC & FERRITIC STAINLESS STEEL,
Manganese,METALS & ALLOYS,AUSTENITIC & FERRITIC STAINLESS STEEL CHEMICAL,0.01,0.00,ASTM E1086-22,FALSE,CHEMICAL,0.00,2.00,0.00,% by mass,NABL,"lerm.parameter.master.table,4257",Manganese,AUSTENITIC & FERRITIC STAINLESS STEEL,
Manganese,METALS & ALLOYS,AUSTENITIC & FERRITIC STAINLESS STEEL CHEMICAL,0.00,0.00,IS 9879: 1998,FALSE,CHEMICAL,0.00,0.00,0.00,,,,,AUSTENITIC & FERRITIC STAINLESS STEEL,
Silicon,METALS & ALLOYS,AUSTENITIC & FERRITIC STAINLESS STEEL CHEMICAL,0.02,0.00,ASTM E1086-22,FALSE,CHEMICAL,0.00,0.90,0.00,% by mass,NABL,"lerm.parameter.master.table,4264",Silicon,AUSTENITIC & FERRITIC STAINLESS STEEL,
Silicon,METALS & ALLOYS,AUSTENITIC & FERRITIC STAINLESS STEEL CHEMICAL,0.00,0.00,IS 9879: 1998,FALSE,CHEMICAL,0.00,0.00,0.00,,,,,AUSTENITIC & FERRITIC STAINLESS STEEL,
Sulphur,METALS & ALLOYS,AUSTENITIC & FERRITIC STAINLESS STEEL CHEMICAL,0.00,0.00,ASTM E1086-22,FALSE,CHEMICAL,0.00,0.07,0.00,% by mass,NABL,"lerm.parameter.master.table,4271",Sulphur,AUSTENITIC & FERRITIC STAINLESS STEEL,
Sulphur,METALS & ALLOYS,AUSTENITIC & FERRITIC STAINLESS STEEL CHEMICAL,0.00,0.00,IS 9879: 1998,FALSE,CHEMICAL,0.00,0.00,0.00,,,,,AUSTENITIC & FERRITIC STAINLESS STEEL,
Phosphorous,METALS & ALLOYS,AUSTENITIC & FERRITIC STAINLESS STEEL CHEMICAL,0.01,0.00,ASTM E1086-22,FALSE,CHEMICAL,0.00,0.10,0.00,% by mass,NABL,"lerm.parameter.master.table,4278",Phosphorous,AUSTENITIC & FERRITIC STAINLESS STEEL,
Phosphorous,METALS & ALLOYS,AUSTENITIC & FERRITIC STAINLESS STEEL CHEMICAL,0.00,0.00,IS 9879: 1998,FALSE,CHEMICAL,0.00,0.00,0.00,,,,,AUSTENITIC & FERRITIC STAINLESS STEEL,
Chromium,METALS & ALLOYS,AUSTENITIC & FERRITIC STAINLESS STEEL CHEMICAL,16.00,0.00,ASTM E1086-22,FALSE,CHEMICAL,0.00,23.00,0.00,% by mass,NABL,"lerm.parameter.master.table,4697",Chromium,AUSTENITIC & FERRITIC STAINLESS STEEL,
Chromium,METALS & ALLOYS,AUSTENITIC & FERRITIC STAINLESS STEEL CHEMICAL,0.00,0.00,IS 9879: 1998,FALSE,CHEMICAL,0.00,0.00,0.00,% by mass,NABL,"lerm.parameter.master.table,4698",Chromium,AUSTENITIC & FERRITIC STAINLESS STEEL,
Chromium,METALS & ALLOYS,AUSTENITIC & FERRITIC STAINLESS STEEL CHEMICAL,5.00,0.00,JIS G-1253-2002,FALSE,CHEMICAL,0.00,26.00,0.00,% by mass,NABL,"lerm.parameter.master.table,4285",Chromium,AUSTENITIC & FERRITIC STAINLESS STEEL,
Nickel,METALS & ALLOYS,AUSTENITIC & FERRITIC STAINLESS STEEL CHEMICAL,7.50,0.00,ASTM E1086-22,FALSE,CHEMICAL,0.00,13.00,0.00,% by mass,NABL,"lerm.parameter.master.table,4292",Nickel,AUSTENITIC & FERRITIC STAINLESS STEEL,
Nickel,METALS & ALLOYS,AUSTENITIC & FERRITIC STAINLESS STEEL CHEMICAL,0.00,0.00,IS 9879: 1998,FALSE,CHEMICAL,0.00,0.00,0.00,% by mass,NABL,"lerm.parameter.master.table,4699",Nickel,AUSTENITIC & FERRITIC STAINLESS STEEL,
Nickel,METALS & ALLOYS,AUSTENITIC & FERRITIC STAINLESS STEEL CHEMICAL,0.05,0.00,JIS G-1253-2002,FALSE,CHEMICAL,0.00,22.00,0.00,% by mass,NABL,"lerm.parameter.master.table,4299",Nickel,AUSTENITIC & FERRITIC STAINLESS STEEL,
Molybdenum,METALS & ALLOYS,AUSTENITIC & FERRITIC STAINLESS STEEL CHEMICAL,0.01,0.00,ASTM E1086-22,FALSE,CHEMICAL,0.00,3.00,0.00,% by mass,NABL,"lerm.parameter.master.table,4306",Molybdenum,AUSTENITIC & FERRITIC STAINLESS STEEL,
Molybdenum,METALS & ALLOYS,AUSTENITIC & FERRITIC STAINLESS STEEL CHEMICAL,0.00,0.00,IS 9879: 1998,FALSE,CHEMICAL,0.00,0.00,0.00,,,,,AUSTENITIC & FERRITIC STAINLESS STEEL,
Copper,METALS & ALLOYS,AUSTENITIC & FERRITIC STAINLESS STEEL CHEMICAL,0.00,0.00,ASTM E1086-22,FALSE,CHEMICAL,0.00,0.00,0.00,% by mass,NABL,"lerm.parameter.master.table,4695",Copper,AUSTENITIC & FERRITIC STAINLESS STEEL,
Copper,METALS & ALLOYS,AUSTENITIC & FERRITIC STAINLESS STEEL CHEMICAL,0.05,0.00,IS 9879: 1998,FALSE,CHEMICAL,0.00,0.50,0.00,% by mass,NABL,"lerm.parameter.master.table,4694",Copper,AUSTENITIC & FERRITIC STAINLESS STEEL,
Titanium,METALS & ALLOYS,AUSTENITIC & FERRITIC STAINLESS STEEL CHEMICAL,0.00,0.00,JIS G-1253-2002,FALSE,CHEMICAL,0.00,0.00,0.00,% by mass,NABL,"lerm.parameter.master.table,4696",Titanium,AUSTENITIC & FERRITIC STAINLESS STEEL,
Nitrogen,METALS & ALLOYS,AUSTENITIC & FERRITIC STAINLESS STEEL CHEMICAL,0.00,0.00,JIS G-1253-2002,FALSE,CHEMICAL,0.00,0.15,0.00,% by mass,NABL,"lerm.parameter.master.table,4345",Nirogen,AUSTENITIC & FERRITIC STAINLESS STEEL,
Nirogen,METALS & ALLOYS,AUSTENITIC & FERRITIC STAINLESS STEEL CHEMICAL,0.00,0.00,KES/SOP/CHEM/063,FALSE,CHEMICAL,0.00,0.00,0.00,,,,,AUSTENITIC & FERRITIC STAINLESS STEEL,
Mass of Zinc Coating,METALS & ALLOYS,Binding Wire - Mass of Zinc Coating,0.00,0.00,,FALSE,CHEMICAL,0.00,0.00,0.00,,,"lerm.parameter.master.table,668",Weight of sample before Stripping,ZINC COATED STEEL,
Adhesion Test,METALS & ALLOYS,Binding Wire - Mass of Zinc Coating,0.00,0.00,,FALSE,CHEMICAL,0.00,0.00,0.00,,,"lerm.parameter.master.table,670",Remove  a portion of Coating on Test Speciman,ZINC COATED STEEL,
Uniformity of Zinc Coated material,METALS & ALLOYS,Binding Wire - Mass of Zinc Coating,0.00,0.00,,FALSE,CHEMICAL,0.00,0.00,0.00,,,"lerm.parameter.master.table,671",Deposited  Cu  on Test Speciman,ZINC COATED STEEL,
Carbon,METALS & ALLOYS,Binding Wire (Chemical),0.00,0.00,IS 228 (Part 1):1987,FALSE,CHEMICAL,0.00,"9,999.00",0.00,% by mass,,"lerm.parameter.master.table,804",Wt of Sample taken (gm),GI WIRE,
Manganese,METALS & ALLOYS,Binding Wire (Chemical),0.00,0.00,IS 228 (Part 2):1987,FALSE,CHEMICAL,0.00,"9,999.00",0.00,% by mass,,"lerm.parameter.master.table,829",Wt of Sample taken  gm,GI WIRE,
Alkalis as  Na2O (depend),BUILDING MATERIALS - CHEMICAL,,0.01,0.00,--,FALSE,CHEMICAL,0.03,5.00,0.00,% by mass,NABL,"lerm.parameter.master.table,2077",Weight of sample taken,,
Phosphorous,METALS & ALLOYS,Binding Wire (Chemical),0.00,0.00,IS 228 (Part 1):1987,FALSE,CHEMICAL,0.00,0.00,0.00,% by mass,NABL,"lerm.parameter.master.table,844",Wt of Sample taken (gm),GI WIRE,
Alkalis as K2O (depend),BUILDING MATERIALS - CHEMICAL,,0.01,0.00,--,FALSE,CHEMICAL,0.03,5.00,0.00,% by mass,NABL,"lerm.parameter.master.table,2078",Weight of sample taken,,
Sulphur,METALS & ALLOYS,Binding Wire (Chemical),0.00,0.00,IS 228 (Part 9)1989,FALSE,CHEMICAL,0.00,999.00,0.00,% by mass,,"lerm.parameter.master.table,859","volume, in ml, of potassium iodate  added",GI WIRE,
pH,BUILDING MATERIALS - CHEMICAL,Bipolar Test,1.00,0.00,RDSO SPECIFICATION NO. M&C/PCN/126/2020: 2020,FALSE,CHEMICAL,0.00,14.00,0.00,--,NABL,"lerm.parameter.master.table,537",PH,BIPOLAR CONCRETE PENETRATING CORROSION INHIBITING ADMIXTURE,
Odour,BUILDING MATERIALS - CHEMICAL,Bipolar Test,0.00,0.00,RDSO SPECIFICATION NO. M&C/PCN/126/2020: 2020,FALSE,CHEMICAL,0.00,0.00,0.00,--,NABL,"lerm.parameter.master.table,539",Odour,BIPOLAR CONCRETE PENETRATING CORROSION INHIBITING ADMIXTURE,
Skin Irritation,BUILDING MATERIALS - CHEMICAL,Bipolar Test,0.00,0.00,RDSO SPECIFICATION NO. M&C/PCN/126/2020: 2020,FALSE,CHEMICAL,0.00,0.00,0.00,--,NABL,"lerm.parameter.master.table,540",Skin Irritation,BIPOLAR CONCRETE PENETRATING CORROSION INHIBITING ADMIXTURE,
Speciﬁc Gravity at 27 ± 2ºC,BUILDING MATERIALS - CHEMICAL,Bipolar Test,0.90,0.00,IS 1448 Part 16: 1990,FALSE,CHEMICAL,0.00,1.50,0.00,--,NABL,"lerm.parameter.master.table,541",Speciﬁc Gravity,BIPOLAR CONCRETE PENETRATING CORROSION INHIBITING ADMIXTURE,
Viscosity by Ford Cup by Ford cup No 4 at 27 ±  2 °C,BUILDING MATERIALS - CHEMICAL,Bipolar Test,5.00,0.00,IS 101 Part 1/Sec 5: 1989,FALSE,CHEMICAL,0.03,50.00,0.00,sec,NABL,"lerm.parameter.master.table,542",Viscosity,BIPOLAR CONCRETE PENETRATING CORROSION INHIBITING ADMIXTURE,
Appearance,BUILDING MATERIALS - CHEMICAL,Bipolar Test,0.00,0.00,RDSO SPECIFICATION NO. M&C/PCN/126/2020: 2020,FALSE,CHEMICAL,0.00,0.00,0.00,--,NABL,"lerm.parameter.master.table,548",Appearance,BIPOLAR CONCRETE PENETRATING CORROSION INHIBITING ADMIXTURE,
Raw Water Without CPCIA,BUILDING MATERIALS - CHEMICAL,Bipolar Test,0.00,0.00,APPENDIX-I,FALSE,CHEMICAL,0.00,0.00,0.00,--,NABL,"lerm.parameter.master.table,550",Raw Water Without CPCIA,BIPOLAR CONCRETE PENETRATING CORROSION INHIBITING ADMIXTURE,
Raw Water With CPCIA,BUILDING MATERIALS - CHEMICAL,Bipolar Test,0.00,0.00,APPENDIX-I,FALSE,CHEMICAL,0.00,0.00,0.00,--,NABL,"lerm.parameter.master.table,562",Raw Water With CPCIA,BIPOLAR CONCRETE PENETRATING CORROSION INHIBITING ADMIXTURE,
"Softening Point,%",BITUMEN AND TAR,BITUMEN,0.00,0.00,,FALSE,MECHANICAL,0.00,0.00,0.00,°C,Non NABL,"lerm.parameter.master.table,797",,BITUMEN,
Penetration,BITUMEN AND TAR,BITUMEN,0.00,0.00,,FALSE,MECHANICAL,0.00,0.00,0.00,mm,Non NABL,"lerm.parameter.master.table,798",,BITUMEN,
Specific Gravity,BITUMEN AND TAR,BITUMEN,0.00,0.00,,FALSE,MECHANICAL,0.00,0.00,0.00,,Non NABL,"lerm.parameter.master.table,799",,BITUMEN,
Ductility,BITUMEN AND TAR,BITUMEN,0.00,0.00,,FALSE,MECHANICAL,0.00,0.00,0.00,cm,Non NABL,"lerm.parameter.master.table,800",,BITUMEN,
Flash and Fire Point,BITUMEN AND TAR,BITUMEN,0.00,0.00,,FALSE,MECHANICAL,0.00,0.00,0.00,°C,Non NABL,"lerm.parameter.master.table,801",,BITUMEN,
Carbon,METALS & ALLOYS,BOLT,0.05,0.00,IS 228 Part 1: 1987,FALSE,CHEMICAL,0.05,2.50,0.00,% by mass,NABL,"lerm.parameter.master.table,3255",Wt of Sample taken (gm),BOLT,
Sulphur,METALS & ALLOYS,BOLT,0.01,0.00,IS 228 Part 9: 1989,FALSE,CHEMICAL,0.03,0.25,0.00,% by mass,NABL,"lerm.parameter.master.table,3238","volume, in ml, of potassium iodate  added",BOLT,
Phosphorous,METALS & ALLOYS,BOLT,0.01,0.00,IS 228 Part 3: 1987,FALSE,CHEMICAL,0.04,0.12,0.00,% by mass,NABL,"lerm.parameter.master.table,3239",Wt of Sample taken (gm),BOLT,
Chromium,METALS & ALLOYS,BOLT,0.01,0.00,IS 228 Part 6: 1987,FALSE,CHEMICAL,0.02,2.00,0.00,% by mass,NABL,"lerm.parameter.master.table,3245",Wt of Sample taken (gm),BOLT,
Manganese,METALS & ALLOYS,BOLT,0.10,0.00,IS 228 Part 2: 1987,FALSE,CHEMICAL,0.02,2.00,0.00,% by mass,NABL,"lerm.parameter.master.table,3246",Wt of Sample taken  gm,BOLT,
Molybdenum,METALS & ALLOYS,BOLT,0.01,0.00,IS 228 Part 7: 1990,FALSE,CHEMICAL,0.03,2.00,0.00,% by mass,NABL,,Wt of Sample taken (gm),BOLT,
Nickel,METALS & ALLOYS,BOLT,0.01,0.00,IS 228 Part 5: 1987,FALSE,CHEMICAL,0.02,2.00,0.00,% by mass,NABL,,"Wt of Sample taken, gm",BOLT,
Silicon,METALS & ALLOYS,BOLT,0.05,0.00,IS 228 Part 8: 1989,FALSE,CHEMICAL,0.02,5.00,0.00,% by mass,NABL,"lerm.parameter.master.table,3258","A) Wt of Sample taken, gm",BOLT,
Sulphur & Phosphorus,METALS & ALLOYS,BOLT,0.00,0.00,,FALSE,CHEMICAL,0.00,0.00,0.00,% by mass,NABL,"lerm.parameter.master.table,3270",Phosphorous,BOLT,
Carbon Equivalent (CE),METALS & ALLOYS,BOLT,0.00,0.00,,FALSE,CHEMICAL,0.00,0.00,0.00,% by mass,NABL,,Carbon,BOLT,
Compressive Strength,BUILDING INFRASTRUCTURE AND CONSTRUCTION MATERIAL,Bricks,2.00,0.00,IS-3495 (Part-1) : 2019,FALSE,MECHANICAL,0.01,25.00,0.00,N/mm2,Non NABL,"lerm.parameter.master.table,3078",,BRICK - FLYASH,
Water Absorption,BUILDING INFRASTRUCTURE AND CONSTRUCTION MATERIAL,Bricks,5.00,0.00,IS-3495 (Part-2) : 2019,FALSE,MECHANICAL,0.01,30.00,0.00,%,NABL,"lerm.parameter.master.table,3079",,BRICK - FLYASH,
Efflorence,BUILDING INFRASTRUCTURE AND CONSTRUCTION MATERIAL,Bricks,0.00,0.00,IS-3495 (Part-3) : 2019,FALSE,MECHANICAL,0.00,0.00,0.00,,NABL,"lerm.parameter.master.table,3080",,BRICK - FLYASH,
Dimension- Length,BUILDING INFRASTRUCTURE AND CONSTRUCTION MATERIAL,Bricks,10.00,0.00,IS 16720-2018,FALSE,MECHANICAL,0.00,"2,500.00",0.00,mm,NABL,"lerm.parameter.master.table,3081",,BRICK - FLYASH,
Compressive Strength,BUILDING INFRASTRUCTURE AND CONSTRUCTION MATERIAL,Bricks (Burnt Clay),2.00,0.00,,FALSE,MECHANICAL,0.03,25.00,0.00,N/mm2,,"lerm.parameter.master.table,3159",,BRICK -BURNT CLAY,
Water Absortion,BUILDING INFRASTRUCTURE AND CONSTRUCTION MATERIAL,Bricks (Burnt Clay),5.00,0.00,,FALSE,MECHANICAL,0.04,30.00,0.00,%,,"lerm.parameter.master.table,3160",,BRICK -BURNT CLAY,
Efflorence,BUILDING INFRASTRUCTURE AND CONSTRUCTION MATERIAL,Bricks (Burnt Clay),0.00,0.00,,FALSE,MECHANICAL,0.00,0.00,0.00,,,"lerm.parameter.master.table,3161",,BRICK -BURNT CLAY,
Dimension,BUILDING INFRASTRUCTURE AND CONSTRUCTION MATERIAL,Bricks (Burnt Clay),"1,200.00",0.00,,FALSE,MECHANICAL,0.00,"5,000.00",0.00,mm,,"lerm.parameter.master.table,3162",,BRICK -BURNT CLAY,
DOOR SHUTTER,BUILDING MATERIALS - CHEMICAL,Buckling Test ( wooden door shutter),0.00,0.00,,FALSE,MECHANICAL,0.00,0.00,0.00,,,,False,wooden door shutter,
Carbon,METALS & ALLOYS,Carbon steel bar,0.02,0.00,,FALSE,CHEMICAL,0.00,1.10,0.00,% by mass,NABL,"lerm.parameter.master.table,4718",Carbon,Carbon steel bar,
Manganese,METALS & ALLOYS,Carbon steel bar,0.02,0.00,,FALSE,CHEMICAL,0.00,2.00,0.00,% by mass,NABL,"lerm.parameter.master.table,4719",Manganese,Carbon steel bar,
Sulphur,METALS & ALLOYS,Carbon steel bar,0.00,0.00,,FALSE,CHEMICAL,0.00,0.00,0.00,% by mass,NABL,"lerm.parameter.master.table,4720",Sulphur,Carbon steel bar,
phosphorous,METALS & ALLOYS,Carbon steel bar,0.01,0.00,,FALSE,CHEMICAL,0.00,0.09,0.00,% by mass,NABL,"lerm.parameter.master.table,4721",phosphorous,Carbon steel bar,
Chloride,BUILDING MATERIALS - CHEMICAL,Cebex 100,0.00,0.00,IS 4032:1985,FALSE,CHEMICAL,0.00,2.00,0.00,% by mass,,"lerm.parameter.master.table,3104",Wt of Sample,Cebex 100,
Sulphate as so3,BUILDING MATERIALS - CHEMICAL,Cebex 100,0.00,0.00,IS 4032: 1985,FALSE,CHEMICAL,0.00,0.00,0.00,% by mass,Non NABL,"lerm.parameter.master.table,3105",Wt of Sample,Cebex 100,
Flatness,BUILDING INFRASTRUCTURE AND CONSTRUCTION MATERIAL,Cement Concrete flooring tiles,0.01,0.00,,FALSE,MECHANICAL,0.00,2.00,0.00,mm,NABL,"lerm.parameter.master.table,3222",,Cement Concrete flooring tiles,
Perpendicularity,BUILDING INFRASTRUCTURE AND CONSTRUCTION MATERIAL,Cement Concrete flooring tiles,0.01,0.00,,FALSE,MECHANICAL,0.00,3.00,0.00,%,NABL,"lerm.parameter.master.table,3223",,Cement Concrete flooring tiles,
Straightness,BUILDING INFRASTRUCTURE AND CONSTRUCTION MATERIAL,Cement Concrete flooring tiles,0.01,0.00,,FALSE,MECHANICAL,0.00,2.00,0.00,%,NABL,"lerm.parameter.master.table,3224",,Cement Concrete flooring tiles,
Water Absorption,BUILDING INFRASTRUCTURE AND CONSTRUCTION MATERIAL,Cement Concrete flooring tiles,0.10,0.00,,FALSE,MECHANICAL,0.00,15.00,0.00,%,NABL,"lerm.parameter.master.table,3225",,Cement Concrete flooring tiles,
Wet Transverse Strength,BUILDING INFRASTRUCTURE AND CONSTRUCTION MATERIAL,Cement Concrete flooring tiles,0.00,0.00,,FALSE,MECHANICAL,0.00,10.00,0.00,N/mm2,NABL,"lerm.parameter.master.table,3226",,Cement Concrete flooring tiles,
"Flatness, Perpendicularity and Straightness (IS 1237-2012 ANNEX B,C and D)",BUILDING INFRASTRUCTURE AND CONSTRUCTION MATERIAL,Cement Concrete flooring tiles,0.00,0.00,,FALSE,MECHANICAL,0.00,"1,000,000.00",0.00,,,"lerm.parameter.master.table,3611",,Cement Concrete flooring tiles,
RESISTANCE TO WEAR,BUILDING INFRASTRUCTURE AND CONSTRUCTION MATERIAL,Cement Concrete flooring tiles,0.00,0.00,,FALSE,MECHANICAL,0.00,0.00,0.00,,,,,Cement Concrete flooring tiles,
Fineness by Blaine Air Permeability Method,BUILDING INFRASTRUCTURE AND CONSTRUCTION MATERIAL,CEMENT MECHANICAL OPC,100.00,0.00,IS 4031(Part-2)1999,FALSE,MECHANICAL,0.02,500.00,0.00,m2/kg,NABL,"lerm.parameter.master.table,796",,CEMENT MECHANICAL OPC,
Suspended Solids,CHEMICAL-WATER,,1.00,0.00,IS 3025(Part 17): 1984,FALSE,CHEMICAL,0.02,"2,000.00",0.00,,NABL,"lerm.parameter.master.table,170","Wt. of Empty petri dish + filter paper before drying at 105°C, gm",,
Density,BUILDING INFRASTRUCTURE AND CONSTRUCTION MATERIAL,CEMENT MECHANICAL OPC,1.10,0.00,IS 4031 (Part-11)1988,FALSE,MECHANICAL,0.01,4.00,0.00,gm/cc,NABL,"lerm.parameter.master.table,1047",,CEMENT MECHANICAL OPC,
Initial Setting Time,BUILDING INFRASTRUCTURE AND CONSTRUCTION MATERIAL,CEMENT MECHANICAL OPC,30.00,0.00,IS 4031(Part-5)1988,FALSE,MECHANICAL,0.02,300.00,0.00,Minute,NABL,"lerm.parameter.master.table,1050",,CEMENT MECHANICAL OPC,
Fineness by Dry Sieving,BUILDING INFRASTRUCTURE AND CONSTRUCTION MATERIAL,CEMENT MECHANICAL OPC,0.00,0.00,IS 4031 (Part-1)1996,FALSE,MECHANICAL,0.12,10.00,0.00,%,NABL,"lerm.parameter.master.table,1053",,CEMENT MECHANICAL OPC,
Normal Consistency,BUILDING INFRASTRUCTURE AND CONSTRUCTION MATERIAL,CEMENT MECHANICAL OPC,20.00,0.00,IS 4031 (Part-4)1988,FALSE,MECHANICAL,0.02,40.00,0.00,%,NABL,"lerm.parameter.master.table,1056",,CEMENT MECHANICAL OPC,
Soundness By Le-chatelier Method,BUILDING INFRASTRUCTURE AND CONSTRUCTION MATERIAL,CEMENT MECHANICAL OPC,0.00,0.00,IS 4031 (Part-3)1988,FALSE,MECHANICAL,0.21,10.00,0.00,mm,NABL,"lerm.parameter.master.table,1035",,CEMENT MECHANICAL OPC,
Compressive Strength 72 ± 1 Hr,BUILDING INFRASTRUCTURE AND CONSTRUCTION MATERIAL,CEMENT MECHANICAL OPC,0.00,0.00,IS 4031(Part-6):1988,FALSE,MECHANICAL,0.06,80.00,0.00,N/mm2,NABL,"lerm.parameter.master.table,1061",,CEMENT MECHANICAL OPC,
Compressive Strength 168 ± 2 Hr,BUILDING INFRASTRUCTURE AND CONSTRUCTION MATERIAL,CEMENT MECHANICAL OPC,0.00,0.00,IS 4031(Part-6)1988,FALSE,MECHANICAL,0.06,80.00,0.00,N/mm2,NABL,"lerm.parameter.master.table,1064",,CEMENT MECHANICAL OPC,
Compressive Strength 672 ± 4 Hr,BUILDING INFRASTRUCTURE AND CONSTRUCTION MATERIAL,CEMENT MECHANICAL OPC,0.00,0.00,IS 4031(Part-6)1988,FALSE,MECHANICAL,0.06,80.00,0.00,N/mm2,NABL,"lerm.parameter.master.table,1067",,CEMENT MECHANICAL OPC,
Soundness By Autoclave Method,BUILDING INFRASTRUCTURE AND CONSTRUCTION MATERIAL,CEMENT MECHANICAL OPC,0.00,0.00,IS 4031 (Part-3)1988,FALSE,MECHANICAL,0.00,5.00,0.00,%,NABL,"lerm.parameter.master.table,3271",,CEMENT MECHANICAL OPC,
Drying Shrinkage,BUILDING INFRASTRUCTURE AND CONSTRUCTION MATERIAL,Cement Mechanical PPC,0.00,0.00,,FALSE,MECHANICAL,0.00,0.00,0.00,,Non NABL,,,CEMENT MECHANICAL PPC,
Final Setting Time,BUILDING INFRASTRUCTURE AND CONSTRUCTION MATERIAL,Cement Mechanical PSC,30.00,0.00,IS 4031(Part-5)1988,FALSE,MECHANICAL,0.04,300.00,0.00,Minute,NABL,"lerm.parameter.master.table,1070",,CEMENT MECHANICAL PSC,
CERAMIC TILES,BUILDING INFRASTRUCTURE AND CONSTRUCTION MATERIAL,Ceramic,0.00,0.00,,FALSE,MECHANICAL,0.00,0.00,0.00,,,,,,
CHEQUERED TILES,BUILDING INFRASTRUCTURE AND CONSTRUCTION MATERIAL,CHEQUERED TILES,0.00,0.00,,FALSE,MECHANICAL,0.00,0.00,0.00,,,,,CHEQUERED TILES,
Flatness,BUILDING INFRASTRUCTURE AND CONSTRUCTION MATERIAL,CHEQUERED TILES,0.00,0.00,,FALSE,MECHANICAL,0.00,"100,000.00",0.00,,,"lerm.parameter.master.table,3199",,CHEQUERED TILES,
Perpendicularity,BUILDING INFRASTRUCTURE AND CONSTRUCTION MATERIAL,CHEQUERED TILES,0.00,0.00,,FALSE,MECHANICAL,0.00,"1,000,000.00",0.00,,,"lerm.parameter.master.table,3200",,CHEQUERED TILES,
Straightness,BUILDING INFRASTRUCTURE AND CONSTRUCTION MATERIAL,CHEQUERED TILES,0.00,0.00,,FALSE,MECHANICAL,0.00,"100,000.00",0.00,,,"lerm.parameter.master.table,3201",,CHEQUERED TILES,
Water Absorption,BUILDING INFRASTRUCTURE AND CONSTRUCTION MATERIAL,CHEQUERED TILES,0.00,0.00,,FALSE,MECHANICAL,0.00,"1,000,000.00",0.00,,,"lerm.parameter.master.table,3202",,CHEQUERED TILES,
Wet Transverse Tiles,BUILDING INFRASTRUCTURE AND CONSTRUCTION MATERIAL,CHEQUERED TILES,0.00,0.00,,FALSE,MECHANICAL,0.00,"1,000,000.00",0.00,,,"lerm.parameter.master.table,3203",,CHEQUERED TILES,
Chequered Tiles,BUILDING INFRASTRUCTURE AND CONSTRUCTION MATERIAL,CHEQUERED TILES,0.00,0.00,,FALSE,MECHANICAL,0.00,"100,000.00",0.00,,,,,CHEQUERED TILES,
Carbon,METALS & ALLOYS,COLD REDUCED LOW CARBON STEEL SHEET AND STRIP,0.05,0.00,IS 228 (Part 1): 1987,FALSE,CHEMICAL,0.05,2.50,0.00,% by mass,NABL,"lerm.parameter.master.table,2986",Wt of Sample taken (gm),COLD REDUCED LOW CARBON STEEL SHEET AND STRIP,
Mangnese,METALS & ALLOYS,COLD REDUCED LOW CARBON STEEL SHEET AND STRIP,0.10,0.00,IS 228 part 2 :1987,FALSE,CHEMICAL,0.02,2.00,0.00,% by mass,NABL,"lerm.parameter.master.table,2988",Wt of Sample taken  gm,COLD REDUCED LOW CARBON STEEL SHEET AND STRIP,
Sulphur,METALS & ALLOYS,COLD REDUCED LOW CARBON STEEL SHEET AND STRIP,0.01,0.00,IS 228 Part 9: 1989,FALSE,CHEMICAL,0.03,0.25,0.00,% by mass,NABL,"lerm.parameter.master.table,2989","volume, in ml, of potassium iodate  added",COLD REDUCED LOW CARBON STEEL SHEET AND STRIP,
Phosphorous,METALS & ALLOYS,COLD REDUCED LOW CARBON STEEL SHEET AND STRIP,0.01,0.00,IS 228 Part 3: 1987,FALSE,CHEMICAL,0.04,0.12,0.00,% by mass,NABL,"lerm.parameter.master.table,2990",Wt of Sample taken (gm),COLD REDUCED LOW CARBON STEEL SHEET AND STRIP,
Width,MECHANICAL PROPERTIES OF METALS,COLD REDUCED LOW CARBON STEEL SHEET AND STRIP,0.00,0.00,,FALSE,MECHANICAL,0.00,0.00,0.00,,,,,COLD REDUCED LOW CARBON STEEL SHEET AND STRIP,
Ultimate Tensile Strength,MECHANICAL PROPERTIES OF METALS,COLD REDUCED LOW CARBON STEEL SHEET AND STRIP,0.00,0.00,,FALSE,MECHANICAL,0.00,0.00,0.00,,,,,COLD REDUCED LOW CARBON STEEL SHEET AND STRIP,
% Elongation,MECHANICAL PROPERTIES OF METALS,COLD REDUCED LOW CARBON STEEL SHEET AND STRIP,0.00,0.00,,FALSE,MECHANICAL,0.00,0.00,0.00,,,,,COLD REDUCED LOW CARBON STEEL SHEET AND STRIP,
Fracture,MECHANICAL PROPERTIES OF METALS,COLD REDUCED LOW CARBON STEEL SHEET AND STRIP,0.00,0.00,,FALSE,MECHANICAL,0.00,0.00,0.00,,,,,COLD REDUCED LOW CARBON STEEL SHEET AND STRIP,
Bend Test,MECHANICAL PROPERTIES OF METALS,COLD REDUCED LOW CARBON STEEL SHEET AND STRIP,0.00,0.00,,FALSE,MECHANICAL,0.00,0.00,0.00,,,,,COLD REDUCED LOW CARBON STEEL SHEET AND STRIP,
0.2% Proof Stress / Yield Stress,MECHANICAL PROPERTIES OF METALS,COLD REDUCED LOW CARBON STEEL SHEET AND STRIP,0.00,0.00,,FALSE,MECHANICAL,0.00,0.00,0.00,,,,,COLD REDUCED LOW CARBON STEEL SHEET AND STRIP,
Thickness,MECHANICAL PROPERTIES OF METALS,COLD REDUCED LOW CARBON STEEL SHEET AND STRIP,0.00,0.00,,FALSE,MECHANICAL,0.00,0.00,0.00,,,,,COLD REDUCED LOW CARBON STEEL SHEET AND STRIP,
Area,MECHANICAL PROPERTIES OF METALS,COLD REDUCED LOW CARBON STEEL SHEET AND STRIP,0.00,0.00,,FALSE,MECHANICAL,0.00,0.00,0.00,,,,,COLD REDUCED LOW CARBON STEEL SHEET AND STRIP,
Gauge Length,MECHANICAL PROPERTIES OF METALS,COLD REDUCED LOW CARBON STEEL SHEET AND STRIP,0.00,0.00,,FALSE,MECHANICAL,0.00,0.00,0.00,,,,,COLD REDUCED LOW CARBON STEEL SHEET AND STRIP,
Final Length,MECHANICAL PROPERTIES OF METALS,COLD REDUCED LOW CARBON STEEL SHEET AND STRIP,0.00,0.00,,FALSE,MECHANICAL,0.00,0.00,0.00,,,,,COLD REDUCED LOW CARBON STEEL SHEET AND STRIP,
0.2% Proof Load / Yield Load,MECHANICAL PROPERTIES OF METALS,COLD REDUCED LOW CARBON STEEL SHEET AND STRIP,0.00,0.00,,FALSE,MECHANICAL,0.00,0.00,0.00,,,,,COLD REDUCED LOW CARBON STEEL SHEET AND STRIP,
Ultimate Load,MECHANICAL PROPERTIES OF METALS,COLD REDUCED LOW CARBON STEEL SHEET AND STRIP,0.00,0.00,,FALSE,MECHANICAL,0.00,0.00,0.00,,,,,COLD REDUCED LOW CARBON STEEL SHEET AND STRIP,
Compressive Strength by ACT,BUILDING INFRASTRUCTURE AND CONSTRUCTION MATERIAL,Compressive Strength of Concrete Cube By ACT,2.00,0.00,,FALSE,MECHANICAL,0.07,90.00,0.00,,NABL,,,Compressive Strength of Concrete Cube By ACT,
Drying Shrinkage,BUILDING MATERIALS - CHEMICAL,Concrete - Drying Shrinkage,0.00,0.00,IS 516 (PART-6) -2020,FALSE,MECHANICAL,0.00,"1,000,000.00",0.00,%,NABL,"lerm.parameter.master.table,2984",,Concrete - Drying Shrinkage,
Moisture Movement,BUILDING INFRASTRUCTURE AND CONSTRUCTION MATERIAL,Concrete - Drying Shrinkage,0.00,0.00,IS 516 (PART-6) -2020,FALSE,MECHANICAL,0.00,"100,000.00",0.00,%,NABL,"lerm.parameter.master.table,2985",,Concrete - Drying Shrinkage,
Flexural Strength of Concrete Beam,BUILDING INFRASTRUCTURE AND CONSTRUCTION MATERIAL,Concrete - Flexural strength,1.00,0.00,,FALSE,MECHANICAL,0.01,10.00,0.00,N/mm2,NABL,"lerm.parameter.master.table,666",,CONCRETE FLEXURAL STRENGTH,
RCMT,BUILDING MATERIALS - CHEMICAL,Concrete - Rapid Chloride Migration Test ( RCMT ),0.10,0.00,NT Build 492 : 2011,FALSE,MECHANICAL,0.06,35.00,0.00,m²/s,NABL,"lerm.parameter.master.table,616",,CONCRETE-RAPID CHLORIDE MIGRATION (RCMT),
Concrete-Rapid Chloride Penetration Test,BUILDING INFRASTRUCTURE AND CONSTRUCTION MATERIAL,Concrete - Rapid Chloride Penetration Test ( RCPT ),50.00,0.00,ASTM C 1202 - 2022,FALSE,MECHANICAL,0.05,"6,000.00",0.00,Coulombs,NABL,"lerm.parameter.master.table,1073",,CONCRETE-RAPID CHLORIDE PENETRATION (RCPT),
Conrete Split Tensile Strength,BUILDING INFRASTRUCTURE AND CONSTRUCTION MATERIAL,Concrete - Split Tensile,2.00,0.00,IS 516 Part-1 / Sec-1 2021,FALSE,MECHANICAL,0.01,15.00,0.00,N/mm2,NABL,"lerm.parameter.master.table,2899",,CONCRETE SPLIT TENSILE STRENGTH,
Concrete Core,BUILDING INFRASTRUCTURE AND CONSTRUCTION MATERIAL,CONCRETE CORE,1.00,0.00,IS 516 (Part-4)2018,FALSE,MECHANICAL,0.04,100.00,0.00,N/mm2,NABL,"lerm.parameter.master.table,1914",,CONCRETE CORE,
Concrete Core,BUILDING INFRASTRUCTURE AND CONSTRUCTION MATERIAL,CONCRETE CORE,0.00,0.00,,FALSE,MECHANICAL,0.00,"100,000.00",0.00,,,,,CONCRETE CORE,
Concrete Core Density,BUILDING INFRASTRUCTURE AND CONSTRUCTION MATERIAL,Concrete Core Density,"2,000.00",0.00,,FALSE,MECHANICAL,0.00,"3,500.00",0.00,kg/m3,,"lerm.parameter.master.table,3358",,Concrete Core Density,
Concrete Cube Density,BUILDING INFRASTRUCTURE AND CONSTRUCTION MATERIAL,Concrete Cube Density,0.00,0.00,,FALSE,MECHANICAL,0.00,"10,000,000.00",0.00,kg/m3,,"lerm.parameter.master.table,3359",,Concrete Cube Density,
Concrete Cube Water Absorption,BUILDING INFRASTRUCTURE AND CONSTRUCTION MATERIAL,Concrete Cube Water Absorption,0.10,0.00,BS 1881 (Part 122): 2011,FALSE,MECHANICAL,0.00,15.00,0.00,,NABL,"lerm.parameter.master.table,3072",,CONCRETE CUBE WATER ABSORPTION,
Compressive Strength,BUILDING INFRASTRUCTURE AND CONSTRUCTION MATERIAL,Concrete Cubes Compressive Strength,2.00,0.00,,FALSE,MECHANICAL,0.06,"100,000.00",0.00,N/mm2,NABL,"lerm.parameter.master.table,1089",,CONCRETE COMPRESSIVE STRENGTH,
Compressive Strength of Concrete Cylinder,BUILDING INFRASTRUCTURE AND CONSTRUCTION MATERIAL,Concrete Cylinder Compressive Strength,0.00,0.00,,FALSE,MECHANICAL,0.00,"100,000.00",0.00,,NABL,"lerm.parameter.master.table,3477",,Concrete Cylinder Compressive Strength,
Temperature Monitoring,BUILDING INFRASTRUCTURE AND CONSTRUCTION MATERIAL,Concrete Temperature Monitoring,0.00,0.00,,FALSE,MECHANICAL,0.00,0.00,0.00,,,,,Concrete Temperature Monitoring,
CONCRETE WATER ABSORPTION,BUILDING INFRASTRUCTURE AND CONSTRUCTION MATERIAL,CONCRETE WATER ABSORPTION,0.00,0.00,BS 1881 (Part 122): 2011,FALSE,MECHANICAL,0.00,3.00,0.00,,NABL,"lerm.parameter.master.table,3084",,CONCRETE WATER ABSORPTION,
Depth of Penetration of water under Pressure (WPT),BUILDING INFRASTRUCTURE AND CONSTRUCTION MATERIAL,CONCRETE-WATER PERMEABILITY TEST,1.00,0.00,IS 516 Part-2/Sec-1 : 2018,TRUE,MECHANICAL,0.05,140.00,0.00,mm,NABL,"lerm.parameter.master.table,635",,CONCRETE-DEPTH OF PENETRATION OF WATER UNDER PRESSURE (WPT),
Chlorides (CI),CHEMICAL-WATER,Construction Water,0.10,0.00,IS:3025 (P-32) 1988,FALSE,CHEMICAL,0.01,"2,000.00",0.00,mg/l,NABL,"lerm.parameter.master.table,583",Volume taken for titration ( ml ),CONSTRUCTION WATER CHEMICAL,
Total dissolved  solids,CHEMICAL-WATER,Construction Water,1.00,0.00,IS:3025(P-16) 1984,FALSE,CHEMICAL,0.01,"5,000.00",0.00,mg/l,Non NABL,"lerm.parameter.master.table,584","Wt. of Empty petri dish  before drying at 105°C, gm",CONSTRUCTION WATER CHEMICAL,
Organic Solid,CHEMICAL-WATER,Construction Water,1.00,0.00,IS:3025(P-18) 1984,FALSE,CHEMICAL,0.01,500.00,0.00,mg/l,NABL,"lerm.parameter.master.table,585",Weight of empty beaker ( W1) gm,CONSTRUCTION WATER CHEMICAL,
Hardness as CaCo3,CHEMICAL-WATER,Construction Water,1.00,0.00,IS 3025(Part 21): 2009,FALSE,CHEMICAL,0.00,"1,000.00",0.00,mg/l,Non NABL,"lerm.parameter.master.table,586",Volume of sample,CONSTRUCTION WATER CHEMICAL,
Sulphate as (SO3),CHEMICAL-WATER,Construction Water,1.00,0.00,IS:3025 (P-24) 1986,FALSE,CHEMICAL,0.02,400.00,0.00,mg/l,NABL,"lerm.parameter.master.table,587",Weight of Empty crusible ( W1) gm,CONSTRUCTION WATER CHEMICAL,
Alkali Content as Na2O,CHEMICAL-WATER,Construction Water,0.00,0.00,IS 3025(Part 45): 1993,FALSE,CHEMICAL,0.02,"200,000.00",0.00,mg/l,NABL,"lerm.parameter.master.table,3166",Concentration of Sodium in mg/l,CONSTRUCTION WATER CHEMICAL,
Alkali Content as K2O,CHEMICAL-WATER,Construction Water,0.00,0.00,IS 3025(Part 45): 1993,FALSE,CHEMICAL,0.15,0.00,0.00,mg/l,NABL,"lerm.parameter.master.table,3167",Concentration of Potasium in mg/l,CONSTRUCTION WATER CHEMICAL,
Inorganic Solids,CHEMICAL-WATER,Construction Water,1.00,0.00,IS:3025(P-18) 1984,FALSE,CHEMICAL,0.01,"3,000.00",0.00,mg/l,NABL,"lerm.parameter.master.table,1237",A) Weight of empty beaker ( W1) gm,CONSTRUCTION WATER CHEMICAL,
Alkalis as Na2O,CHEMICAL-WATER,Construction Water,0.00,0.00,IS 3025 (P-45)- 1993,FALSE,CHEMICAL,0.00,0.00,0.00,mg/l,NABL,"lerm.parameter.master.table,589",Alkali Content as Na2O,CONSTRUCTION WATER CHEMICAL,
Acidity Volume of 0.02 N NaOH  required to neutralise to 100 ml of water sample using phenolphthalein indcator,CHEMICAL-WATER,Construction Water,0.00,0.00,IS 3025 (Part23): 1986,FALSE,CHEMICAL,0.01,25.00,0.00,ml,NABL,"lerm.parameter.master.table,590",Acidity,CONSTRUCTION WATER CHEMICAL,
Akalinity Volume of 0.02 N  H2SO4  required to neutralise to 100 ml of water sample using mixed indicator,CHEMICAL-WATER,Construction Water,0.00,0.00,IS 3025 (Part23): 1986,FALSE,CHEMICAL,0.00,50.00,0.00,ml,NABL,"lerm.parameter.master.table,1238",Akalinity,CONSTRUCTION WATER CHEMICAL,
pH at  25 °C,CHEMICAL-WATER,Construction Water,1.00,0.00,IS 3025(Part 11): 1983,FALSE,CHEMICAL,0.00,14.00,0.00,,,"lerm.parameter.master.table,592",Ph,CONSTRUCTION WATER CHEMICAL,
Suspended matter,CHEMICAL-WATER,Construction Water,1.00,0.00,IS 3025(Part 17): 1984,FALSE,CHEMICAL,0.02,"2,000.00",0.00,mg/l,NABL,"lerm.parameter.master.table,2099","A) Wt. of Empty petri dish + filter paper before drying at 105°C, gm",CONSTRUCTION WATER CHEMICAL,
"To neutralize 200ml sample of water, using phenolphthalein as an indicator, it should not require more than 2ml of 0.1 normal NaOH.",CHEMICAL-WATER,Construction Water,0.00,0.00,,FALSE,CHEMICAL,0.00,0.00,0.00,ml,Non NABL,"lerm.parameter.master.table,4685",,CONSTRUCTION WATER CHEMICAL,
"To neutralize 200ml sample of water, using methyl orange as an indicator, it should not require more than 10ml of 0.1 normal HCl.",CHEMICAL-WATER,Construction Water,0.00,0.00,,FALSE,CHEMICAL,0.00,0.00,0.00,ml,Non NABL,"lerm.parameter.master.table,4686",,CONSTRUCTION WATER CHEMICAL,
Carbon,METALS & ALLOYS,Coupler,0.05,0.00,IS 228 Part 1: 1987,FALSE,CHEMICAL,0.05,2.50,0.00,% by mass,NABL,"lerm.parameter.master.table,1230",Wt of Sample taken (gm),Coupler,
Manganese,METALS & ALLOYS,Coupler,0.10,0.00,IS 228 Part 2: 1987,FALSE,CHEMICAL,0.02,2.00,0.00,% by mass,NABL,"lerm.parameter.master.table,1231",Wt of Sample taken  gm,Coupler,
Silicon,METALS & ALLOYS,Coupler,0.05,0.00,IS 228 Part 8: 1989,FALSE,CHEMICAL,0.02,5.00,0.00,% by mass,NABL,"lerm.parameter.master.table,1232","A) Wt of Sample taken, gm",Coupler,
Sulphur,METALS & ALLOYS,Coupler,0.01,0.00,IS 228 Part 9: 1989,FALSE,CHEMICAL,0.03,0.25,0.00,% by mass,,"lerm.parameter.master.table,1233","volume, in ml, of potassium iodate  added",Coupler,
Phosphorous,METALS & ALLOYS,Coupler,0.01,0.00,IS 228 Part 3: 1987,FALSE,CHEMICAL,0.04,0.12,0.00,% by mass,NABL,"lerm.parameter.master.table,1234",Wt of Sample taken (gm),Coupler,
Coupler - Slip Test,MECHANICAL PROPERTIES OF METALS,Coupler - Mechanical,0.10 max ,,IS 1608 (PART 1): 2022,FALSE,MECHANICAL,0.00,0.50,0.00,,NABL,,,Coupler - Mechanical,
Ultimate Tensile Strength,MECHANICAL PROPERTIES OF METALS,Coupler - Mechanical,600.00,0.00,,FALSE,MECHANICAL,0.00,"9,999.00",0.00,N/mm2,NABL,"lerm.parameter.master.table,2769",,Coupler - Mechanical,
Total Elongation at maximum force,MECHANICAL PROPERTIES OF METALS,Coupler - Mechanical,3.00,0.00,,FALSE,MECHANICAL,0.00,50.00,0.00,%,NABL,"lerm.parameter.master.table,2770",,Coupler - Mechanical,
Chloride Cl,BUILDING MATERIALS - CHEMICAL,,0.00,0.00,BS 1744 -1: 2012,FALSE,CHEMICAL,0.15,1.00,0.00,% by mass,NABL,"lerm.parameter.master.table,784",,,
Sulphate as SO3,BUILDING MATERIALS - CHEMICAL,,0.00,0.00,BS EN 1744-1: 2012,FALSE,CHEMICAL,0.17,1.00,0.00,% by mass,NABL,"lerm.parameter.master.table,785",,,
Alkali Aggregate Reactivity - Reduction in Alkalinity,BUILDING MATERIALS - CHEMICAL,,1.00,0.00,IS 2386 (Part 7): 1963,FALSE,CHEMICAL,0.01,700.00,0.00,% by mass,NABL,"lerm.parameter.master.table,786",,,
Alkali Aggregate Reactivity - Dissolved Silica,BUILDING MATERIALS - CHEMICAL,,1.00,0.00,IS 2386 (Part 7): 1963,FALSE,CHEMICAL,0.04,"2,500.00",0.00,% by mass,NABL,"lerm.parameter.master.table,787",,,
pH at 25°C,BUILDING MATERIALS - CHEMICAL,,1.00,0.00,KES/SOP/CHEM/039: 2018,FALSE,CHEMICAL,0.00,14.00,0.00,% by mass,NABL,"lerm.parameter.master.table,788",,,
Outer Diameter,MECHANICAL PROPERTIES OF METALS,Coupler - Mechanical,0.00,0.00,,FALSE,MECHANICAL,0.00,0.00,0.00,mm,NABL,,,Coupler - Mechanical,
Nominal Cross Sectional Area,MECHANICAL PROPERTIES OF METALS,Coupler - Mechanical,0.00,0.00,,FALSE,MECHANICAL,0.00,0.00,0.00,mm2,NABL,,,Coupler - Mechanical,
Gauge Length,MECHANICAL PROPERTIES OF METALS,Coupler - Mechanical,0.00,0.00,,FALSE,MECHANICAL,0.00,0.00,0.00,mm,NABL,,,Coupler - Mechanical,
Location of failure,MECHANICAL PROPERTIES OF METALS,Coupler - Mechanical,0.00,0.00,,FALSE,MECHANICAL,0.00,"9,999.00",0.00,,NABL,,,Coupler - Mechanical,
Result,MECHANICAL PROPERTIES OF METALS,Coupler - Mechanical,0.00,0.00,,FALSE,MECHANICAL,0.00,0.00,0.00,,NABL,,,Coupler - Mechanical,
Ultimate Tensile Load,MECHANICAL PROPERTIES OF METALS,Coupler - Mechanical,0.00,0.00,,FALSE,MECHANICAL,0.00,"9,999.00",0.00,KN,NABL,"lerm.parameter.master.table,2885",,Coupler - Mechanical,
Gauge Length  at Maximum Force,MECHANICAL PROPERTIES OF METALS,Coupler - Mechanical,0.00,0.00,,FALSE,MECHANICAL,0.00,0.00,0.00,mm,NABL,,,Coupler - Mechanical,
Distance of fracture From center of Coupler,MECHANICAL PROPERTIES OF METALS,Coupler - Mechanical,0.00,0.00,,FALSE,MECHANICAL,0.00,0.00,0.00,mm,NABL,,,Coupler - Mechanical,
Carbon,METALS & ALLOYS,Coupler (IS 1875:1992),0.05,0.00,,FALSE,CHEMICAL,0.05,2.50,0.00,% by mass,,"lerm.parameter.master.table,1782",Wt of Sample taken (gm),Coupler (IS 1875:1992),
Manganese,METALS & ALLOYS,Coupler (IS 1875:1992),0.00,0.00,,FALSE,CHEMICAL,0.00,0.00,0.00,% by mass,NABL,"lerm.parameter.master.table,1801",Wt of Sample taken  gm,Coupler (IS 1875:1992),
Silicon,METALS & ALLOYS,Coupler (IS 1875:1992),0.00,0.00,,FALSE,CHEMICAL,0.00,0.00,0.00,% by mass,NABL,"lerm.parameter.master.table,1855","A) Wt of Sample taken, gm",Coupler (IS 1875:1992),
Sulphur,METALS & ALLOYS,Coupler (IS 1875:1992),0.00,0.00,,FALSE,CHEMICAL,0.00,0.00,0.00,% by mass,NABL,"lerm.parameter.master.table,1864","volume, in ml, of potassium iodate  added",Coupler (IS 1875:1992),
Phosphorous,METALS & ALLOYS,Coupler (IS 1875:1992),0.00,0.00,,FALSE,CHEMICAL,0.00,0.00,0.00,% by mass,NABL,"lerm.parameter.master.table,1873",Wt of Sample taken (gm),Coupler (IS 1875:1992),
Chromium,METALS & ALLOYS,Coupler (IS 1875:1992),0.00,0.00,,FALSE,CHEMICAL,0.00,0.00,0.00,% by mass,NABL,"lerm.parameter.master.table,1828",Wt of Sample taken (gm),Coupler (IS 1875:1992),
Nickel,METALS & ALLOYS,Coupler (IS 1875:1992),0.00,0.00,,FALSE,CHEMICAL,0.00,0.00,0.00,% by mass,NABL,"lerm.parameter.master.table,1837","Wt of Sample taken, gm",Coupler (IS 1875:1992),
Molybdenum,METALS & ALLOYS,Coupler (IS 1875:1992),0.01,0.00,,FALSE,CHEMICAL,0.03,2.00,0.00,% by mass,NABL,"lerm.parameter.master.table,1846",Wt of Sample taken (gm),Coupler (IS 1875:1992),
Carbon,METALS & ALLOYS,Coupler (IS 1875:1992)-s,0.00,0.00,,FALSE,CHEMICAL,0.00,0.00,0.00,% by mass,NABL,"lerm.parameter.master.table,4675",Carbon,Coupler (IS 1875:1992),
Manganese,METALS & ALLOYS,Coupler (IS 1875:1992)-s,0.00,0.00,,FALSE,CHEMICAL,0.00,0.00,0.00,% by mass,NABL,"lerm.parameter.master.table,4676",Manganese,Coupler (IS 1875:1992),
Silicon,METALS & ALLOYS,Coupler (IS 1875:1992)-s,0.00,0.00,,FALSE,CHEMICAL,0.00,0.00,0.00,% by mass,NABL,"lerm.parameter.master.table,4677",Silicon,Coupler (IS 1875:1992),
Sulphur,METALS & ALLOYS,Coupler (IS 1875:1992)-s,0.00,0.00,,FALSE,CHEMICAL,0.00,0.00,0.00,% by mass,NABL,"lerm.parameter.master.table,4678",Sulphur,Coupler (IS 1875:1992),
Phosphorous,METALS & ALLOYS,Coupler (IS 1875:1992)-s,0.00,0.00,,FALSE,CHEMICAL,0.00,0.00,0.00,% by mass,NABL,"lerm.parameter.master.table,4679",Phosphorous,Coupler (IS 1875:1992),
Chromium,METALS & ALLOYS,Coupler (IS 1875:1992)-s,0.00,0.00,,FALSE,CHEMICAL,0.00,0.00,0.00,% by mass,NABL,"lerm.parameter.master.table,4680",Chromium,Coupler (IS 1875:1992),
Nickel,METALS & ALLOYS,Coupler (IS 1875:1992)-s,0.00,0.00,,FALSE,CHEMICAL,0.00,0.00,0.00,% by mass,NABL,"lerm.parameter.master.table,4681",Nickel,Coupler (IS 1875:1992),
Molybdenum,METALS & ALLOYS,Coupler (IS 1875:1992)-s,0.00,0.00,,FALSE,CHEMICAL,0.00,0.00,0.00,% by mass,NABL,"lerm.parameter.master.table,4682",Molybdenum,Coupler (IS 1875:1992),
Carbon,METALS & ALLOYS,Coupler Test For Physical & Chemical,0.05,0.00,IS 228 Part 1:2018,FALSE,CHEMICAL,0.05,2.50,0.00,% by mass,NABL,"lerm.parameter.master.table,1165",Wt of Sample taken (gm),COUPLER,
Manganese,METALS & ALLOYS,Coupler Test For Physical & Chemical,0.00,0.00,IS 228 part 2 : 2018,FALSE,CHEMICAL,0.00,0.00,0.00,% by mass,NABL,"lerm.parameter.master.table,1167",Wt of Sample taken  gm,COUPLER,
Silicon,METALS & ALLOYS,Coupler Test For Physical & Chemical,0.00,0.00,IS 228 - Part 8 : 2014,FALSE,CHEMICAL,0.00,0.00,0.00,% by mass,NABL,"lerm.parameter.master.table,1169","A) Wt of Sample taken, gm",COUPLER,
Sulphur,METALS & ALLOYS,Coupler Test For Physical & Chemical,0.00,0.00,IS 228 Part 9:2014,FALSE,CHEMICAL,0.00,0.00,0.00,% by mass,NABL,"lerm.parameter.master.table,1175","volume, in ml, of potassium iodate  added",COUPLER,
Phosphorous,METALS & ALLOYS,Coupler Test For Physical & Chemical,0.00,0.00,IS 228 Part 3:2018,FALSE,CHEMICAL,0.00,0.00,0.00,% by mass,NABL,"lerm.parameter.master.table,1176",Wt of Sample taken (gm),COUPLER,
Chromium,METALS & ALLOYS,Coupler Test For Physical & Chemical,0.01,0.00,IS 228 Part 6: 1987,FALSE,CHEMICAL,0.02,2.00,0.00,% by mass,NABL,"lerm.parameter.master.table,1172",Wt of Sample taken (gm),COUPLER,
Nickel,METALS & ALLOYS,Coupler Test For Physical & Chemical,0.01,0.00,IS 228 Part 5: 1987,FALSE,CHEMICAL,0.02,2.00,0.00,% by mass,NABL,"lerm.parameter.master.table,1173","Wt of Sample taken, gm",COUPLER,
Molybdenum,METALS & ALLOYS,Coupler Test For Physical & Chemical,0.01,0.00,IS 228 Part 7: 1990,FALSE,CHEMICAL,0.03,2.00,0.00,% by mass,NABL,"lerm.parameter.master.table,1174",Wt of Sample taken (gm),COUPLER,
Carbon,METALS & ALLOYS,Coupler-s,0.00,0.00,ASTM E 415-21,FALSE,CHEMICAL,0.00,0.00,0.00,% by mass,NABL,"lerm.parameter.master.table,4665",Carbon,Coupler,
Manganese,METALS & ALLOYS,Coupler-s,0.00,0.00,,FALSE,CHEMICAL,0.00,0.00,0.00,% by mass,NABL,"lerm.parameter.master.table,4666",Manganese,Coupler,
Silicon,METALS & ALLOYS,Coupler-s,0.00,0.00,,FALSE,CHEMICAL,0.00,0.00,0.00,% by mass,NABL,"lerm.parameter.master.table,4667",Silicon,Coupler,
Sulphur,METALS & ALLOYS,Coupler-s,0.00,0.00,,FALSE,CHEMICAL,0.00,0.00,0.00,% by mass,NABL,"lerm.parameter.master.table,4668",Sulphur,Coupler,
Phosphorous,METALS & ALLOYS,Coupler-s,0.00,0.00,,FALSE,CHEMICAL,0.00,0.00,0.00,% by mass,NABL,"lerm.parameter.master.table,4669",Phosphorous,Coupler,
Carbon,METALS & ALLOYS,COUPLER-s,0.00,0.00,,FALSE,CHEMICAL,0.00,0.00,0.00,% by mass,NABL,"lerm.parameter.master.table,4670",Carbon,COUPLER,
Manganese,METALS & ALLOYS,COUPLER-s,0.00,0.00,,FALSE,CHEMICAL,0.00,0.00,0.00,% by mass,NABL,"lerm.parameter.master.table,4671",Manganese,COUPLER,
Silicon,METALS & ALLOYS,Coupler-s,0.00,0.00,,FALSE,CHEMICAL,0.00,0.00,0.00,% by mass,NABL,"lerm.parameter.master.table,4672",Silicon,Coupler,
Sulphur,METALS & ALLOYS,COUPLER-s,0.00,0.00,,FALSE,CHEMICAL,0.00,0.00,0.00,% by mass,NABL,"lerm.parameter.master.table,4673",Sulphur,COUPLER,
Phosphorous,METALS & ALLOYS,COUPLER-s,0.00,0.00,,FALSE,CHEMICAL,0.00,0.00,0.00,% by mass,NABL,"lerm.parameter.master.table,4674",Phosphorous,COUPLER,
Silicon,METALS & ALLOYS,COUPLER-s,0.00,0.00,,FALSE,CHEMICAL,0.00,0.50,0.00,% by mass,NABL,"lerm.parameter.master.table,4712",silicon,COUPLER,
pH at 25 ͦ C,BUILDING MATERIALS - CHEMICAL,CRUSHED SAND/NATURAL SAND/MANUFACTURED SAND,1.00,0.00,KES/SOP/CHEM/039: 2018,FALSE,CHEMICAL,0.00,14.00,0.00,--,NABL,"lerm.parameter.master.table,1285",,Crushed Sand/Natural Sand,
Sulphate,BUILDING MATERIALS - CHEMICAL,CRUSHED SAND/NATURAL SAND/MANUFACTURED SAND,0.00,0.00,BS EN 1744-1: 2012,FALSE,CHEMICAL,0.17,1.00,0.00,% by mass,NABL,"lerm.parameter.master.table,1287",,Crushed Sand/Natural Sand,
Alkali Aggregate Reactivity-Reduction in Alkalinity,BUILDING MATERIALS - CHEMICAL,CRUSHED SAND/NATURAL SAND/MANUFACTURED SAND,1.00,0.00,IS 2386 (Part 7): 1963,FALSE,CHEMICAL,0.01,700.00,0.00,millimoles/litre,NABL,"lerm.parameter.master.table,1288",,Crushed Sand/Natural Sand,
Alkali Aggregate Reactivity- Dissolved Silica,BUILDING MATERIALS - CHEMICAL,CRUSHED SAND/NATURAL SAND/MANUFACTURED SAND,0.00,0.00,IS2386 (Part 7): 1963,FALSE,CHEMICAL,0.04,"2,500.00",0.00,millimoles/litre,NABL,"lerm.parameter.master.table,1289",,Crushed Sand/Natural Sand,
Chloride,BUILDING MATERIALS - CHEMICAL,CRUSHED SAND/NATURAL SAND/MANUFACTURED SAND,0.00,0.00,BS EN 1744-1: 2012,FALSE,CHEMICAL,0.15,1.00,0.00,% by mass,NABL,"lerm.parameter.master.table,1286",,Crushed Sand/Natural Sand,
Na2O,BUILDING MATERIALS - CHEMICAL,CRUSHED SAND/NATURAL SAND/MANUFACTURED SAND,0.00,0.00,,FALSE,CHEMICAL,0.00,"10,000.00",0.00,% by mass,NABL,"lerm.parameter.master.table,3129",Weight of sample taken,Crushed Sand/Natural Sand,
K2O,BUILDING MATERIALS - CHEMICAL,CRUSHED SAND/NATURAL SAND/MANUFACTURED SAND,0.00,0.00,,FALSE,CHEMICAL,0.00,"100,000.00",0.00,% by mass,NABL,"lerm.parameter.master.table,3128",Weight of sample taken,Crushed Sand/Natural Sand,
Total Alkali  Content as Na2O,BUILDING MATERIALS - CHEMICAL,CRUSHED SAND/NATURAL SAND/MANUFACTURED SAND,0.00,0.00,,FALSE,CHEMICAL,0.00,"9,999.00",0.00,% by mass,NABL,"lerm.parameter.master.table,2987",Na2O,Crushed Sand/Natural Sand,
Nature of Aggregates,BUILDING MATERIALS - CHEMICAL,CRUSHED SAND/NATURAL SAND/MANUFACTURED SAND,0.00,0.00,,FALSE,CHEMICAL,0.00,0.00,0.00,--,NABL,"lerm.parameter.master.table,3313",,Crushed Sand/Natural Sand,
Colour/Appearance,BUILDING INFRASTRUCTURE AND CONSTRUCTION MATERIAL,CURING COMPOUND,0.00,0.00,,FALSE,MECHANICAL,0.00,0.00,0.00,,Non NABL,,,CURING COMPOUND,
Density,BUILDING INFRASTRUCTURE AND CONSTRUCTION MATERIAL,CURING COMPOUND,0.00,0.00,,FALSE,MECHANICAL,0.00,0.00,0.00,,Non NABL,,,CURING COMPOUND,
Drying Time,BUILDING INFRASTRUCTURE AND CONSTRUCTION MATERIAL,CURING COMPOUND,0.00,0.00,,FALSE,MECHANICAL,0.00,0.00,0.00,,Non NABL,,,CURING COMPOUND,
Water Retention(loss of water at 72 hrs),BUILDING INFRASTRUCTURE AND CONSTRUCTION MATERIAL,CURING COMPOUND,0.00,0.00,,FALSE,MECHANICAL,0.00,0.00,0.00,,Non NABL,,,CURING COMPOUND,
Reflectance,BUILDING INFRASTRUCTURE AND CONSTRUCTION MATERIAL,CURING COMPOUND,0.00,0.00,,FALSE,MECHANICAL,0.00,0.00,0.00,,Non NABL,,,CURING COMPOUND,
Long term setting,BUILDING INFRASTRUCTURE AND CONSTRUCTION MATERIAL,CURING COMPOUND,0.00,0.00,,FALSE,MECHANICAL,0.00,0.00,0.00,,Non NABL,,,CURING COMPOUND,
Non- Volatile content,BUILDING INFRASTRUCTURE AND CONSTRUCTION MATERIAL,CURING COMPOUND,0.00,0.00,,FALSE,MECHANICAL,0.00,0.00,0.00,,,,,CURING COMPOUND,
Flash point,BUILDING INFRASTRUCTURE AND CONSTRUCTION MATERIAL,CURING COMPOUND,0.00,0.00,,FALSE,MECHANICAL,0.00,0.00,0.00,,,,,CURING COMPOUND,
pH,BUILDING MATERIALS - CHEMICAL,Curing Compound-Chemical Test,0.00,0.00,,FALSE,CHEMICAL,0.00,0.00,0.00,--,Non NABL,"lerm.parameter.master.table,4888",pH,Curing Compound,
Relative density,BUILDING MATERIALS - CHEMICAL,Curing Compound-Chemical Test,0.00,0.00,,FALSE,CHEMICAL,0.00,0.00,0.00,--,Non NABL,"lerm.parameter.master.table,4889",Relative density,Curing Compound,
Appearance,BUILDING MATERIALS - CHEMICAL,Curing Compound-Chemical Test,0.00,0.00,,FALSE,CHEMICAL,0.00,0.00,0.00,--,Non NABL,"lerm.parameter.master.table,4890",Appearance,Curing Compound,
Solid content,BUILDING MATERIALS - CHEMICAL,Curing Compound-Chemical Test,0.00,0.00,,FALSE,CHEMICAL,0.00,0.00,0.00,%,Non NABL,"lerm.parameter.master.table,4891",Solid content,Curing Compound,
Length,BUILDING INFRASTRUCTURE AND CONSTRUCTION MATERIAL,DOOR,0.00,0.00,IS 4020 (Part 2) :1998 RA 2018,FALSE,MECHANICAL,0.00,"20,000.00",0.00,mm,NABL,"lerm.parameter.master.table,3480",,DOOR,
Width,BUILDING INFRASTRUCTURE AND CONSTRUCTION MATERIAL,DOOR,0.00,0.00,IS 4020 (Part 2) :1998 RA 2018,FALSE,MECHANICAL,0.00,"20,000.00",0.00,mm,NABL,"lerm.parameter.master.table,3481",,DOOR,
Heavy Compaction -MDD Soil,SOIL AND ROCK,,0.00,0.00,IS 2720 (Part-8),FALSE,MECHANICAL,0.00,0.00,0.00,,NABL,,,,
Heavy Compaction -OMC Soil,SOIL AND ROCK,,0.00,0.00,IS 2720 (Part-8),FALSE,MECHANICAL,0.00,0.00,0.00,,NABL,,,,
Light Compaction - OMC Soil,SOIL AND ROCK,,0.00,0.00,IS 2720 (Part-7),FALSE,MECHANICAL,0.00,0.00,0.00,,,,,,
Light Compaction -MDD Soil,SOIL AND ROCK,,0.00,0.00,IS 2720 (Part-7),FALSE,MECHANICAL,0.00,0.00,0.00,,,,,,
Thickness,BUILDING INFRASTRUCTURE AND CONSTRUCTION MATERIAL,DOOR,0.00,0.00,IS 4020 (Part 2) :1998 RA 2018,FALSE,MECHANICAL,0.00,"20,000.00",0.00,mm,NABL,"lerm.parameter.master.table,3482",,DOOR,
Squareness,BUILDING INFRASTRUCTURE AND CONSTRUCTION MATERIAL,DOOR,0.00,0.00,IS 4020 (Part 2) :1998 RA 2018,FALSE,MECHANICAL,0.00,"20,000.00",0.00,mm,NABL,"lerm.parameter.master.table,3483",,DOOR,
Local Planeness Test,BUILDING INFRASTRUCTURE AND CONSTRUCTION MATERIAL,DOOR,-5.00,0.00,IS 4020 (Part 4) :1998 RA 2018,FALSE,MECHANICAL,0.00,"20,000.00",0.00,mm,NABL,"lerm.parameter.master.table,3484",,DOOR,
Impact Indentation Test,BUILDING INFRASTRUCTURE AND CONSTRUCTION MATERIAL,DOOR,-5.00,0.00,IS 4020 (Part 5) :1998 RA 2018,FALSE,MECHANICAL,0.00,"20,000.00",0.00,mm,NABL,"lerm.parameter.master.table,3485",,DOOR,
Edge Loading Test,BUILDING INFRASTRUCTURE AND CONSTRUCTION MATERIAL,DOOR,0.00,0.00,IS 4020 (Part 7) :1998 RA 2018,FALSE,MECHANICAL,0.00,"20,000.00",0.00,mm,NABL,"lerm.parameter.master.table,3486",,DOOR,
Shock Resistance Test,BUILDING INFRASTRUCTURE AND CONSTRUCTION MATERIAL,DOOR,0.00,0.00,IS 4020 (Part 8) :1998 RA 2018,FALSE,MECHANICAL,0.00,0.00,0.00,,,"lerm.parameter.master.table,3487",,DOOR,
Soft and light body impact test,BUILDING INFRASTRUCTURE AND CONSTRUCTION MATERIAL,DOOR,0.00,0.00,IS 4020 (Part 8) :1998 RA 2018,FALSE,MECHANICAL,0.00,0.00,0.00,mm,,"lerm.parameter.master.table,3531",,DOOR,
soft and heavy body impact test,BUILDING INFRASTRUCTURE AND CONSTRUCTION MATERIAL,DOOR,0.00,0.00,IS 4020 (Part 8) :1998 RA 2018,FALSE,MECHANICAL,0.00,0.00,0.00,mm,,"lerm.parameter.master.table,3530",,DOOR,
General Flatness Test,BUILDING INFRASTRUCTURE AND CONSTRUCTION MATERIAL,DOOR,0.00,0.00,IS 4020 (Part 3) :1998 RA 2018,FALSE,MECHANICAL,0.00,"20,000.00",0.00,mm,NABL,"lerm.parameter.master.table,3491",,DOOR,
General Flatness Test - Cupping,BUILDING INFRASTRUCTURE AND CONSTRUCTION MATERIAL,DOOR,0.00,0.00,IS 4020 (Part 3) :1998 RA 2018,FALSE,MECHANICAL,0.00,"20,000.00",0.00,mm,NABL,"lerm.parameter.master.table,3605",,DOOR,
General Flatness Test - Warping,BUILDING INFRASTRUCTURE AND CONSTRUCTION MATERIAL,DOOR,0.00,0.00,IS 4020 (Part 3) :1998 RA 2018,FALSE,MECHANICAL,0.00,"20,000.00",0.00,mm,NABL,"lerm.parameter.master.table,3606",,DOOR,
General Flatness Test - Twisting,BUILDING INFRASTRUCTURE AND CONSTRUCTION MATERIAL,DOOR,0.00,0.00,IS 4020 (Part 3) :1998 RA 2018,FALSE,MECHANICAL,0.00,"20,000.00",0.00,mm,NABL,"lerm.parameter.master.table,3607",,DOOR,
Buckling Resistance Test,BUILDING INFRASTRUCTURE AND CONSTRUCTION MATERIAL,DOOR,0.00,0.00,IS 4020 (Part 9) :1998 RA 2018,FALSE,MECHANICAL,0.00,"10,000.00",0.00,mm,NABL,"lerm.parameter.master.table,3284",,DOOR,
Buckling Resistance- Deflection at the lower free end after 5 minutes of the application of the load,BUILDING INFRASTRUCTURE AND CONSTRUCTION MATERIAL,DOOR,0.00,0.00,IS 4020 (Part 9) :1998 RA 2018,FALSE,MECHANICAL,0.00,"10,000.00",0.00,mm,NABL,"lerm.parameter.master.table,3285",,DOOR,
"Buckling Resistance- Deflection at the lower free end after 15 minutes of the Removal of the load, Residual deformation.",BUILDING INFRASTRUCTURE AND CONSTRUCTION MATERIAL,DOOR,-5.00,0.00,IS 4020 (Part 9) :1998 RA 2018,FALSE,MECHANICAL,0.00,"100,000.00",0.00,mm,NABL,"lerm.parameter.master.table,3286",,DOOR,
Slamming test,BUILDING INFRASTRUCTURE AND CONSTRUCTION MATERIAL,DOOR,0.00,0.00,IS 4020 (Part 10) :1998 RA 2018,FALSE,MECHANICAL,0.00,"20,000.00",0.00,,NABL,"lerm.parameter.master.table,3489",,DOOR,
Misuse test,BUILDING INFRASTRUCTURE AND CONSTRUCTION MATERIAL,DOOR,0.00,0.00,IS 4020 (Part 11) :1998 RA 2018,FALSE,MECHANICAL,0.00,"20,000.00",0.00,,NABL,"lerm.parameter.master.table,3490",,DOOR,
End Immersion test,BUILDING INFRASTRUCTURE AND CONSTRUCTION MATERIAL,DOOR,0.00,0.00,IS 4020 (Part 13) :1998 RA 2018,FALSE,MECHANICAL,0.00,"20,000.00",0.00,--,NABL,"lerm.parameter.master.table,3492",,DOOR,
Knife test,BUILDING INFRASTRUCTURE AND CONSTRUCTION MATERIAL,DOOR,0.00,0.00,IS 4020 (Part 14) :1998 RA 2018,FALSE,MECHANICAL,0.00,"20,000.00",0.00,--,NABL,"lerm.parameter.master.table,3493",,DOOR,
Glue adhesion test,BUILDING INFRASTRUCTURE AND CONSTRUCTION MATERIAL,DOOR,0.00,0.00,IS 4020 (Part 15) :1998 RA 2018,FALSE,MECHANICAL,0.00,"20,000.00",0.00,--,NABL,"lerm.parameter.master.table,3494",,DOOR,
Varying Humidity test,BUILDING INFRASTRUCTURE AND CONSTRUCTION MATERIAL,DOOR,0.00,0.00,IS 4020 (Part 12) :1998 RA 2018,FALSE,MECHANICAL,0.00,"1,000,000.00",0.00,,Non NABL,"lerm.parameter.master.table,3532",,DOOR,
Varying Humidity test - Cupping,BUILDING INFRASTRUCTURE AND CONSTRUCTION MATERIAL,DOOR,0.00,0.00,,FALSE,MECHANICAL,0.00,0.00,0.00,,,,,DOOR,
Varying Humidity test - Warping,BUILDING INFRASTRUCTURE AND CONSTRUCTION MATERIAL,DOOR,0.00,0.00,,FALSE,MECHANICAL,0.00,0.00,0.00,,,,,DOOR,
Varying Humidity test - Twisting,BUILDING INFRASTRUCTURE AND CONSTRUCTION MATERIAL,DOOR,0.00,0.00,,FALSE,MECHANICAL,0.00,0.00,0.00,,,,,DOOR,
Edge Loading- Defelection at the loaded Edge after 15minutes of application of the load,BUILDING INFRASTRUCTURE AND CONSTRUCTION MATERIAL,DOOR,0.00,0.00,IS 4020 (Part 7) :1998 RA 2018,FALSE,MECHANICAL,0.00,"1,000,000.00",0.00,mm,,"lerm.parameter.master.table,3528",,DOOR,
Edge Loading- Deflection at the Loaded edge at 3minutes after removal of the load,BUILDING INFRASTRUCTURE AND CONSTRUCTION MATERIAL,DOOR,-5.00,0.00,IS 4020 (Part 7) :1998 RA 2018,FALSE,MECHANICAL,0.00,"1,000,000.00",0.00,mm,,"lerm.parameter.master.table,3529",,DOOR,
Screw Withdrawl Test,BUILDING INFRASTRUCTURE AND CONSTRUCTION MATERIAL,DOOR,0.00,0.00,,FALSE,MECHANICAL,0.00,0.00,0.00,,Non NABL,"lerm.parameter.master.table,4722",,DOOR,
Flexture Test,BUILDING INFRASTRUCTURE AND CONSTRUCTION MATERIAL,DOOR,0.00,0.00,,FALSE,MECHANICAL,0.00,0.00,0.00,,Non NABL,,,DOOR,
Turbidity,CHEMICAL-WATER,Drinking Water,1.00,0.00,,FALSE,CHEMICAL,0.00,0.00,0.00,,,"lerm.parameter.master.table,766",Turbidity,DRINKING WATER,
Colour,CHEMICAL-WATER,Drinking Water,0.00,0.00,,FALSE,CHEMICAL,0.00,5.00,0.00,,,"lerm.parameter.master.table,767",Colour,DRINKING WATER,
Taste,CHEMICAL-WATER,Drinking Water,0.00,0.00,,FALSE,CHEMICAL,0.00,0.00,0.00,,,"lerm.parameter.master.table,768",Taste,DRINKING WATER,
Odour,CHEMICAL-WATER,Drinking Water,0.00,0.00,,FALSE,CHEMICAL,0.00,0.00,0.00,,,"lerm.parameter.master.table,769",Odour,DRINKING WATER,
Electrical Conductivity,CHEMICAL-WATER,Drinking Water,0.00,0.00,,FALSE,CHEMICAL,0.00,0.00,0.00,,,"lerm.parameter.master.table,770",Electrical Conductivity,DRINKING WATER,
Total Dissolved Solids,CHEMICAL-WATER,Drinking Water,0.00,0.00,,FALSE,CHEMICAL,0.00,0.00,0.00,,,"lerm.parameter.master.table,771",Total Dissolved Solids,DRINKING WATER,
"Total Alkalinity , as CaCO3",CHEMICAL-WATER,Drinking Water,0.00,0.00,,FALSE,CHEMICAL,0.00,0.00,0.00,,,"lerm.parameter.master.table,772","Total Alkalinity , as CaCO3",DRINKING WATER,
"Total Hardness , as CaCO3",CHEMICAL-WATER,Drinking Water,0.00,0.00,,FALSE,CHEMICAL,0.00,0.00,0.00,,,"lerm.parameter.master.table,773","Total Hardness , as CaCO3",DRINKING WATER,
Total Bacterial Count,CHEMICAL-WATER,Drinking Water,0.00,0.00,,FALSE,CHEMICAL,0.00,0.00,0.00,,,"lerm.parameter.master.table,774",Total Bacterial Count,DRINKING WATER,
EV2-Plate Load,Soil-Field,EV2 Plate Load,0.00,0.00,DIN 18134,FALSE,MECHANICAL,0.00,0.00,0.00,,,,,,
Width,MECHANICAL PROPERTIES OF METALS,FERROUS MATERIAL - STRUCTURAL STEEL MECHANICAL,0.00,0.00,,FALSE,MECHANICAL,0.00,0.00,0.00,mm,,"lerm.parameter.master.table,792",,FERROUS MATERIAL- STRUCTURAL STEEL,
Ultimate Tensile Strength,MECHANICAL PROPERTIES OF METALS,FERROUS MATERIAL - STRUCTURAL STEEL MECHANICAL,410.00,0.00,IS 1608 p-1 :2022,FALSE,MECHANICAL,0.01,750.00,0.00,N/mm2,NABL,"lerm.parameter.master.table,793",,FERROUS MATERIAL- STRUCTURAL STEEL,
% Elongation,MECHANICAL PROPERTIES OF METALS,FERROUS MATERIAL - STRUCTURAL STEEL MECHANICAL,22.00,0.00,IS 1608 p-1 :2022,FALSE,MECHANICAL,0.03,100.00,0.00,%,NABL,"lerm.parameter.master.table,794",,FERROUS MATERIAL- STRUCTURAL STEEL,
Fracture,MECHANICAL PROPERTIES OF METALS,FERROUS MATERIAL - STRUCTURAL STEEL MECHANICAL,0.00,0.00,,FALSE,MECHANICAL,0.00,0.00,0.00,,,,,FERROUS MATERIAL- STRUCTURAL STEEL,
Bend Test,MECHANICAL PROPERTIES OF METALS,FERROUS MATERIAL - STRUCTURAL STEEL MECHANICAL,0.00,0.00,IS 1599 : 2012,FALSE,MECHANICAL,0.00,0.00,0.00,,NABL,,,FERROUS MATERIAL- STRUCTURAL STEEL,
0.2% Proof Stress / Yield Stress,MECHANICAL PROPERTIES OF METALS,FERROUS MATERIAL - STRUCTURAL STEEL MECHANICAL,250.00,0.00,IS 1608 p-1 :2022,FALSE,MECHANICAL,0.01,850.00,0.00,N/mm2,NABL,"lerm.parameter.master.table,1226",,FERROUS MATERIAL- STRUCTURAL STEEL,
Thickness,MECHANICAL PROPERTIES OF METALS,FERROUS MATERIAL - STRUCTURAL STEEL MECHANICAL,0.00,0.00,,FALSE,MECHANICAL,0.00,0.00,0.00,mm,,,,FERROUS MATERIAL- STRUCTURAL STEEL,
Area,MECHANICAL PROPERTIES OF METALS,FERROUS MATERIAL - STRUCTURAL STEEL MECHANICAL,0.00,0.00,,FALSE,MECHANICAL,0.00,0.00,0.00,mm2,,,,FERROUS MATERIAL- STRUCTURAL STEEL,
Gauge Length,MECHANICAL PROPERTIES OF METALS,FERROUS MATERIAL - STRUCTURAL STEEL MECHANICAL,0.00,0.00,,FALSE,MECHANICAL,0.00,0.00,0.00,mm,,,,FERROUS MATERIAL- STRUCTURAL STEEL,
Final Length,MECHANICAL PROPERTIES OF METALS,FERROUS MATERIAL - STRUCTURAL STEEL MECHANICAL,0.00,0.00,,FALSE,MECHANICAL,0.00,0.00,0.00,mm,,,,FERROUS MATERIAL- STRUCTURAL STEEL,
0.2% Proof Load / Yield Load,MECHANICAL PROPERTIES OF METALS,FERROUS MATERIAL - STRUCTURAL STEEL MECHANICAL,0.00,0.00,,FALSE,MECHANICAL,0.00,0.00,0.00,KN,,,,FERROUS MATERIAL- STRUCTURAL STEEL,
Ultimate Load,MECHANICAL PROPERTIES OF METALS,FERROUS MATERIAL - STRUCTURAL STEEL MECHANICAL,0.00,0.00,,FALSE,MECHANICAL,0.00,0.00,0.00,KN,,,,FERROUS MATERIAL- STRUCTURAL STEEL,
Dia,MECHANICAL PROPERTIES OF METALS,FERROUS MATERIAL - STRUCTURAL STEEL ROUND MECHANICAL,0.00,0.00,,FALSE,MECHANICAL,0.00,0.00,0.00,mm,NABL,"lerm.parameter.master.table,1899",,FERROUS MATERIAL - STRUCTURAL STEEL ROUND MECHANICAL,
Area,MECHANICAL PROPERTIES OF METALS,FERROUS MATERIAL - STRUCTURAL STEEL ROUND MECHANICAL,0.00,0.00,,FALSE,MECHANICAL,0.00,0.00,0.00,mm2,NABL,"lerm.parameter.master.table,1900",,FERROUS MATERIAL - STRUCTURAL STEEL ROUND MECHANICAL,
Gauge Length,MECHANICAL PROPERTIES OF METALS,FERROUS MATERIAL - STRUCTURAL STEEL ROUND MECHANICAL,0.00,0.00,,FALSE,MECHANICAL,0.00,0.00,0.00,N/mm2,NABL,"lerm.parameter.master.table,1901",,FERROUS MATERIAL - STRUCTURAL STEEL ROUND MECHANICAL,
Final Length,MECHANICAL PROPERTIES OF METALS,FERROUS MATERIAL - STRUCTURAL STEEL ROUND MECHANICAL,0.00,0.00,,FALSE,MECHANICAL,0.00,0.00,0.00,N/mm2,NABL,"lerm.parameter.master.table,1902",,FERROUS MATERIAL - STRUCTURAL STEEL ROUND MECHANICAL,
0.2% proof Load / Yield Load,MECHANICAL PROPERTIES OF METALS,FERROUS MATERIAL - STRUCTURAL STEEL ROUND MECHANICAL,0.00,0.00,,FALSE,MECHANICAL,0.00,0.00,0.00,N/mm2,NABL,"lerm.parameter.master.table,1903",,FERROUS MATERIAL - STRUCTURAL STEEL ROUND MECHANICAL,
Ultimate Load,MECHANICAL PROPERTIES OF METALS,FERROUS MATERIAL - STRUCTURAL STEEL ROUND MECHANICAL,0.00,0.00,,FALSE,MECHANICAL,0.00,0.00,0.00,N/mm2,NABL,"lerm.parameter.master.table,1904",,FERROUS MATERIAL - STRUCTURAL STEEL ROUND MECHANICAL,
0.2% proof Load / Yield Stress,MECHANICAL PROPERTIES OF METALS,FERROUS MATERIAL - STRUCTURAL STEEL ROUND MECHANICAL,250.00,0.00,,FALSE,MECHANICAL,0.00,450.00,0.00,N/mm2,NABL,"lerm.parameter.master.table,1905",False,FERROUS MATERIAL - STRUCTURAL STEEL ROUND MECHANICAL,
Ultimate Tensile Strength,MECHANICAL PROPERTIES OF METALS,FERROUS MATERIAL - STRUCTURAL STEEL ROUND MECHANICAL,410.00,0.00,,FALSE,MECHANICAL,0.01,750.00,0.00,N/mm2,NABL,"lerm.parameter.master.table,1906",,FERROUS MATERIAL - STRUCTURAL STEEL ROUND MECHANICAL,
% Elongation,MECHANICAL PROPERTIES OF METALS,FERROUS MATERIAL - STRUCTURAL STEEL ROUND MECHANICAL,23.00,0.00,,FALSE,MECHANICAL,0.03,100.00,0.00,N/mm2,NABL,"lerm.parameter.master.table,1907",,FERROUS MATERIAL - STRUCTURAL STEEL ROUND MECHANICAL,
Rebend Test,MECHANICAL PROPERTIES OF METALS,FERROUS MATERIAL - STRUCTURAL STEEL ROUND MECHANICAL,0.00,0.00,,FALSE,MECHANICAL,0.00,0.00,0.00,,,"lerm.parameter.master.table,1910",,FERROUS MATERIAL - STRUCTURAL STEEL ROUND MECHANICAL,
Na2O,BUILDING MATERIALS - CHEMICAL,,0.00,0.00,,FALSE,CHEMICAL,0.00,0.00,0.00,,Non NABL,"lerm.parameter.master.table,789",Wt of sample,,
K2O,BUILDING MATERIALS - CHEMICAL,,0.00,0.00,,FALSE,CHEMICAL,0.00,0.00,0.00,,Non NABL,"lerm.parameter.master.table,790",Wt of Sample,,
Bend Test,MECHANICAL PROPERTIES OF METALS,FERROUS MATERIAL - STRUCTURAL STEEL ROUND MECHANICAL,0.00,0.00,,FALSE,MECHANICAL,0.00,0.00,0.00,,NABL,"lerm.parameter.master.table,1908",,FERROUS MATERIAL - STRUCTURAL STEEL ROUND MECHANICAL,
Nature of Aggregate,BUILDING MATERIALS - CHEMICAL,,0.00,0.00,,FALSE,CHEMICAL,0.00,0.00,0.00,,NABL,"lerm.parameter.master.table,791",Nature of Aggregate,,
Fracture,MECHANICAL PROPERTIES OF METALS,FERROUS MATERIAL - STRUCTURAL STEEL ROUND MECHANICAL,0.00,0.00,,FALSE,MECHANICAL,0.00,0.00,0.00,,,"lerm.parameter.master.table,1909",,FERROUS MATERIAL - STRUCTURAL STEEL ROUND MECHANICAL,
Thickness,MECHANICAL PROPERTIES OF METALS,FERROUS MATERIAL - STRUCTURAL STEEL ROUND MECHANICAL,0.00,0.00,,FALSE,MECHANICAL,0.00,0.00,0.00,,NABL,"lerm.parameter.master.table,3232",,FERROUS MATERIAL - STRUCTURAL STEEL ROUND MECHANICAL,
Deleterious content (Light weight Particles- coal and lignite),BUILDING INFRASTRUCTURE AND CONSTRUCTION MATERIAL,FINE AGGREGATE,0.01,0.00,IS 2386 (Part-2) :1963 RA 2021,FALSE,MECHANICAL,0.00,20.00,0.00,%,NABL,"lerm.parameter.master.table,3005",,FINE AGGREGATE,
Soundness by MgSO4,BUILDING INFRASTRUCTURE AND CONSTRUCTION MATERIAL,FINE AGGREGATE,0.01,0.00,IS 2386 (Part-5) :1963 RA 2021,FALSE,MECHANICAL,0.01,20.00,0.00,%,NABL,"lerm.parameter.master.table,3006",,FINE AGGREGATE,
Soundness by Na2SO4,BUILDING INFRASTRUCTURE AND CONSTRUCTION MATERIAL,FINE AGGREGATE,0.01,0.00,IS 2386 (Part-5) :1963 RA 2021,FALSE,MECHANICAL,0.01,20.00,0.00,%,NABL,"lerm.parameter.master.table,3007",,FINE AGGREGATE,
Deleterious content (Clay Lumps),BUILDING INFRASTRUCTURE AND CONSTRUCTION MATERIAL,FINE AGGREGATE,0.01,0.00,IS 2386 (Part-2) :1963 RA 2021,FALSE,MECHANICAL,0.00,20.00,0.00,%,NABL,"lerm.parameter.master.table,3008",,FINE AGGREGATE,
Loose Bulk Density (LBD),BUILDING INFRASTRUCTURE AND CONSTRUCTION MATERIAL,FINE AGGREGATE,1.20,0.00,IS 2386 (Part-3) :1963 RA 2021,FALSE,MECHANICAL,0.00,3.00,0.00,Kg/l,NABL,"lerm.parameter.master.table,3009",,FINE AGGREGATE,
Deleterious content (Material Finer than 75 micron),BUILDING INFRASTRUCTURE AND CONSTRUCTION MATERIAL,FINE AGGREGATE,1.00,0.00,IS 2386 (Part-1) :1963 RA 2021,FALSE,MECHANICAL,0.01,50.00,0.00,%,NABL,"lerm.parameter.master.table,3010",,FINE AGGREGATE,
Sieve Analysis,BUILDING INFRASTRUCTURE AND CONSTRUCTION MATERIAL,FINE AGGREGATE,0.10,0.00,IS 2386 (Part-1) :1963 RA 2021,FALSE,MECHANICAL,0.03,100.00,0.00,%,NABL,"lerm.parameter.master.table,3011",,FINE AGGREGATE,
pH-Value,CHEMICAL-WATER,,0.00,0.00,,FALSE,CHEMICAL,0.00,0.00,0.00,,,"lerm.parameter.master.table,401",,,
Speciﬁc Gravity,BUILDING INFRASTRUCTURE AND CONSTRUCTION MATERIAL,FINE AGGREGATE,2.00,0.00,IS 2386 (Part-3) :1963 RA 2021,FALSE,MECHANICAL,0.00,3.30,0.00,--,NABL,"lerm.parameter.master.table,3012",,FINE AGGREGATE,
Moisture Content,BUILDING INFRASTRUCTURE AND CONSTRUCTION MATERIAL,FINE AGGREGATE,0.10,0.00,IS 2386 (Part-3) :1963 RA 2021,FALSE,MECHANICAL,0.00,20.00,0.00,%,NABL,"lerm.parameter.master.table,3013",,FINE AGGREGATE,
Water Absorption,BUILDING INFRASTRUCTURE AND CONSTRUCTION MATERIAL,FINE AGGREGATE,0.10,0.00,IS 2386 (Part-3) :1963 RA 2021,FALSE,MECHANICAL,0.00,15.00,0.00,%,NABL,"lerm.parameter.master.table,3014",,FINE AGGREGATE,
Rodded Bulk Density (RBD),BUILDING INFRASTRUCTURE AND CONSTRUCTION MATERIAL,FINE AGGREGATE,1.20,0.00,IS 2386 (Part-3) :1963 RA 2021,FALSE,MECHANICAL,0.00,3.00,0.00,Kg/l,NABL,"lerm.parameter.master.table,3015",,FINE AGGREGATE,
Organic Impurities,BUILDING MATERIALS - CHEMICAL,Fine Aggregate Organic Impurities,0.00,0.00,,FALSE,CHEMICAL,0.00,0.00,0.00,,NABL,"lerm.parameter.master.table,3163",Organic Impurities,Fine Aggregate,
FLUSH DOOR,BUILDING INFRASTRUCTURE AND CONSTRUCTION MATERIAL,FLUSH DOOR,0.00,0.00,,FALSE,MECHANICAL,0.00,0.00,0.00,,,,,FLUSH DOOR,
Compressive Strength,BUILDING INFRASTRUCTURE AND CONSTRUCTION MATERIAL,Fly Ash (Mechanical),4.00,0.00,IS 1727: 1967,FALSE,MECHANICAL,0.01,100.00,0.00,N/mm2,NABL,"lerm.parameter.master.table,606",,Flyash Mechanical,
Normal Consistency,BUILDING INFRASTRUCTURE AND CONSTRUCTION MATERIAL,Fly Ash (Mechanical),0.00,0.00,,FALSE,MECHANICAL,0.00,0.00,0.00,%,NABL,"lerm.parameter.master.table,607",,Flyash Mechanical,
Lime reactivity,BUILDING INFRASTRUCTURE AND CONSTRUCTION MATERIAL,Fly Ash (Mechanical),0.00,0.00,,FALSE,MECHANICAL,0.00,0.00,0.00,N/mm2,NABL,"lerm.parameter.master.table,608",,Flyash Mechanical,
"P-Alkalinity , as CaCO3",,,0.00,0.00,,FALSE,CHEMICAL,0.00,0.00,0.00,,,"lerm.parameter.master.table,409",,,
Particles retained on 45 micron IS sieve (wet sieving),BUILDING INFRASTRUCTURE AND CONSTRUCTION MATERIAL,Fly Ash (Mechanical),0.10,0.00,IS 1727: 1967,FALSE,MECHANICAL,0.04,40.00,0.00,%,NABL,"lerm.parameter.master.table,610",,Flyash Mechanical,
"Chlorides ,as Cl",CHEMICAL-WATER,,0.00,0.00,,FALSE,CHEMICAL,0.00,0.00,0.00,,,"lerm.parameter.master.table,411",,,
"Calcium , as Ca",CHEMICAL-WATER,,0.00,0.00,,FALSE,CHEMICAL,0.00,0.00,0.00,,,"lerm.parameter.master.table,412",,,
"Magnesium , as Mg",,,0.00,0.00,,FALSE,CHEMICAL,0.00,0.00,0.00,,,"lerm.parameter.master.table,413",,,
"Reactive Silica , As SiO2",CHEMICAL-WATER,,0.00,0.00,,FALSE,CHEMICAL,0.00,0.00,0.00,,,"lerm.parameter.master.table,414",,,
"Sulphates , as SO4",CHEMICAL-WATER,,0.00,0.00,,FALSE,CHEMICAL,0.00,0.00,0.00,,,"lerm.parameter.master.table,415",,,
Soundness by Le-Chatelier Method,BUILDING INFRASTRUCTURE AND CONSTRUCTION MATERIAL,Fly Ash (Mechanical),0.10,0.00,IS 1727: 1967,FALSE,MECHANICAL,0.14,20.00,0.00,mm,NABL,"lerm.parameter.master.table,612",,Flyash Mechanical,
Coliform,CHEMICAL-WATER,,0.00,0.00,,FALSE,CHEMICAL,0.00,0.00,0.00,,,"lerm.parameter.master.table,417",,,
Escherichia coli,CHEMICAL-WATER,,0.00,0.00,,FALSE,CHEMICAL,0.00,0.00,0.00,,,"lerm.parameter.master.table,418",,,
Specific Gravity,BUILDING INFRASTRUCTURE AND CONSTRUCTION MATERIAL,Fly Ash (Mechanical),1.10,0.00,IS 1727: 1967,FALSE,MECHANICAL,0.04,4.00,0.00,--,NABL,"lerm.parameter.master.table,613",,Flyash Mechanical,
Nature of Aggregate,BUILDING MATERIALS - CHEMICAL,,0.00,0.00,,FALSE,CHEMICAL,0.00,0.00,0.00,,,"lerm.parameter.master.table,419",Nature of Aggregate,,
Calcium Oxide + Magnesium Oxide,BUILDING MATERIALS - CHEMICAL,,0.00,0.00,IS 6932(Part 1): 1973,FALSE,CHEMICAL,0.00,0.00,0.00,,NABL,"lerm.parameter.master.table,439",Calcium Oxide,,
Fineness By Blaine Air Permeability Method,BUILDING INFRASTRUCTURE AND CONSTRUCTION MATERIAL,Fly Ash (Mechanical),100.00,0.00,IS 1727: 1967,FALSE,MECHANICAL,0.02,600.00,0.00,m2/kg,NABL,"lerm.parameter.master.table,614",,Flyash Mechanical,
Final setting time,BUILDING INFRASTRUCTURE AND CONSTRUCTION MATERIAL,Fly Ash (Mechanical),30.00,0.00,IS 1727: 1967,FALSE,MECHANICAL,0.01,350.00,0.00,Minute,NABL,"lerm.parameter.master.table,615",,Flyash Mechanical,
Initial Setting Time,BUILDING MATERIALS - CHEMICAL,Fly Ash (Mechanical),0.00,0.00,,FALSE,MECHANICAL,0.00,300.00,0.00,Minute,NABL,"lerm.parameter.master.table,1228",,Flyash Mechanical,
Soundness By Autoclave Method,BUILDING INFRASTRUCTURE AND CONSTRUCTION MATERIAL,Fly Ash (Mechanical),0.00,0.00,,FALSE,MECHANICAL,0.00,0.00,0.00,,Non NABL,,,Flyash Mechanical,
% Magnesium Oxide,BUILDING MATERIALS - CHEMICAL,Fly Ash-Chemical,0.10,0.00,IS 1727:1967 (RA 2018),FALSE,CHEMICAL,0.01,8.00,0.00,% by mass,NABL,"lerm.parameter.master.table,593",sample wt (gm),FLY ASH (CHEMICAL),
CaO,BUILDING MATERIALS - CHEMICAL,Fly Ash-Chemical,0.10,0.00,,FALSE,CHEMICAL,0.00,6.00,0.00,% by mass,NABL,"lerm.parameter.master.table,594",Wt of Sample (gm),FLY ASH (CHEMICAL),
Loss on ignition,BUILDING MATERIALS - CHEMICAL,Fly Ash-Chemical,0.10,0.00,IS 1727: 1967,FALSE,CHEMICAL,0.00,10.00,0.00,% by mass,NABL,"lerm.parameter.master.table,595",wt of empty crucible (gm),FLY ASH (CHEMICAL),
MgO,BUILDING MATERIALS - CHEMICAL,Fly Ash-Chemical,0.10,0.00,IS 1727:1967,FALSE,CHEMICAL,0.01,8.00,0.00,% by mass,NABL,"lerm.parameter.master.table,596",Wt of Sample (gm),FLY ASH (CHEMICAL),
Silica (SiO2),BUILDING MATERIALS - CHEMICAL,Fly Ash-Chemical,20.00,0.00,IS 1727:1967,FALSE,CHEMICAL,0.00,70.00,0.00,% by mass,NABL,"lerm.parameter.master.table,597",Wt of sample taken W1 (gm),FLY ASH (CHEMICAL),
Sulphuric Anhydride (SO3),BUILDING MATERIALS - CHEMICAL,Fly Ash-Chemical,0.10,0.00,IS 1727:1967,FALSE,CHEMICAL,0.01,50.00,0.00,% by mass,NABL,"lerm.parameter.master.table,1882",sample wt (gm),FLY ASH (CHEMICAL),
Chloride,BUILDING MATERIALS - CHEMICAL,Fly Ash-Chemical,0.01,0.00,IS 4032 :1985,FALSE,CHEMICAL,0.09,0.50,0.00,% by mass,NABL,"lerm.parameter.master.table,598",Burette reading for Blank,FLY ASH (CHEMICAL),
%Alumina (Al2O3),BUILDING MATERIALS - CHEMICAL,Fly Ash-Chemical,5.00,0.00,,FALSE,CHEMICAL,0.00,35.00,0.00,% by mass,NABL,"lerm.parameter.master.table,599",,FLY ASH (CHEMICAL),
Combined Ferric Oxide and Alumina,BUILDING MATERIALS - CHEMICAL,Fly Ash-Chemical,5.00,0.00,IS 516 (Part-5 Sec-2),FALSE,CHEMICAL,0.00,35.00,0.00,% by mass,NABL,"lerm.parameter.master.table,600",Wt of empty crucible (gm),FLY ASH (CHEMICAL),
%Ferric Oxide,BUILDING MATERIALS - CHEMICAL,Fly Ash-Chemical,0.10,0.00,,FALSE,CHEMICAL,0.00,10.00,0.00,% by mass,NABL,"lerm.parameter.master.table,601",Wt of sample (gm),FLY ASH (CHEMICAL),
% Calicum Oxide,BUILDING MATERIALS - CHEMICAL,Fly Ash-Chemical,0.10,0.00,IS:4032:1985(RA):(2019) Clause 4.13,FALSE,CHEMICAL,0.00,6.00,0.00,% by mass,NABL,"lerm.parameter.master.table,602",A) sample wt (gm),FLY ASH (CHEMICAL),
Available alkalies as Na2O,BUILDING MATERIALS - CHEMICAL,Fly Ash-Chemical,0.00,0.00,IS 3812 Pl:2013 Annex C,FALSE,CHEMICAL,0.01,2.00,0.00,% by mass,NABL,"lerm.parameter.master.table,603",Alkali as Na₂O,FLY ASH (CHEMICAL),
Alkali as Na₂O,BUILDING MATERIALS - CHEMICAL,Fly Ash-Chemical,0.00,0.00,IS 3812 Pl:2013 Annex C,FALSE,CHEMICAL,0.01,2.00,0.00,% by mass,NABL,"lerm.parameter.master.table,604",A)Weight of sample taken,FLY ASH (CHEMICAL),
Alkali as K₂O,BUILDING MATERIALS - CHEMICAL,Fly Ash-Chemical,0.00,0.00,IS 3812 Pl:2013 Annex C,FALSE,CHEMICAL,0.01,2.00,0.00,% by mass,NABL,"lerm.parameter.master.table,605",A)Weight of sample taken,FLY ASH (CHEMICAL),
SiO2 + Al2O3 + Fe2O3 %,BUILDING MATERIALS - CHEMICAL,Fly Ash-Chemical,0.00,0.00,IS 516 (Part-5 /Sec-3),FALSE,CHEMICAL,0.00,99.00,0.00,% by mass,NABL,"lerm.parameter.master.table,2919",Silica (SiO2),FLY ASH (CHEMICAL),
Adhesion of coating,BUILDING INFRASTRUCTURE AND CONSTRUCTION MATERIAL,Fusion Bond Epoxy Coated Bar Test,0.00,0.00,IS 13620 : 1993,FALSE,MECHANICAL,0.00,0.00,0.00,--,NABL,"lerm.parameter.master.table,2930",,FUSION BOND EPOXY COATING,
Coating Thickness,BUILDING INFRASTRUCTURE AND CONSTRUCTION MATERIAL,Fusion Bond Epoxy Coated Bar Test,100.00,0.00,IS 13620 : 1993,FALSE,MECHANICAL,0.02,300.00,0.00,micron,NABL,"lerm.parameter.master.table,2927",,FUSION BOND EPOXY COATING,
Continuity of Coating,BUILDING INFRASTRUCTURE AND CONSTRUCTION MATERIAL,Fusion Bond Epoxy Coated Bar Test,0.00,0.00,IS 13620 : 1993,FALSE,MECHANICAL,0.00,0.00,0.00,--,NABL,"lerm.parameter.master.table,2931",,FUSION BOND EPOXY COATING,
DIA,BUILDING INFRASTRUCTURE AND CONSTRUCTION MATERIAL,Fusion Bond Epoxy Coated Bar Test,0.00,0.00,IS 13620 : 1993,FALSE,MECHANICAL,0.00,0.00,0.00,mm,NABL,,,FUSION BOND EPOXY COATING,
Carbon,METALS & ALLOYS,G I PIPE,0.00,0.00,,FALSE,CHEMICAL,0.00,0.00,0.00,% by mass,NABL,"lerm.parameter.master.table,4841",Carbon,G I PIPE,
Manganese,METALS & ALLOYS,G I PIPE,0.00,0.00,,FALSE,CHEMICAL,0.00,0.00,0.00,% by mass,NABL,"lerm.parameter.master.table,4842",Manganese,G I PIPE,
Sulphur,METALS & ALLOYS,G I PIPE,0.00,0.00,,FALSE,CHEMICAL,0.00,0.00,0.00,% by mass,NABL,"lerm.parameter.master.table,4843",Sulphur,G I PIPE,
Phosphorous,METALS & ALLOYS,G I PIPE,0.00,0.00,,FALSE,CHEMICAL,0.00,0.00,0.00,% by mass,NABL,"lerm.parameter.master.table,4844",Phosphorous,G I PIPE,
Ultimate Tensile Strength,MECHANICAL PROPERTIES OF METALS,G I PIPE(MECHANICAL),0.00,0.00,,FALSE,MECHANICAL,0.00,0.00,0.00,,,,,G I PIPE(MECHANICAL),
Carbon,,GALVANIZED STEEL,0.00,0.00,,FALSE,,0.00,0.00,0.00,,,,,GALVANIZED STEEL,
Carbon,METALS & ALLOYS,GALVANIZED STEEL,0.00,0.00,,FALSE,CHEMICAL,0.00,0.00,0.00,% by mass,NABL,"lerm.parameter.master.table,3602",Wt of Sample taken (gm),GALVANIZED STEEL,
Manganese,METALS & ALLOYS,GALVANIZED STEEL,0.00,0.00,,FALSE,CHEMICAL,0.00,0.00,0.00,% by mass,NABL,"lerm.parameter.master.table,3598",Wt of Sample taken gm,GALVANIZED STEEL,
Phosphorous,METALS & ALLOYS,GALVANIZED STEEL,0.00,0.00,,FALSE,CHEMICAL,0.00,0.00,0.00,% by mass,NABL,"lerm.parameter.master.table,3601",Wt of Sample taken (gm),GALVANIZED STEEL,
Sulphur,METALS & ALLOYS,GALVANIZED STEEL,0.00,0.00,,FALSE,CHEMICAL,0.00,0.00,0.00,% by mass,NABL,"lerm.parameter.master.table,3600","volume, in ml, of potassium iodate added",GALVANIZED STEEL,
Loss On Ignition,BUILDING MATERIALS - CHEMICAL,GGBS - Chemical,0.10,0.00,IS 4032 -1985 RA 2019,FALSE,CHEMICAL,0.01,10.00,0.00,% by mass,NABL,"lerm.parameter.master.table,672",Wt of crucible + Sample before ignition (gm),GGBS/UGGBS/Alccofine- CHEMICAL,
Moisture,BUILDING MATERIALS - CHEMICAL,GGBS - Chemical,0.10,0.00,IS 16714/IS 16715 - 2018,FALSE,CHEMICAL,0.19,2.00,0.00,% by mass,NABL,"lerm.parameter.master.table,673",Wt of moisture bottle + Sample before drying,GGBS/UGGBS/Alccofine- CHEMICAL,
Insoluble Residue,BUILDING MATERIALS - CHEMICAL,GGBS - Chemical,0.20,0.00,IS 4032-1985 RA 2019,FALSE,CHEMICAL,0.03,50.00,0.00,% by mass,NABL,"lerm.parameter.master.table,674",Wt of Sample (gm),GGBS/UGGBS/Alccofine- CHEMICAL,
Chloride,BUILDING MATERIALS - CHEMICAL,GGBS - Chemical,0.01,0.00,IS 4032-1985 RA 2019,FALSE,CHEMICAL,0.21,1.00,0.00,% by mass,NABL,"lerm.parameter.master.table,675",A) Blank reading (ml),GGBS/UGGBS/Alccofine- CHEMICAL,
Sulphuric Anhydride as (SO₃),BUILDING MATERIALS - CHEMICAL,GGBS - Chemical,0.10,0.00,IS 4032 -1985 RA 2019,FALSE,CHEMICAL,0.01,5.00,0.00,% by mass,NABL,"lerm.parameter.master.table,676",Wt of Sample (gm),GGBS/UGGBS/Alccofine- CHEMICAL,
Al₂O₃ = R₂O₃ - Fe₂O₃,BUILDING MATERIALS - CHEMICAL,GGBS - Chemical,0.00,0.00,IS 4032 -1985 RA 2019,FALSE,CHEMICAL,0.00,0.00,0.00,% by mass,NABL,"lerm.parameter.master.table,677",R₂O₃,GGBS/UGGBS/Alccofine- CHEMICAL,
R₂O₃,BUILDING MATERIALS - CHEMICAL,GGBS - Chemical,0.00,0.00,IS 4032: 1985,FALSE,CHEMICAL,0.00,0.00,0.00,% by mass,NABL,"lerm.parameter.master.table,1737",A) Wt of Sample (gm),GGBS/UGGBS/Alccofine- CHEMICAL,
Fe₂O₃,BUILDING MATERIALS - CHEMICAL,GGBS - Chemical,0.20,0.00,IS 4032: 1985,FALSE,CHEMICAL,0.02,10.00,0.00,% by mass,NABL,"lerm.parameter.master.table,1738",A) Wt of Sample (gm),GGBS/UGGBS/Alccofine- CHEMICAL,
MnO,BUILDING MATERIALS - CHEMICAL,GGBS - Chemical,0.10,0.00,IS 4032 -1985 RA 2019,FALSE,CHEMICAL,0.08,10.00,0.00,% by mass,NABL,"lerm.parameter.master.table,678",A) Wt of Sample (gm),GGBS/UGGBS/Alccofine- CHEMICAL,
Sulphide Sulphur,BUILDING MATERIALS - CHEMICAL,GGBS - Chemical,0.01,0.00,IS 4032 -1985 RA 2019,FALSE,CHEMICAL,0.01,2.00,0.00,% by mass,NABL,"lerm.parameter.master.table,679",A)Wt of Sample,GGBS/UGGBS/Alccofine- CHEMICAL,
(CaO + MgO + 1/3 Al2O3)/SiO2 + 2/3 Al2O3,BUILDING MATERIALS - CHEMICAL,GGBS - Chemical,0.00,0.00,IS 4032 -1985 RA 2019,FALSE,CHEMICAL,0.00,0.00,0.00,% by mass,NABL,"lerm.parameter.master.table,680",Lime (CaO),GGBS/UGGBS/Alccofine- CHEMICAL,
Lime (CaO),BUILDING MATERIALS - CHEMICAL,GGBS - Chemical,30.00,0.00,IS 4032: 1985,FALSE,CHEMICAL,0.00,70.00,0.00,% by mass,NABL,"lerm.parameter.master.table,1739",A) Wt of Sample (gm),GGBS/UGGBS/Alccofine- CHEMICAL,
MgO,BUILDING MATERIALS - CHEMICAL,GGBS - Chemical,0.20,0.00,IS 4032: 1985,FALSE,CHEMICAL,0.02,25.00,0.00,% by mass,NABL,"lerm.parameter.master.table,1740",A) Wt of Sample (gm),GGBS/UGGBS/Alccofine- CHEMICAL,
Alumina(Al2O3),BUILDING MATERIALS - CHEMICAL,GGBS - Chemical,1.00,0.00,IS 4032: 1985,FALSE,CHEMICAL,0.01,30.00,0.00,% by mass,NABL,"lerm.parameter.master.table,1741",Wt of Sample (gm),GGBS/UGGBS/Alccofine- CHEMICAL,
Silica (SiO₂),BUILDING MATERIALS - CHEMICAL,GGBS - Chemical,16.00,0.00,IS 4032: 1985,FALSE,CHEMICAL,0.00,40.00,0.00,% by mass,NABL,"lerm.parameter.master.table,1742",A) Wt of Sample (gm),GGBS/UGGBS/Alccofine- CHEMICAL,
(CaO + MgO + Al2O3) / SiO2,BUILDING MATERIALS - CHEMICAL,GGBS - Chemical,0.00,0.00,IS 4032 -1985 RA 2019,FALSE,CHEMICAL,0.00,0.00,0.00,% by mass,,"lerm.parameter.master.table,681",Lime (CaO),GGBS/UGGBS/Alccofine- CHEMICAL,
(CaO + CaS + 1/2 MgO + Al2O3) / SiO2 + MnO,BUILDING MATERIALS - CHEMICAL,GGBS - Chemical,0.00,0.00,IS 4032 -1985 RA 2019,FALSE,CHEMICAL,0.00,0.00,0.00,% by mass,,"lerm.parameter.master.table,682",Lime (CaO),GGBS/UGGBS/Alccofine- CHEMICAL,
SiO2,BUILDING MATERIALS - CHEMICAL,GGBS - Chemical,0.00,0.00,IS 4032-1985 RA 2019,FALSE,CHEMICAL,0.00,0.00,0.00,% by mass,,"lerm.parameter.master.table,683",,GGBS/UGGBS/Alccofine- CHEMICAL,
CaS,BUILDING MATERIALS - CHEMICAL,GGBS - Chemical,0.00,0.00,,FALSE,CHEMICAL,0.00,99.00,0.00,% by mass,NABL,"lerm.parameter.master.table,1744",Sulphide Sulphur,GGBS/UGGBS/Alccofine- CHEMICAL,
Iron Oxide,BUILDING MATERIALS - CHEMICAL,GGBS - Chemical,0.00,0.00,IS 4032:1985,FALSE,CHEMICAL,0.00,999.00,0.00,% by mass,NABL,"lerm.parameter.master.table,2936",A) Wt of Sample (gm),GGBS/UGGBS/Alccofine- CHEMICAL,
Alkali as Na2O,BUILDING MATERIALS - CHEMICAL,GGBS - Chemical,0.00,0.00,,FALSE,CHEMICAL,0.00,"100,000.00",0.00,% by mass,,"lerm.parameter.master.table,3495",Weight of sample taken,GGBS/UGGBS/Alccofine- CHEMICAL,
Alkali as K2O,BUILDING MATERIALS - CHEMICAL,GGBS - Chemical,0.00,0.00,,FALSE,CHEMICAL,0.00,"1,000,000.00",0.00,% by mass,,"lerm.parameter.master.table,3496",Weight of sample taken,GGBS/UGGBS/Alccofine- CHEMICAL,
Alkali  Content,BUILDING MATERIALS - CHEMICAL,GGBS - Chemical,0.00,0.00,,FALSE,CHEMICAL,0.00,"1,000,000.00",0.00,% by mass,,"lerm.parameter.master.table,3497",Alkali as Na2O,GGBS/UGGBS/Alccofine- CHEMICAL,
Normal Consistency GGBS,BUILDING INFRASTRUCTURE AND CONSTRUCTION MATERIAL,GGBS - Mechanical Test,20.00,0.00,IS 4031 (Part-4)1988,FALSE,MECHANICAL,0.01,40.00,0.00,% by mass,Non NABL,,,GGBS MECHANICAL,
Specific Gravity,BUILDING INFRASTRUCTURE AND CONSTRUCTION MATERIAL,GGBS - Mechanical Test,2.00,0.00,IS 1727: 1967,FALSE,MECHANICAL,0.04,4.00,0.00,--,NABL,"lerm.parameter.master.table,1235",,GGBS MECHANICAL,
Slag Activity Index 7 Days,BUILDING INFRASTRUCTURE AND CONSTRUCTION MATERIAL,GGBS - Mechanical Test,30.00,0.00,IS 4031(Part-6)1988,FALSE,MECHANICAL,0.08,100.00,0.00,N/mm2,NABL,"lerm.parameter.master.table,609",,GGBS MECHANICAL,
Fineness by Blaines Air Permeability Method GGBS,BUILDING INFRASTRUCTURE AND CONSTRUCTION MATERIAL,GGBS - Mechanical Test,100.00,0.00,IS 4031(Part-2)1999,FALSE,MECHANICAL,0.05,600.00,0.00,m2/kg,NABL,"lerm.parameter.master.table,1236",,GGBS MECHANICAL,
Slag Activity Index 28 Days,BUILDING INFRASTRUCTURE AND CONSTRUCTION MATERIAL,GGBS - Mechanical Test,30.00,0.00,IS 4031(Part-6)1988,FALSE,MECHANICAL,0.00,100.00,0.00,N/mm2,NABL,"lerm.parameter.master.table,611",,GGBS MECHANICAL,
Normal Consistency,BUILDING INFRASTRUCTURE AND CONSTRUCTION MATERIAL,GGBS - Mechanical Test,0.00,0.00,,FALSE,MECHANICAL,0.00,0.00,0.00,,,,,GGBS MECHANICAL,
Initial Setting Time,BUILDING INFRASTRUCTURE AND CONSTRUCTION MATERIAL,GGBS - Mechanical Test,0.00,0.00,,FALSE,MECHANICAL,0.00,0.00,0.00,,,,,GGBS MECHANICAL,
Final Setting Time,BUILDING INFRASTRUCTURE AND CONSTRUCTION MATERIAL,GGBS - Mechanical Test,0.00,0.00,,FALSE,MECHANICAL,0.00,0.00,0.00,,,,,GGBS MECHANICAL,
Sodium Oxide(Na2O),,GGBS/UGGBS/Alccofine- CHEMICAL,0.00,0.00,,FALSE,CHEMICAL,0.00,0.00,0.00,% by mass,Non NABL,,,,
Carbon,METALS & ALLOYS,GI SHEET,0.00,0.00,,FALSE,CHEMICAL,0.00,0.00,0.00,% by mass,NABL,"lerm.parameter.master.table,4896",Carbon,GI SHEET,
Carbon,METALS & ALLOYS,GI SHEET,0.00,0.00,ASTM E 415-21,FALSE,CHEMICAL,0.00,0.00,0.00,% by mass,Non NABL,,,GI SHEET,
pH of 30 % solution,BUILDING MATERIALS - CHEMICAL,,1.00,0.00,IS 2720 part 26: 1987 RA 2016,FALSE,CHEMICAL,0.00,14.00,0.00,,NABL,,ph_Value,,
Manganese,METALS & ALLOYS,GI SHEET,0.00,0.00,,FALSE,CHEMICAL,0.00,0.00,0.00,% by mass,NABL,"lerm.parameter.master.table,4893",Manganese,GI SHEET,
Sulphur,METALS & ALLOYS,GI SHEET,0.00,0.00,,FALSE,CHEMICAL,0.00,0.00,0.00,% by mass,NABL,"lerm.parameter.master.table,4894",Sulphur,GI SHEET,
Phosphorous,METALS & ALLOYS,GI SHEET,0.00,0.00,,FALSE,CHEMICAL,0.00,0.00,0.00,% by mass,NABL,"lerm.parameter.master.table,4895",Phosphorous,GI SHEET,
GRANITE,BUILDING MATERIALS - CHEMICAL,GRANITE,0.00,0.00,,FALSE,MECHANICAL,0.00,0.00,0.00,,,,,Granite,
Dry Gradation,BUILDING INFRASTRUCTURE AND CONSTRUCTION MATERIAL,Granular Sub Base ( GSB ),0.10,0.00,,FALSE,MECHANICAL,0.03,100.00,0.00,%,NABL,"lerm.parameter.master.table,3036",,GSB MECHANICAL,
Water Absorbtion,BUILDING INFRASTRUCTURE AND CONSTRUCTION MATERIAL,Granular Sub Base ( GSB ),0.10,0.00,IS 2386 (PART-3)1963 RA 2021,FALSE,MECHANICAL,0.00,15.00,0.00,%,NABL,"lerm.parameter.master.table,3037",,GSB MECHANICAL,
Elongation Index,BUILDING INFRASTRUCTURE AND CONSTRUCTION MATERIAL,Granular Sub Base ( GSB ),5.00,0.00,IS 2386 (PART-1)1963 RA 2021,FALSE,MECHANICAL,0.02,50.00,0.00,%,NABL,"lerm.parameter.master.table,3043",,GSB MECHANICAL,
Flakiness Index,BUILDING INFRASTRUCTURE AND CONSTRUCTION MATERIAL,Granular Sub Base ( GSB ),5.00,0.00,IS 2386 (PART-1)1963 RA 2021,FALSE,MECHANICAL,0.02,50.00,0.00,%,NABL,"lerm.parameter.master.table,3044",,GSB MECHANICAL,
Abrasion Value,BUILDING INFRASTRUCTURE AND CONSTRUCTION MATERIAL,Granular Sub Base ( GSB ),5.00,0.00,IS 2386 (PART-4)1963 RA 2021,FALSE,MECHANICAL,0.01,50.00,0.00,%,NABL,"lerm.parameter.master.table,3045",,GSB MECHANICAL,
Impact Value,BUILDING INFRASTRUCTURE AND CONSTRUCTION MATERIAL,Granular Sub Base ( GSB ),1.00,0.00,IS 2386 (PART-4)1963 RA 2021,FALSE,MECHANICAL,0.01,60.00,0.00,%,NABL,"lerm.parameter.master.table,3038",,GSB MECHANICAL,
Plastic Limit,BUILDING INFRASTRUCTURE AND CONSTRUCTION MATERIAL,Granular Sub Base ( GSB ),0.00,0.00,IS 2720 (PART-5)1985 RA 2020,FALSE,MECHANICAL,0.09,30.00,0.00,%,NABL,"lerm.parameter.master.table,3039",,GSB MECHANICAL,
Liquid Limit,BUILDING INFRASTRUCTURE AND CONSTRUCTION MATERIAL,Granular Sub Base ( GSB ),0.05,0.00,IS 2720 (PART-5)1985 RA 2020,FALSE,MECHANICAL,0.07,30.00,0.00,%,NABL,"lerm.parameter.master.table,3040",,GSB MECHANICAL,
Plasticity Index,BUILDING INFRASTRUCTURE AND CONSTRUCTION MATERIAL,Granular Sub Base ( GSB ),0.00,0.00,IS 2720 (PART-5)1985 RA 2020,FALSE,MECHANICAL,0.00,30.00,0.00,%,NABL,"lerm.parameter.master.table,3046",,GSB MECHANICAL,
DETERMINATION OF WATER CONTENT-DRY DENSITY RELATION USING HEAVY COMPACTION,BUILDING INFRASTRUCTURE AND CONSTRUCTION MATERIAL,Granular Sub Base ( GSB ),1.40,0.00,,FALSE,MECHANICAL,0.00,3.50,0.00,gm/cc,,"lerm.parameter.master.table,3076",,GSB MECHANICAL,
CBR,BUILDING INFRASTRUCTURE AND CONSTRUCTION MATERIAL,Granular Sub Base ( GSB ),10.00,0.00,IS 2720 (PART-16)1987 RA2021,FALSE,MECHANICAL,0.02,98.00,0.00,%,,"lerm.parameter.master.table,2995",,GSB MECHANICAL,
Field Density by Sand Replacement of Gsb,BUILDING INFRASTRUCTURE AND CONSTRUCTION MATERIAL,Granular Sub Base ( GSB ),0.00,0.00,,FALSE,MECHANICAL,0.00,0.00,0.00,,,,,GSB MECHANICAL,
Specific Gravity,BUILDING INFRASTRUCTURE AND CONSTRUCTION MATERIAL,Granular Sub Base ( GSB ),0.00,0.00,,FALSE,MECHANICAL,0.00,"100,000.00",0.00,,,"lerm.parameter.master.table,3308",,GSB MECHANICAL,
GS SHEET,BUILDING INFRASTRUCTURE AND CONSTRUCTION MATERIAL,GS SHEET,0.00,0.00,,FALSE,MECHANICAL,0.00,0.00,0.00,,,,,GS SHEET,
Combined Water,BUILDING MATERIALS - CHEMICAL,Gypsum Chemical,0.10,0.00,IS 1288 :1982,FALSE,CHEMICAL,0.02,30.00,0.00,% by mass,NABL,"lerm.parameter.master.table,617",Mass of prepared sample,GYPSUM & GYPSUM PLASTER CHEMICAL,
Free Lime,BUILDING MATERIALS - CHEMICAL,Gypsum Chemical,0.01,0.00,IS 2547 (Part 1): 1976 (RA 2022) (App-C),FALSE,CHEMICAL,0.01,1.50,0.00,% by mass,NABL,"lerm.parameter.master.table,618",Wt.of sample ( gm ),GYPSUM & GYPSUM PLASTER CHEMICAL,
Free Water,BUILDING MATERIALS - CHEMICAL,Gypsum Chemical,0.10,0.00,IS 1288 :1982,FALSE,CHEMICAL,0.02,10.00,0.00,% by mass,NABL,"lerm.parameter.master.table,622",Mass of sample,GYPSUM & GYPSUM PLASTER CHEMICAL,
(CaO) Lime,BUILDING MATERIALS - CHEMICAL,Gypsum Chemical,15.00,0.00,IS 1288:1982 (RA 2021) Clause 10.2,FALSE,CHEMICAL,0.00,50.00,0.00,% by mass,NABL,"lerm.parameter.master.table,623",Wt of Sample (gm),GYPSUM & GYPSUM PLASTER CHEMICAL,
Loss On Ignition,BUILDING MATERIALS - CHEMICAL,Gypsum Chemical,1.00,0.00,IS 2547 (Part 1): 1976 (RA 2022) (App-B),FALSE,CHEMICAL,0.00,12.00,0.00,% by mass,NABL,"lerm.parameter.master.table,627",Wt of empty weighing bottle (gm),GYPSUM & GYPSUM PLASTER CHEMICAL,
Soluble Magnesium Oxide,BUILDING MATERIALS - CHEMICAL,Gypsum Chemical,0.10,0.00,IS 2547 (Part 1): 1976 (RA 2022) (App-A),FALSE,CHEMICAL,0.04,0.50,0.00,% by mass,NABL,"lerm.parameter.master.table,631",Wt of Sample (gm),GYPSUM & GYPSUM PLASTER CHEMICAL,
Soluble Sodium Oxide(Na20),BUILDING MATERIALS - CHEMICAL,Gypsum Chemical,0.01,0.00,IS 2547 (Part 1): 1976 (RA 2022) (App-A),FALSE,CHEMICAL,0.02,0.50,0.00,% by mass,NABL,"lerm.parameter.master.table,650",A) Wt.of sample (gm),GYPSUM & GYPSUM PLASTER CHEMICAL,
(SO3),BUILDING MATERIALS - CHEMICAL,Gypsum Chemical,25.00,0.00,IS :1288:1982 (RA:2021) Clause 12,FALSE,CHEMICAL,0.00,60.00,0.00,% by mass,NABL,"lerm.parameter.master.table,654",Wt of Sample,GYPSUM & GYPSUM PLASTER CHEMICAL,
CaO,BUILDING MATERIALS - CHEMICAL,Gypsum Chemical,15.00,0.00,IS 1288:1982,FALSE,CHEMICAL,0.00,50.00,0.00,% by mass,NABL,"lerm.parameter.master.table,658",Wt of Sample (gm),GYPSUM & GYPSUM PLASTER CHEMICAL,
Mgo,BUILDING MATERIALS - CHEMICAL,Gypsum Chemical,0.10,0.00,IS 2547 (Part 1): 1976,FALSE,CHEMICAL,0.04,0.50,0.00,% by mass,,"lerm.parameter.master.table,662",Wt of Sample (gm),GYPSUM & GYPSUM PLASTER CHEMICAL,
Calcium Oxide,BUILDING MATERIALS - CHEMICAL,Gypsum Chemical,15.00,0.00,,FALSE,CHEMICAL,0.00,50.00,0.00,% by mass,NABL,"lerm.parameter.master.table,2983",Wt of Sample (gm),GYPSUM & GYPSUM PLASTER CHEMICAL,
Solluble MgO salt expressed as MgO,BUILDING MATERIALS - CHEMICAL,Gypsum Chemical,0.00,0.00,,FALSE,CHEMICAL,0.00,"9,999.00",0.00,% by mass,NABL,,Wt of Sample (gm),GYPSUM & GYPSUM PLASTER CHEMICAL,
Normal Consistency,BUILDING INFRASTRUCTURE AND CONSTRUCTION MATERIAL,Gypsum Mechanical & Chemical Test,10.00,0.00,IS 2542 (Part1/Sec1):1978,FALSE,MECHANICAL,0.02,80.00,0.00,%,NABL,"lerm.parameter.master.table,699",,GYPSUM PLASTER MECHANCIAL,
Setting time,BUILDING INFRASTRUCTURE AND CONSTRUCTION MATERIAL,Gypsum Mechanical & Chemical Test,5.00,0.00,IS 2542 (Part1/Sec3):1978,FALSE,MECHANICAL,0.07,35.00,0.00,Minute,NABL,"lerm.parameter.master.table,700",,GYPSUM PLASTER MECHANCIAL,
IS 228 (Part 1): 1987,,,0.00,0.00,,FALSE,,0.00,0.00,0.00,,,,,,
Chloride,BUILDING MATERIALS - CHEMICAL,,0.00,0.00,IS 6925:1973,FALSE,CHEMICAL,0.00,2.00,0.00,% by mass,NABL,"lerm.parameter.master.table,1346","Mass of the Test Sample in  , ( gm)",,
Dry Bulk density,BUILDING INFRASTRUCTURE AND CONSTRUCTION MATERIAL,Gypsum Mechanical & Chemical Test,100.00,0.00,IS 2542 (Part1/Sec12):1978,FALSE,MECHANICAL,0.03,800.00,0.00,kg/m3,NABL,"lerm.parameter.master.table,701",,GYPSUM PLASTER MECHANCIAL,
Compressive strength,BUILDING INFRASTRUCTURE AND CONSTRUCTION MATERIAL,Gypsum Mechanical & Chemical Test,1.00,0.00,IS 2542 (Part1/Sec5):1978,FALSE,MECHANICAL,0.23,10.00,0.00,N/mm2,NABL,"lerm.parameter.master.table,702",,GYPSUM PLASTER MECHANCIAL,
Freedom from coarse particles,BUILDING INFRASTRUCTURE AND CONSTRUCTION MATERIAL,Gypsum Mechanical & Chemical Test,1.00,0.00,IS 2542 (Part1/Sec5):1978,FALSE,MECHANICAL,0.20,15.00,0.00,%,NABL,"lerm.parameter.master.table,703",,GYPSUM PLASTER MECHANCIAL,
GYPSUM PLASTER,BUILDING INFRASTRUCTURE AND CONSTRUCTION MATERIAL,GYPSUM PLASTER,0.00,0.00,,FALSE,MECHANICAL,0.00,0.00,0.00,,,,,GYPSUM PLASTER,
Density,BUILDING INFRASTRUCTURE AND CONSTRUCTION MATERIAL,GYPSUM PLASTER BOARD,0.00,0.00,,FALSE,MECHANICAL,0.00,0.00,0.00,,,,,GYPSUM PLASTER BOARD,
Water Absorption,BUILDING INFRASTRUCTURE AND CONSTRUCTION MATERIAL,GYPSUM PLASTER BOARD,0.00,0.00,,FALSE,MECHANICAL,0.00,0.00,0.00,,,,,GYPSUM PLASTER BOARD,
Flexural Breaking Load in Tranverse Direction,BUILDING INFRASTRUCTURE AND CONSTRUCTION MATERIAL,GYPSUM PLASTER BOARD,0.00,0.00,,FALSE,MECHANICAL,0.00,0.00,0.00,,,,,GYPSUM PLASTER BOARD,
Flexural Breaking Load in Longitudinal Direction,BUILDING INFRASTRUCTURE AND CONSTRUCTION MATERIAL,GYPSUM PLASTER BOARD,0.00,0.00,,FALSE,MECHANICAL,0.00,0.00,0.00,,,,,GYPSUM PLASTER BOARD,
pH of 30 % solution,BUILDING MATERIALS - CHEMICAL,HARDENED CONCRETE/MORTAR CHEMICAL,1.00,0.00,KES/SOP/CHEM/039,FALSE,CHEMICAL,0.00,14.00,0.00,--,NABL,"lerm.parameter.master.table,719",ph_Value,HARDENED CONCRETE/MORTAR CHEMICAL,
Acid Soluble / Water Soluble Sulphate as SO3,BUILDING MATERIALS - CHEMICAL,HARDENED CONCRETE/MORTAR CHEMICAL,0.00,0.00,BS1881 (Part 124): 2016,FALSE,CHEMICAL,0.00,10.00,0.00,% by mass,NABL,"lerm.parameter.master.table,720","A)Cement Content in concete, %",HARDENED CONCRETE/MORTAR CHEMICAL,
Chloride as per IS 14959 Part 2,BUILDING MATERIALS - CHEMICAL,HARDENED CONCRETE/MORTAR CHEMICAL,0.01,0.00,0.60 max,FALSE,CHEMICAL,0.01,5.00,0.00,kg/m3,NABL,"lerm.parameter.master.table,721",Density,HARDENED CONCRETE/MORTAR CHEMICAL,
Chloride as per BS 1881 Part 124,BUILDING MATERIALS - CHEMICAL,HARDENED CONCRETE/MORTAR CHEMICAL,0.01,0.00,BS 1881(Part 124): 2016,FALSE,CHEMICAL,0.01,5.00,0.00,kg/m3,NABL,"lerm.parameter.master.table,722","A)Cube Density, Kg/m3",HARDENED CONCRETE/MORTAR CHEMICAL,
"Chloride Prestressed Concrete (Chloride, kg/m3)",BUILDING MATERIALS - CHEMICAL,HARDENED CONCRETE/MORTAR CHEMICAL,0.00,0.00,0.40Max,FALSE,CHEMICAL,0.01,5.00,0.00,% by mass,NABL,"lerm.parameter.master.table,723","A)Cube Density, Kg/m3",HARDENED CONCRETE/MORTAR CHEMICAL,
Cement Aggregate Ratio,BUILDING MATERIALS - CHEMICAL,HARDENED CONCRETE/MORTAR CHEMICAL,0.00,0.00,IS 516 (Part 11) : 2020,FALSE,CHEMICAL,0.00,50.00,0.00,% by mass,Non NABL,"lerm.parameter.master.table,724",,HARDENED CONCRETE/MORTAR CHEMICAL,
Cement Content,BUILDING MATERIALS - CHEMICAL,HARDENED CONCRETE/MORTAR CHEMICAL,0.00,0.00,IS 1199 :1959 RA2013,FALSE,CHEMICAL,0.00,0.00,0.00,% by mass,,"lerm.parameter.master.table,725",,HARDENED CONCRETE/MORTAR CHEMICAL,
Sulphate (as SO3),BUILDING MATERIALS - CHEMICAL,HARDENED CONCRETE/MORTAR CHEMICAL,0.00,0.00,BS 1881 Part -124:2016,FALSE,CHEMICAL,0.00,0.00,0.00,% by mass,,"lerm.parameter.master.table,726",,HARDENED CONCRETE/MORTAR CHEMICAL,
Alkali Silica Reaction (Dissolved Silica),BUILDING MATERIALS - CHEMICAL,HARDENED CONCRETE/MORTAR CHEMICAL,0.00,0.00,IS:2386 (PART-7) 1963 (RA:2016) Clause:3.7,FALSE,CHEMICAL,0.00,700.00,0.00,millimoles/litre,,"lerm.parameter.master.table,727",,HARDENED CONCRETE/MORTAR CHEMICAL,
Alkali Silica Reaction ( Reduction in Alkalinity ),BUILDING MATERIALS - CHEMICAL,HARDENED CONCRETE/MORTAR CHEMICAL,0.00,0.00,IS:2386 (PART-7) 1963 (RA:2016) Clause: 3.9,FALSE,CHEMICAL,0.00,"2,500.00",0.00,millimoles/litre,,"lerm.parameter.master.table,728",,HARDENED CONCRETE/MORTAR CHEMICAL,
Chloride content as % in Cement,BUILDING MATERIALS - CHEMICAL,HARDENED CONCRETE/MORTAR CHEMICAL,0.00,0.00,BS 1881 Part-124:2016,FALSE,CHEMICAL,0.00,0.00,0.00,% by mass,,"lerm.parameter.master.table,729",,HARDENED CONCRETE/MORTAR CHEMICAL,
"Chloride Prestressed Concrete (Chloride, kg/m3)",BUILDING MATERIALS - CHEMICAL,HARDENED CONCRETE/MORTAR CHEMICAL,0.01,0.00,BS 1881(Part 124): 2016,FALSE,CHEMICAL,0.00,5.00,0.00,kg/m3,NABL,"lerm.parameter.master.table,1033",,HARDENED CONCRETE/MORTAR CHEMICAL,
Cement Content by SiO2 method,BUILDING MATERIALS - CHEMICAL,HARDENED CONCRETE/MORTAR CHEMICAL,4.00,0.00,IS 516  Part 11 :2020,FALSE,CHEMICAL,0.00,40.00,0.00,% by mass,NABL,"lerm.parameter.master.table,3103",,HARDENED CONCRETE/MORTAR CHEMICAL,
Cement Content by Calcium Oxide method,BUILDING MATERIALS - CHEMICAL,HARDENED CONCRETE/MORTAR CHEMICAL,0.00,0.00,IS 516  Part 11 :2020,FALSE,CHEMICAL,0.00,"100,000.00",0.00,% by mass,NABL,"lerm.parameter.master.table,3102",False,HARDENED CONCRETE/MORTAR CHEMICAL,
Lime,BUILDING MATERIALS - CHEMICAL,HARDENED CONCRETE/MORTAR CHEMICAL,5.00,0.00,IS 516 (Part 11) : 2020,FALSE,CHEMICAL,0.00,40.00,0.00,% by mass,NABL,"lerm.parameter.master.table,3119",,HARDENED CONCRETE/MORTAR CHEMICAL,
Block Density,BUILDING INFRASTRUCTURE AND CONSTRUCTION MATERIAL,Hollow Concrete Block,0.00,0.00,,FALSE,MECHANICAL,0.00,0.00,0.00,,,"lerm.parameter.master.table,3214",,Hollow Concrete Block,
Compressive Strength,BUILDING INFRASTRUCTURE AND CONSTRUCTION MATERIAL,Hollow Concrete Block,0.00,0.00,,FALSE,MECHANICAL,0.00,0.00,0.00,,,"lerm.parameter.master.table,3215",,Hollow Concrete Block,
Dimension-Height,BUILDING INFRASTRUCTURE AND CONSTRUCTION MATERIAL,Hollow Concrete Block,0.00,0.00,,FALSE,MECHANICAL,0.00,0.00,0.00,,,"lerm.parameter.master.table,3216",,Hollow Concrete Block,
Dimension-Length,BUILDING INFRASTRUCTURE AND CONSTRUCTION MATERIAL,Hollow Concrete Block,0.00,0.00,,FALSE,MECHANICAL,0.00,0.00,0.00,,,"lerm.parameter.master.table,3217",,Hollow Concrete Block,
Dimension-Width,BUILDING INFRASTRUCTURE AND CONSTRUCTION MATERIAL,Hollow Concrete Block,0.00,0.00,,FALSE,MECHANICAL,0.00,0.00,0.00,,,"lerm.parameter.master.table,3218",,Hollow Concrete Block,
Drying Shrinkage,BUILDING INFRASTRUCTURE AND CONSTRUCTION MATERIAL,Hollow Concrete Block,0.00,0.00,,FALSE,MECHANICAL,0.00,0.00,0.00,,,"lerm.parameter.master.table,3219",,Hollow Concrete Block,
Moisture Movement,BUILDING INFRASTRUCTURE AND CONSTRUCTION MATERIAL,Hollow Concrete Block,0.00,0.00,,FALSE,MECHANICAL,0.00,0.00,0.00,,,"lerm.parameter.master.table,3220",,Hollow Concrete Block,
Water Absorption,BUILDING INFRASTRUCTURE AND CONSTRUCTION MATERIAL,Hollow Concrete Block,0.00,0.00,,FALSE,MECHANICAL,0.00,0.00,0.00,,,"lerm.parameter.master.table,3221",,Hollow Concrete Block,
Compressive Strength of Concrete Cube By ACT,,,0.00,0.00,,FALSE,,0.00,0.00,0.00,,,,,,
Carbon,METALS & ALLOYS,Hollow steel section for structural use-S,0.02,0.00,,FALSE,CHEMICAL,0.00,1.10,0.00,% by mass,NABL,"lerm.parameter.master.table,4714",Carbon,Hollow steel section for structural use-S,
Manganese,METALS & ALLOYS,Hollow steel section for structural use-S,0.03,0.00,,FALSE,CHEMICAL,0.00,2.00,0.00,% by mass,NABL,"lerm.parameter.master.table,4715",Manganese,Hollow steel section for structural use-S,
Sulphur,METALS & ALLOYS,Hollow steel section for structural use-S,0.00,0.00,,FALSE,CHEMICAL,0.00,0.06,0.00,% by mass,NABL,"lerm.parameter.master.table,4716",Sulphur,Hollow steel section for structural use-S,
Phosphorous,METALS & ALLOYS,Hollow steel section for structural use-S,0.01,0.00,,FALSE,CHEMICAL,0.00,0.09,0.00,% by mass,NABL,"lerm.parameter.master.table,4717",Phosphorous,Hollow steel section for structural use-S,
Sulphur,METALS & ALLOYS,HOLLOW STEEL SECTIONS FOR STRUCTURAL USE,0.01,0.00,IS 228 Part 9: 1989,FALSE,CHEMICAL,0.03,0.25,0.00,% by mass,NABL,"lerm.parameter.master.table,810","volume, in ml, of potassium iodate  added",Hollow Steel Sections,
Phosphorus,METALS & ALLOYS,HOLLOW STEEL SECTIONS FOR STRUCTURAL USE,0.01,0.00,IS 228 Part 3: 1987,FALSE,CHEMICAL,0.04,0.12,0.00,% by mass,NABL,"lerm.parameter.master.table,811",Wt of Sample taken (gm),Hollow Steel Sections,
Sulphur,BUILDING MATERIALS - CHEMICAL,HOLLOW STEEL SECTIONS FOR STRUCTURAL USE,0.01,0.00,IS 228 Part 9: 1989,FALSE,CHEMICAL,0.03,0.25,0.00,% by mass,NABL,"lerm.parameter.master.table,1345",,Hollow Steel Sections,
Carbon,BUILDING MATERIALS - CHEMICAL,HOLLOW STEEL SECTIONS FOR STRUCTURAL USE,0.00,0.00,,FALSE,CHEMICAL,0.00,0.00,0.00,% by mass,NABL,"lerm.parameter.master.table,3351",Wt of Sample taken (gm),Hollow Steel Sections,
Manganese,BUILDING MATERIALS - CHEMICAL,HOLLOW STEEL SECTIONS FOR STRUCTURAL USE,0.00,0.00,,FALSE,CHEMICAL,0.00,0.00,0.00,% by mass,NABL,"lerm.parameter.master.table,3352",Wt of Sample taken  gm,Hollow Steel Sections,
Carbon,METALS & ALLOYS,HT STRAND - Chemical,0.00,0.00,,FALSE,CHEMICAL,0.00,999.00,0.00,% by mass,,"lerm.parameter.master.table,805",Wt of Sample taken (gm),HT STRAND  CHEMICAL,
Phosphorus,METALS & ALLOYS,HT STRAND - Chemical,0.00,0.00,,FALSE,CHEMICAL,0.00,999.00,0.00,% by mass,,"lerm.parameter.master.table,1106",Wt of Sample taken (gm),HT STRAND  CHEMICAL,
Sulphur,METALS & ALLOYS,HT STRAND - Chemical,0.00,0.00,,FALSE,CHEMICAL,0.00,999.00,0.00,% by mass,,"lerm.parameter.master.table,1107","volume, in ml, of potassium iodate  added",HT STRAND  CHEMICAL,
Manganese,METALS & ALLOYS,HT STRAND - Chemical,0.00,0.00,,FALSE,CHEMICAL,0.00,0.00,0.00,% by mass,,"lerm.parameter.master.table,1275",Wt of Sample taken  gm,HT STRAND  CHEMICAL,
Silicon,METALS & ALLOYS,HT STRAND - Chemical,0.00,0.00,,FALSE,CHEMICAL,0.00,0.00,0.00,% by mass,,"lerm.parameter.master.table,1108","A) Wt of Sample taken, gm",HT STRAND  CHEMICAL,
Chromium,METALS & ALLOYS,HT STRAND - Chemical,0.01,0.00,IS 228 Part 6: 1987,FALSE,CHEMICAL,0.02,2.00,0.00,% by mass,NABL,"lerm.parameter.master.table,812",Wt of Sample taken (gm),HT STRAND  CHEMICAL,
Molybdenum,METALS & ALLOYS,HT STRAND - Chemical,0.01,0.00,,FALSE,CHEMICAL,0.03,2.00,0.00,% by mass,,"lerm.parameter.master.table,813",Wt of Sample taken (gm),HT STRAND  CHEMICAL,
Concrete - Compressive Strength By ACT,,,0.00,0.00,,FALSE,,0.00,0.00,0.00,,,,,,
Nickel,METALS & ALLOYS,HT STRAND - Chemical,0.01,0.00,IS 228 Part 5: 1987,FALSE,CHEMICAL,0.02,2.00,0.00,% by mass,NABL,"lerm.parameter.master.table,814","Wt of Sample taken, gm",HT STRAND  CHEMICAL,
Sulphur & Phosphorus,METALS & ALLOYS,HT STRAND - Chemical,0.00,0.00,IS 1786: 2008,FALSE,CHEMICAL,0.00,0.00,0.00,% by mass,,"lerm.parameter.master.table,815",Phosphorus,HT STRAND  CHEMICAL,
Carbon Equivalent (CE),METALS & ALLOYS,HT STRAND - Chemical,0.00,0.00,,FALSE,CHEMICAL,0.00,0.00,0.00,% by mass,,"lerm.parameter.master.table,1276",Carbon,HT STRAND  CHEMICAL,
"Gauge Length , mm",BUILDING INFRASTRUCTURE AND CONSTRUCTION MATERIAL,HT STRAND - Mechanical Test,0.00,0.00,,FALSE,MECHANICAL,0.00,0.00,0.00,,NABL,"lerm.parameter.master.table,688","Gauge Length , mm",HT STRAND WIRE MECHANICAL,
Nominal Area of Strand,BUILDING INFRASTRUCTURE AND CONSTRUCTION MATERIAL,HT STRAND - Mechanical Test,0.00,0.00,IS 1608(P-1):2022,FALSE,MECHANICAL,0.00,"100,000.00",0.00,mm2,NABL,"lerm.parameter.master.table,690","Nominal Area of Strand, mm²",HT STRAND WIRE MECHANICAL,
0.2% Proof Load,BUILDING INFRASTRUCTURE AND CONSTRUCTION MATERIAL,HT STRAND - Mechanical Test,0.00,0.00,IS 1608(P-1):2022,FALSE,MECHANICAL,0.00,"10,000,000.00",0.00,KN,NABL,"lerm.parameter.master.table,691","0.2% Proof Load , KN",HT STRAND WIRE MECHANICAL,
Breking Load,BUILDING INFRASTRUCTURE AND CONSTRUCTION MATERIAL,HT STRAND - Mechanical Test,0.00,0.00,IS 1608(P-1):2022,FALSE,MECHANICAL,0.00,"1,000,000.00",0.00,KN,NABL,"lerm.parameter.master.table,692","Breking Load, KN",HT STRAND WIRE MECHANICAL,
Tensile Strength,BUILDING INFRASTRUCTURE AND CONSTRUCTION MATERIAL,HT STRAND - Mechanical Test,0.00,0.00,IS 1608(P-1):2022,FALSE,MECHANICAL,0.00,"1,000,000.00",0.00,MPa,NABL,"lerm.parameter.master.table,693",Tensile Strength MPa,HT STRAND WIRE MECHANICAL,
Elongation,BUILDING INFRASTRUCTURE AND CONSTRUCTION MATERIAL,HT STRAND - Mechanical Test,0.00,0.00,IS 1608(P-1):2022,FALSE,MECHANICAL,0.00,"100,000.00",0.00,%,NABL,"lerm.parameter.master.table,694",Elongation %,HT STRAND WIRE MECHANICAL,
Weigth per meter,BUILDING INFRASTRUCTURE AND CONSTRUCTION MATERIAL,HT STRAND - Mechanical Test,0.00,0.00,IS 1608(P-1):2022,FALSE,MECHANICAL,0.00,"10,000,000.00",0.00,g/m,NABL,"lerm.parameter.master.table,695",Weigth per meter gm/m,HT STRAND WIRE MECHANICAL,
Lay Length,BUILDING INFRASTRUCTURE AND CONSTRUCTION MATERIAL,HT STRAND - Mechanical Test,0.00,0.00,IS 14268 : 2022,FALSE,MECHANICAL,0.00,"10,000,000.00",0.00,mm,NABL,"lerm.parameter.master.table,696","Lay Length, mm",HT STRAND WIRE MECHANICAL,
Percentage difference in diameter of centre  wire and surrounding wire (%) by calculation,BUILDING INFRASTRUCTURE AND CONSTRUCTION MATERIAL,HT STRAND - Mechanical Test,0.00,0.00,IS 14268 : 2022,FALSE,MECHANICAL,0.00,"10,000,000.00",0.00,%,NABL,"lerm.parameter.master.table,697",Percentage difference,HT STRAND WIRE MECHANICAL,
Modulus of Elasticity (GPa)  by calculation,BUILDING INFRASTRUCTURE AND CONSTRUCTION MATERIAL,HT STRAND - Mechanical Test,0.00,0.00,IS 1608 p-1 :2022,FALSE,MECHANICAL,0.00,"1,000,000.00",0.00,Gpa,NABL,"lerm.parameter.master.table,698",Modulus of Elasticity,HT STRAND WIRE MECHANICAL,
INITIAL SURFACE ABSORPTION TEST,BUILDING INFRASTRUCTURE AND CONSTRUCTION MATERIAL,Initial surface absorption of concrete (ISAT),0.00,0.00,IS 516 (Part-2 /Sec-2) 2020,FALSE,MECHANICAL,0.67,5.00,0.00,,NABL,,,Initial surface absorption of concrete (ISAT),
ISAT  of Concrete,BUILDING INFRASTRUCTURE AND CONSTRUCTION MATERIAL,Initial surface absorption of concrete (ISAT),0.00,0.00,IS 516(Part2/Sec2):2018,FALSE,MECHANICAL,0.00,0.00,0.00,,,,,Initial surface absorption of concrete (ISAT),
Transverse Strength,BUILDING INFRASTRUCTURE AND CONSTRUCTION MATERIAL,Kerb Stone,0.00,0.00,,FALSE,MECHANICAL,0.00,0.00,0.00,,,,,PRECAST KERB STONE,
Water Absorbtion,BUILDING INFRASTRUCTURE AND CONSTRUCTION MATERIAL,Kerb Stone,0.00,0.00,,FALSE,MECHANICAL,0.00,0.00,0.00,,,,,PRECAST KERB STONE,
Compressive Strength,BUILDING INFRASTRUCTURE AND CONSTRUCTION MATERIAL,kerb stone,0.00,0.00,,FALSE,MECHANICAL,0.00,0.00,0.00,N/mm2,Non NABL,"lerm.parameter.master.table,4850",,,
Combined Ferric & Alumina Oxide,BUILDING MATERIALS - CHEMICAL,Lime Chemical,0.10,0.00,IS 6932(Part 1): 1973,FALSE,CHEMICAL,0.01,20.00,0.00,% by mass,NABL,"lerm.parameter.master.table,1445",A)Wt of ignited Sample,BUILDING LIME CHEMICAL,
Insoluble Matter,BUILDING MATERIALS - CHEMICAL,Lime Chemical,0.10,0.00,IS 6932(Part 1): 1973,FALSE,CHEMICAL,0.00,20.00,0.00,% by mass,NABL,"lerm.parameter.master.table,549",A)Wt of ignited Sample,BUILDING LIME CHEMICAL,
Insoluble residue in diluted acid and alkali % (on ignited basis),BUILDING MATERIALS - CHEMICAL,Lime Chemical,0.10,0.00,IS 6932(Part 1): 1973,FALSE,CHEMICAL,0.00,30.00,0.00,% by mass,NABL,"lerm.parameter.master.table,999",A)Wt of Sample,BUILDING LIME CHEMICAL,
Loss on Ignition,BUILDING MATERIALS - CHEMICAL,Lime Chemical,0.20,0.00,IS 6932(Part 1): 1973,FALSE,CHEMICAL,0.00,50.00,0.00,% by mass,,"lerm.parameter.master.table,560",A) Wt of empty weighing bottle (gm),BUILDING LIME CHEMICAL,
Carbon,,,0.00,0.00,,FALSE,,0.00,0.00,0.00,,,,,,
Carbon,,,0.00,0.00,,FALSE,,0.00,0.00,0.00,,,,,,
Silica,BUILDING MATERIALS - CHEMICAL,Lime Chemical,0.20,0.00,IS 6932(Part 1): 1973,FALSE,CHEMICAL,0.00,30.00,0.00,% by mass,NABL,"lerm.parameter.master.table,561",A)Wt of ignited Sample,BUILDING LIME CHEMICAL,
CaO (On ignited basis),BUILDING MATERIALS - CHEMICAL,Lime Chemical,0.10,0.00,IS 6932(Part 1): 1973,FALSE,CHEMICAL,0.00,90.00,0.00,% by mass,NABL,"lerm.parameter.master.table,563",A) Wt of ignited Sample (gm),BUILDING LIME CHEMICAL,
Calcium Oxide (On ignited basis),BUILDING MATERIALS - CHEMICAL,Lime Chemical,0.10,0.00,IS 6932(Part 1): 1973,FALSE,CHEMICAL,0.00,90.00,0.00,% by mass,NABL,"lerm.parameter.master.table,564",A)Wt of ignited sample,BUILDING LIME CHEMICAL,
MgO % (on ignited basis),BUILDING MATERIALS - CHEMICAL,Lime Chemical,0.10,0.00,IS 6932(Part 1): 1973,FALSE,CHEMICAL,0.00,20.00,0.00,% by mass,NABL,"lerm.parameter.master.table,1009",A) Wt of ignited Sample (gm),BUILDING LIME CHEMICAL,
Magnesium Oxide % (on ignited basis),BUILDING MATERIALS - CHEMICAL,Lime Chemical,0.10,0.00,IS 6932(Part 1): 1973,FALSE,CHEMICAL,0.00,20.00,0.00,% by mass,NABL,"lerm.parameter.master.table,1015",A)Wt of ignited Sample(gm),BUILDING LIME CHEMICAL,
Combined Ferric + Alumina Oxide + Silica,BUILDING MATERIALS - CHEMICAL,Lime Chemical,0.00,0.00,IS 6932(Part 1): 1973,FALSE,CHEMICAL,0.00,0.00,0.00,% by mass,NABL,,Ferric,BUILDING LIME CHEMICAL,
Calcium Oxide + Magnesium Oxide,BUILDING MATERIALS - CHEMICAL,Lime Chemical,0.00,0.00,IS 6932(Part 1): 1973,FALSE,CHEMICAL,0.00,0.00,0.00,% by mass,NABL,,Calcium Oxide (On ignited basis),BUILDING LIME CHEMICAL,
Calcium Oxide + Magnesium Oxide,BUILDING MATERIALS - CHEMICAL,Lime Chemical,0.00,0.00,IS 6932(Part 1): 1973,FALSE,CHEMICAL,0.00,0.00,0.00,% by mass,NABL,"lerm.parameter.master.table,1021",Calcium Oxide (On ignited basis),BUILDING LIME CHEMICAL,
"Silica,Ferric & Alumina Oxide",BUILDING MATERIALS - CHEMICAL,Lime Chemical,0.00,0.00,IS:6932 (Part 1)-1973,FALSE,CHEMICAL,0.00,0.00,0.00,% by mass,NABL,"lerm.parameter.master.table,1435",Silica,BUILDING LIME CHEMICAL,
Load Test,BUILDING INFRASTRUCTURE AND CONSTRUCTION MATERIAL,Man Hole Frame & Cover,0.00,0.00,IS 12592:2008,FALSE,MECHANICAL,0.00,0.00,0.00,,NABL,"lerm.parameter.master.table,669",Required Load in (Ton),CONCRETE MAN HOLE FRAME AND COVER,
Compatibility Test,BUILDING INFRASTRUCTURE AND CONSTRUCTION MATERIAL,Marsh Cone Compatibility Test With Admixture & Cement,10.00,0.00,KES/STP/AC/01: 2022,FALSE,MECHANICAL,0.04,300.00,0.00,sec,NABL,,,MARSH CONE COMPATIBILITY TEST WITH ADMIXTURE &CEMENT,
Temperature Monitoring Of Concrete,BUILDING INFRASTRUCTURE AND CONSTRUCTION MATERIAL,MASS CONCRETE TEMPERATURE MONITORING,1.20,0.00,IS 16700:2023,FALSE,MECHANICAL,0.01,61.00,0.00,°C,,,,MASS CONCRETE TEMPERATURE MONITORING,
MDF BOARD,BUILDING INFRASTRUCTURE AND CONSTRUCTION MATERIAL,MDF BOARD,0.00,0.00,,FALSE,MECHANICAL,0.00,0.00,0.00,,,,,MDF BOARD,
Chloride,BUILDING MATERIALS - CHEMICAL,Micro Silica -Chemical,0.01,0.00,IS 4032: 1985,FALSE,CHEMICAL,0.04,2.00,0.00,% by mass,NABL,"lerm.parameter.master.table,704",Burette reading for Blank,"MICRO SILICA , SILICA FUME CHEMICAL",
Loss on Ignition,BUILDING MATERIALS - CHEMICAL,Micro Silica -Chemical,0.10,0.00,IS 1727: 1967,FALSE,CHEMICAL,0.00,10.00,0.00,% by mass,NABL,"lerm.parameter.master.table,705",Wt of crucible +Sample before ignition (gm),"MICRO SILICA , SILICA FUME CHEMICAL",
Moisture Content,BUILDING MATERIALS - CHEMICAL,Micro Silica -Chemical,0.10,0.00,IS 15388: 2003,FALSE,CHEMICAL,0.02,5.00,0.00,% by mass,NABL,"lerm.parameter.master.table,706",Wt of moisture bottle + sample before drying (gm),"MICRO SILICA , SILICA FUME CHEMICAL",
Density,BUILDING INFRASTRUCTURE AND CONSTRUCTION MATERIAL,,0.00,0.00,IS 516 PART-2 :2020,FALSE,MECHANICAL,0.00,0.00,0.00,,,,,,
Sulphuric Anhydried (as SO3),BUILDING MATERIALS - CHEMICAL,Micro Silica -Chemical,0.01,0.00,IS 1727: 1967,FALSE,CHEMICAL,0.04,2.00,0.00,% by mass,NABL,"lerm.parameter.master.table,707",Mass of the sample in gm,"MICRO SILICA , SILICA FUME CHEMICAL",
Silica (SiO2),BUILDING MATERIALS - CHEMICAL,Micro Silica -Chemical,50.00,0.00,IS 1727: 1967,FALSE,CHEMICAL,0.00,98.00,0.00,% by mass,NABL,"lerm.parameter.master.table,708",Wt of sample taken W1 (gm),"MICRO SILICA , SILICA FUME CHEMICAL",
Available Alkalis as Na2O,BUILDING MATERIALS - CHEMICAL,Micro Silica -Chemical,0.01,0.00,IS 15388: 2003,FALSE,CHEMICAL,0.01,2.00,0.00,% by mass,NABL,"lerm.parameter.master.table,709",Alkalies as Na2O (depend),"MICRO SILICA , SILICA FUME CHEMICAL",
Alkalies as Na2O (depend),BUILDING MATERIALS - CHEMICAL,Micro Silica -Chemical,0.00,0.00,IS 15388: 2003,FALSE,CHEMICAL,0.00,0.00,0.00,% by mass,NABL,"lerm.parameter.master.table,226",Weight of sample taken,"MICRO SILICA , SILICA FUME CHEMICAL",
Alkalis as K2O (depend),BUILDING MATERIALS - CHEMICAL,Micro Silica -Chemical,0.00,0.00,IS 15388: 2003,FALSE,CHEMICAL,0.00,0.00,0.00,,NABL,"lerm.parameter.master.table,228",A)Weight of sample taken,"MICRO SILICA , SILICA FUME CHEMICAL",
Oversize Percent Retained on 45 Micron IS sieve variation from Avg. %,BUILDING INFRASTRUCTURE AND CONSTRUCTION MATERIAL,Micro Silica -Mechanical Test,0.00,0.00,,FALSE,MECHANICAL,0.00,5.00,0.00,%,Non NABL,"lerm.parameter.master.table,713",,MICROSILICA MECHANICAL,
Dry Loose Bulk Density,BUILDING INFRASTRUCTURE AND CONSTRUCTION MATERIAL,Micro Silica -Mechanical Test,500.00,0.00,,FALSE,MECHANICAL,0.00,900.00,0.00,kg/m3,Non NABL,"lerm.parameter.master.table,1223",,MICROSILICA MECHANICAL,
Specific Gravity,BUILDING INFRASTRUCTURE AND CONSTRUCTION MATERIAL,Micro Silica -Mechanical Test,1.00,0.00,IS 1727: 1967,FALSE,MECHANICAL,0.05,4.00,0.00,--,NABL,"lerm.parameter.master.table,715",,MICROSILICA MECHANICAL,
Compressive Strength of Micro-silica Sample 7 days,BUILDING INFRASTRUCTURE AND CONSTRUCTION MATERIAL,Micro Silica -Mechanical Test,20.00,0.00,IS 1727: 1967,FALSE,MECHANICAL,0.02,200.00,0.00,N/mm2,NABL,"lerm.parameter.master.table,716",,MICROSILICA MECHANICAL,
Oversize % Retained on 45 Micron IS sieve,BUILDING INFRASTRUCTURE AND CONSTRUCTION MATERIAL,Micro Silica -Mechanical Test,0.00,0.00,IS 1727: 1967,FALSE,MECHANICAL,0.00,15.00,0.00,%,NABL,"lerm.parameter.master.table,717",,MICROSILICA MECHANICAL,
Accelerated pozzolanic activity index with portland cement,BUILDING INFRASTRUCTURE AND CONSTRUCTION MATERIAL,Micro Silica -Mechanical Test,100.00,0.00,ASTM C 1240:2020,FALSE,MECHANICAL,0.05,170.00,0.00,%,NABL,"lerm.parameter.master.table,718",,MICROSILICA MECHANICAL,
Concrete Mix Design,BUILDING INFRASTRUCTURE AND CONSTRUCTION MATERIAL,Mix Design M25 to M35,0.00,0.00,,FALSE,MECHANICAL,0.00,0.00,0.00,,,,,Concrete Mix Design (Mechanical),
Carbon,,,0.00,0.00,,FALSE,,0.00,0.00,0.00,,,,,,
Density,,Mobilization of manpower test equipment and accessories,0.00,0.00,,FALSE,,0.00,0.00,0.00,,,,,,
MODULUS OF ELASTICITY(MOE),BUILDING INFRASTRUCTURE AND CONSTRUCTION MATERIAL,MODULUS OF ELASTICITY ATTACHMENT TO CTM (ANALOG),0.00,0.00,,FALSE,MECHANICAL,0.00,0.00,0.00,,NABL,,,,
Width,MECHANICAL PROPERTIES OF METALS,MS Pipe - Mechanical,0.00,0.00,,FALSE,MECHANICAL,0.00,0.00,0.00,,,,,MS Pipe - Mechanical,
Ultimate Tensile Strength,MECHANICAL PROPERTIES OF METALS,MS Pipe - Mechanical,0.00,0.00,,FALSE,MECHANICAL,0.00,0.00,0.00,,,,,MS Pipe - Mechanical,
% Elongation,MECHANICAL PROPERTIES OF METALS,MS Pipe - Mechanical,0.00,0.00,,FALSE,MECHANICAL,0.00,0.00,0.00,,,,,MS Pipe - Mechanical,
Fracture,MECHANICAL PROPERTIES OF METALS,MS Pipe - Mechanical,0.00,0.00,,FALSE,MECHANICAL,0.00,0.00,0.00,,,,,MS Pipe - Mechanical,
0.2% Proof Stress / Yield Stress,MECHANICAL PROPERTIES OF METALS,MS Pipe - Mechanical,0.00,0.00,,FALSE,MECHANICAL,0.00,0.00,0.00,,,,,MS Pipe - Mechanical,
Thickness,MECHANICAL PROPERTIES OF METALS,MS Pipe - Mechanical,0.00,0.00,,FALSE,MECHANICAL,0.00,0.00,0.00,,,,,MS Pipe - Mechanical,
Area,MECHANICAL PROPERTIES OF METALS,MS Pipe - Mechanical,0.00,0.00,,FALSE,MECHANICAL,0.00,0.00,0.00,,,,,MS Pipe - Mechanical,
Gauge Length,MECHANICAL PROPERTIES OF METALS,MS Pipe - Mechanical,0.00,0.00,,FALSE,MECHANICAL,0.00,0.00,0.00,,,,,MS Pipe - Mechanical,
Final Length,MECHANICAL PROPERTIES OF METALS,MS Pipe - Mechanical,0.00,0.00,,FALSE,MECHANICAL,0.00,0.00,0.00,,,,,MS Pipe - Mechanical,
0.2% Proof Load / Yield Load,MECHANICAL PROPERTIES OF METALS,MS Pipe - Mechanical,0.00,0.00,,FALSE,MECHANICAL,0.00,0.00,0.00,,,,,MS Pipe - Mechanical,
Ultimate Load,MECHANICAL PROPERTIES OF METALS,MS Pipe - Mechanical,0.00,0.00,,FALSE,MECHANICAL,0.00,0.00,0.00,,,,,MS Pipe - Mechanical,
Phosphorous,METALS & ALLOYS,MS Pipe (Chemical),0.01,0.00,IS 228 Part 3: 1987,FALSE,CHEMICAL,0.04,0.12,0.00,% by mass,NABL,"lerm.parameter.master.table,3262",Wt of Sample taken (gm),MS PIPE,
Sulphur,METALS & ALLOYS,MS Pipe (Chemical),0.01,0.00,IS 228 Part 9: 1989,FALSE,CHEMICAL,0.03,0.25,0.00,% by mass,NABL,"lerm.parameter.master.table,3263","Volume, in ml, of potassium iodate  added",MS PIPE,
Carbon,METALS & ALLOYS,MS Pipe (Chemical),0.05,0.00,IS 228 (Part 1): 1987,FALSE,CHEMICAL,0.05,2.50,0.00,% by mass,NABL,"lerm.parameter.master.table,3264",Wt of Sample taken (gm),MS PIPE,
Manganese,METALS & ALLOYS,MS Pipe (Chemical),0.10,0.00,IS 228 Part 2: 1987,FALSE,CHEMICAL,0.00,2.00,0.00,% by mass,NABL,"lerm.parameter.master.table,3265",Wt of Sample taken  gm,MS PIPE,
Silicon,METALS & ALLOYS,MS Pipe (Chemical),0.05,0.00,IS 228 Part 8: 1989,FALSE,CHEMICAL,0.00,5.00,0.00,% by mass,NABL,"lerm.parameter.master.table,3261","A) Wt of Sample taken, gm",MS PIPE,
Carbon,METALS & ALLOYS,MS PIPE/TUBE,0.00,0.00,,FALSE,CHEMICAL,0.00,0.00,0.00,% by mass,NABL,"lerm.parameter.master.table,4730",carbon,MS PIPE/TUBE,
Manganese,METALS & ALLOYS,MS PIPE/TUBE,0.00,0.00,,FALSE,CHEMICAL,0.00,0.00,0.00,% by mass,NABL,"lerm.parameter.master.table,4731",Manganese,MS PIPE/TUBE,
TOTAL ELONGATION,,,0.00,0.00,,FALSE,,0.00,0.00,0.00,,,,,,
Silicon,METALS & ALLOYS,MS PIPE/TUBE,0.00,0.00,,FALSE,CHEMICAL,0.00,0.00,0.00,% by mass,NABL,"lerm.parameter.master.table,4732",Silicon,MS PIPE/TUBE,
Sulphur,METALS & ALLOYS,MS PIPE/TUBE,0.00,0.00,,FALSE,CHEMICAL,0.00,0.00,0.00,% by mass,NABL,"lerm.parameter.master.table,4733",Sulphur,MS PIPE/TUBE,
Phosphorous,METALS & ALLOYS,MS PIPE/TUBE,0.00,0.00,,FALSE,CHEMICAL,0.00,0.00,0.00,% by mass,NABL,"lerm.parameter.master.table,4734",Phosphorous,MS PIPE/TUBE,
"Apparent Specific Gravity, Apparent Porosity and Water absorption",BUILDING INFRASTRUCTURE AND CONSTRUCTION MATERIAL,"Natural Building stones, Granite, Marbles",0.00,0.00,,FALSE,MECHANICAL,0.00,"100,000.00",0.00,,,"lerm.parameter.master.table,3205",,"Natural Building stones, Granite, Marbles",
True porosity and true specific gravity,BUILDING INFRASTRUCTURE AND CONSTRUCTION MATERIAL,"Natural Building stones, Granite, Marbles",0.00,0.00,,FALSE,MECHANICAL,0.00,"10,000.00",0.00,,,"lerm.parameter.master.table,3206",,"Natural Building stones, Granite, Marbles",
Compressive Strength,BUILDING INFRASTRUCTURE AND CONSTRUCTION MATERIAL,"Natural Building stones, Granite, Marbles",0.00,0.00,,FALSE,MECHANICAL,0.00,"100,000.00",0.00,,,"lerm.parameter.master.table,3207",,"Natural Building stones, Granite, Marbles",
Dry Density,BUILDING INFRASTRUCTURE AND CONSTRUCTION MATERIAL,"Natural Building stones, Granite, Marbles",0.00,0.00,,FALSE,MECHANICAL,0.00,"10,000.00",0.00,,,"lerm.parameter.master.table,3208",,"Natural Building stones, Granite, Marbles",
Scratch hardness according to Moh's Scale,BUILDING INFRASTRUCTURE AND CONSTRUCTION MATERIAL,"Natural Building stones, Granite, Marbles",0.00,0.00,IS 13630 Part 13: 2019,FALSE,MECHANICAL,0.00,"1,000,000.00",0.00,--,NABL,"lerm.parameter.master.table,3209",,"Natural Building stones, Granite, Marbles",
Moisture Content,BUILDING INFRASTRUCTURE AND CONSTRUCTION MATERIAL,"Natural Building stones, Granite, Marbles",0.00,0.00,,FALSE,MECHANICAL,0.00,"1,000,000.00",0.00,,,"lerm.parameter.master.table,3210",,"Natural Building stones, Granite, Marbles",
True Porosity,BUILDING INFRASTRUCTURE AND CONSTRUCTION MATERIAL,"Natural Building stones, Granite, Marbles",0.00,0.00,,FALSE,MECHANICAL,0.00,"10,000,000.00",0.00,,,"lerm.parameter.master.table,3211",,"Natural Building stones, Granite, Marbles",
True Specific Gravity,BUILDING INFRASTRUCTURE AND CONSTRUCTION MATERIAL,"Natural Building stones, Granite, Marbles",0.00,0.00,,FALSE,MECHANICAL,0.00,"1,000,000.00",0.00,,,"lerm.parameter.master.table,3212",,"Natural Building stones, Granite, Marbles",
Water Absorption,BUILDING INFRASTRUCTURE AND CONSTRUCTION MATERIAL,"Natural Building stones, Granite, Marbles",0.00,0.00,IS 1124: 1974 RA-2017,FALSE,MECHANICAL,0.00,"100,000.00",0.00,%,NABL,"lerm.parameter.master.table,3213",,"Natural Building stones, Granite, Marbles",
Apparent Specific Gravity,BUILDING INFRASTRUCTURE AND CONSTRUCTION MATERIAL,"Natural Building stones, Granite, Marbles",0.00,0.00,IS 1124: 1974 RA-2017,FALSE,MECHANICAL,0.00,"10,000.00",0.00,--,NABL,"lerm.parameter.master.table,3299",,"Natural Building stones, Granite, Marbles",
"Apparent Porosity, %",BUILDING INFRASTRUCTURE AND CONSTRUCTION MATERIAL,"Natural Building stones, Granite, Marbles",0.00,0.00,IS 1124: 1974 RA-2017,FALSE,MECHANICAL,0.00,"100,000.00",0.00,%,NABL,"lerm.parameter.master.table,3300",,"Natural Building stones, Granite, Marbles",
Dry State- Perpendicular to the plane,BUILDING INFRASTRUCTURE AND CONSTRUCTION MATERIAL,"Natural Building stones, Granite, Marbles",0.00,0.00,,FALSE,MECHANICAL,0.00,"1,000,000.00",0.00,,,"lerm.parameter.master.table,3301",,"Natural Building stones, Granite, Marbles",
Dry State- Parallel to the plane,BUILDING INFRASTRUCTURE AND CONSTRUCTION MATERIAL,"Natural Building stones, Granite, Marbles",0.00,0.00,,FALSE,MECHANICAL,0.00,"1,000,000.00",0.00,,,"lerm.parameter.master.table,3302",,"Natural Building stones, Granite, Marbles",
Wet State- Perpendicular to the plane,BUILDING INFRASTRUCTURE AND CONSTRUCTION MATERIAL,"Natural Building stones, Granite, Marbles",0.00,0.00,,FALSE,MECHANICAL,0.00,"1,000,000.00",0.00,,,"lerm.parameter.master.table,3303",,"Natural Building stones, Granite, Marbles",
Wet State- Parallel to the plane,BUILDING INFRASTRUCTURE AND CONSTRUCTION MATERIAL,"Natural Building stones, Granite, Marbles",0.00,0.00,,FALSE,MECHANICAL,0.00,"100,000.00",0.00,,,"lerm.parameter.master.table,3304",,"Natural Building stones, Granite, Marbles",
STAIN TEST,BUILDING INFRASTRUCTURE AND CONSTRUCTION MATERIAL,"Natural Building stones, Granite, Marbles",0.00,0.00,,FALSE,MECHANICAL,0.00,0.00,0.00,,Non NABL,,,"Natural Building stones, Granite, Marbles",
RESISTANCE TO WEAR(FOR FLOOR APPLICATION,BUILDING INFRASTRUCTURE AND CONSTRUCTION MATERIAL,"Natural Building stones, Granite, Marbles",0.00,0.00,,FALSE,MECHANICAL,0.00,0.00,0.00,,Non NABL,,,"Natural Building stones, Granite, Marbles",
Chloride,BUILDING MATERIALS - CHEMICAL,OPC Cement Chemical,0.01,0.00,IS 4032:1985 (RA 2019) Clause 4.13,FALSE,CHEMICAL,0.01,1.00,0.00,% by mass,NABL,"lerm.parameter.master.table,731",Burette reading for Blank,OPC CEMENT CHEMICAL,
Insoluble Residue,BUILDING MATERIALS - CHEMICAL,OPC Cement Chemical,0.10,0.00,IS 4032:1985 (RA 2019) Clause 4.10,FALSE,CHEMICAL,0.01,10.00,0.00,% by mass,NABL,"lerm.parameter.master.table,733",Wt of Sample (gm),OPC CEMENT CHEMICAL,
Iron Oxide (Fe₂O₃),BUILDING MATERIALS - CHEMICAL,OPC Cement Chemical,0.10,0.00,IS 4032:1985 (RA 2019) Clause 4.5,FALSE,CHEMICAL,0.02,10.00,0.00,% by mass,NABL,"lerm.parameter.master.table,734",Wt of Sample (gm),OPC CEMENT CHEMICAL,
Loss on Ignition,BUILDING MATERIALS - CHEMICAL,OPC Cement Chemical,0.10,0.00,IS 4032:1985 (RA 2019) Clause 4.2,FALSE,CHEMICAL,0.01,10.00,0.00,% by mass,NABL,"lerm.parameter.master.table,736",Wt of crucible +Sample before ignition (gm),OPC CEMENT CHEMICAL,
Magnesia(MgO),BUILDING MATERIALS - CHEMICAL,OPC Cement Chemical,0.10,0.00,IS 4032:1985 (RA 2019) Clause 4.8,FALSE,CHEMICAL,0.01,10.00,0.00,% by mass,NABL,"lerm.parameter.master.table,738",Wt of Sample (gm),OPC CEMENT CHEMICAL,
Ultra Sonic re Velocity test,,,0.00,0.00,,FALSE,,0.00,0.00,0.00,,,,,,
Silica (SiO2),BUILDING MATERIALS - CHEMICAL,OPC Cement Chemical,16.00,0.00,IS 4032:1985 (RA 2019),FALSE,CHEMICAL,0.00,30.00,0.00,% by mass,,"lerm.parameter.master.table,740",Wt of Sample (gm),OPC CEMENT CHEMICAL,
Sulphuric Anhydride(SO3),BUILDING MATERIALS - CHEMICAL,OPC Cement Chemical,0.10,0.00,IS 4032:1985 (RA 2019) Clause 4.9,FALSE,CHEMICAL,0.01,5.00,0.00,% by mass,NABL,"lerm.parameter.master.table,742",Wt of Sample (gm),OPC CEMENT CHEMICAL,
CaO,BUILDING MATERIALS - CHEMICAL,OPC Cement Chemical,30.00,0.00,IS 4032:1985 (RA 2019) Clause 4.7,FALSE,CHEMICAL,0.00,70.00,0.00,% by mass,NABL,"lerm.parameter.master.table,743",Wt of Sample (gm),OPC CEMENT CHEMICAL,
Alumina (Al2O3),BUILDING MATERIALS - CHEMICAL,OPC Cement Chemical,3.00,0.00,IS 4032:1985 (RA 2019),FALSE,CHEMICAL,0.02,12.00,0.00,% by mass,,"lerm.parameter.master.table,744",Wt of Sample (gm),OPC CEMENT CHEMICAL,
R₂O₃,BUILDING MATERIALS - CHEMICAL,OPC Cement Chemical,0.00,0.00,--,FALSE,CHEMICAL,0.00,999.00,0.00,% by mass,NABL,"lerm.parameter.master.table,1695",Wt of Sample (gm),OPC CEMENT CHEMICAL,
Fe₂O₃,BUILDING MATERIALS - CHEMICAL,OPC Cement Chemical,0.10,0.00,--,FALSE,CHEMICAL,0.02,10.00,0.00,% by mass,NABL,"lerm.parameter.master.table,1700",Wt of Sample (gm),OPC CEMENT CHEMICAL,
Alumina,BUILDING MATERIALS - CHEMICAL,OPC Cement Chemical,3.00,0.00,--,FALSE,CHEMICAL,0.02,12.00,0.00,% by mass,NABL,"lerm.parameter.master.table,745",R₂O₃,OPC CEMENT CHEMICAL,
Alkali  Content,BUILDING MATERIALS - CHEMICAL,OPC Cement Chemical,0.01,0.00,IS 4032:1985 (RA 2019) Clause 4.11.4,FALSE,CHEMICAL,0.03,5.00,0.00,% by mass,NABL,"lerm.parameter.master.table,746",Sodium Oxide(Na2O),OPC CEMENT CHEMICAL,
Sodium Oxide(Na2O),BUILDING MATERIALS - CHEMICAL,OPC Cement Chemical,0.01,0.00,--,FALSE,CHEMICAL,0.03,5.00,0.00,% by mass,NABL,"lerm.parameter.master.table,1709",Weight of sample taken,OPC CEMENT CHEMICAL,
Potash(K2O),BUILDING MATERIALS - CHEMICAL,OPC Cement Chemical,0.01,0.00,--,FALSE,CHEMICAL,0.05,5.00,0.00,% by mass,NABL,"lerm.parameter.master.table,1714",Weight of sample taken,OPC CEMENT CHEMICAL,
Lime Saturation Factor CaO - 0.7 SO3/ ( 2.8 SiO2 + 1.2 Al2 O3 + 0.65 Fe2O3),BUILDING MATERIALS - CHEMICAL,OPC Cement Chemical,0.00,0.00,,FALSE,CHEMICAL,0.00,999.00,0.00,% by mass,,"lerm.parameter.master.table,806",CaO,OPC CEMENT CHEMICAL,
Ratio of percentage of alumina to that of Iron Oxide,BUILDING MATERIALS - CHEMICAL,OPC Cement Chemical,0.00,0.00,,FALSE,CHEMICAL,0.00,999.00,0.00,% by mass,,"lerm.parameter.master.table,807",Alumina (Al2O3),OPC CEMENT CHEMICAL,
C3A -Tricalcium aluminate content,BUILDING MATERIALS - CHEMICAL,OPC Cement Chemical,0.00,0.00,,FALSE,CHEMICAL,0.00,999.00,0.00,% by mass,,"lerm.parameter.master.table,808",Alumina (Al2O3),OPC CEMENT CHEMICAL,
C3S - Tricalcium silicate content,BUILDING MATERIALS - CHEMICAL,OPC Cement Chemical,0.00,0.00,,FALSE,CHEMICAL,0.00,999.00,0.00,% by mass,,"lerm.parameter.master.table,809",CaO,OPC CEMENT CHEMICAL,
Dimensions,BUILDING INFRASTRUCTURE AND CONSTRUCTION MATERIAL,PARTICLE BOARD,0.00,0.00,,FALSE,MECHANICAL,0.00,0.00,0.00,,,,,PARTICLE BOARD,
Density and Moisture Content,BUILDING INFRASTRUCTURE AND CONSTRUCTION MATERIAL,PARTICLE BOARD,0.00,0.00,,FALSE,MECHANICAL,0.00,0.00,0.00,,,,,PARTICLE BOARD,
Width,BUILDING INFRASTRUCTURE AND CONSTRUCTION MATERIAL,PARTICLE BOARD,0.00,0.00,,FALSE,MECHANICAL,0.00,0.00,0.00,,,,,PARTICLE BOARD,
Thickness,BUILDING INFRASTRUCTURE AND CONSTRUCTION MATERIAL,PARTICLE BOARD,0.00,0.00,,FALSE,MECHANICAL,0.00,0.00,0.00,,,,,PARTICLE BOARD,
Squareness,BUILDING INFRASTRUCTURE AND CONSTRUCTION MATERIAL,PARTICLE BOARD,0.00,0.00,,FALSE,MECHANICAL,0.00,0.00,0.00,,,,,PARTICLE BOARD,
Edge Straightness,BUILDING INFRASTRUCTURE AND CONSTRUCTION MATERIAL,PARTICLE BOARD,0.00,0.00,,FALSE,MECHANICAL,0.00,0.00,0.00,,,,,PARTICLE BOARD,
Density,BUILDING INFRASTRUCTURE AND CONSTRUCTION MATERIAL,PARTICLE BOARD,0.00,0.00,,FALSE,MECHANICAL,0.00,0.00,0.00,,,,,PARTICLE BOARD,
Moisture Content,BUILDING INFRASTRUCTURE AND CONSTRUCTION MATERIAL,PARTICLE BOARD,0.00,0.00,,FALSE,MECHANICAL,0.00,0.00,0.00,,,,,PARTICLE BOARD,
Water Absorption,BUILDING INFRASTRUCTURE AND CONSTRUCTION MATERIAL,PARTICLE BOARD,0.00,0.00,,FALSE,MECHANICAL,0.00,0.00,0.00,,,,,PARTICLE BOARD,
Length,BUILDING INFRASTRUCTURE AND CONSTRUCTION MATERIAL,PARTICLE BOARD,0.00,0.00,,FALSE,MECHANICAL,0.00,0.00,0.00,,,,,PARTICLE BOARD,
Modulus of Rupture,BUILDING INFRASTRUCTURE AND CONSTRUCTION MATERIAL,PARTICLE BOARD,0.00,0.00,,FALSE,MECHANICAL,0.00,0.00,0.00,,,,,PARTICLE BOARD,
Modulus of Elasticity,BUILDING INFRASTRUCTURE AND CONSTRUCTION MATERIAL,PARTICLE BOARD,0.00,0.00,,FALSE,MECHANICAL,0.00,0.00,0.00,,,,,PARTICLE BOARD,
Dimension,BUILDING INFRASTRUCTURE AND CONSTRUCTION MATERIAL,Paver Blocks Mechanical Test,30.00,0.00,IS 15658:2021,FALSE,MECHANICAL,0.00,400.00,0.00,mm,NABL,"lerm.parameter.master.table,710",,PAVER BLOCK,
Split tensile test,BUILDING INFRASTRUCTURE AND CONSTRUCTION MATERIAL,Paver Blocks Mechanical Test,5.00,0.00,IS 15658:2021,FALSE,MECHANICAL,0.03,70.00,0.00,N/mm2,NABL,"lerm.parameter.master.table,711",,PAVER BLOCK,
Water Absorption,BUILDING INFRASTRUCTURE AND CONSTRUCTION MATERIAL,Paver Blocks Mechanical Test,2.00,0.00,IS 15658:2021,FALSE,MECHANICAL,0.02,20.00,0.00,%,NABL,"lerm.parameter.master.table,712",,PAVER BLOCK,
Compressive Strength,BUILDING INFRASTRUCTURE AND CONSTRUCTION MATERIAL,Paver Blocks Mechanical Test,5.00,0.00,IS 15658:2021,FALSE,MECHANICAL,0.05,80.00,0.00,N/mm2,NABL,"lerm.parameter.master.table,714",,PAVER BLOCK,
Pile Integrity Test,REINFORCED CONCRETE STRUCTURE,Pile Integrity test,0.00,0.00,ASTM D 5882,FALSE,NON-DESTRUCTIVE TESTING,0.00,0.00,0.00,,NABL,,,PILE INTEGRITY,
PILE LATERL,Soil-Field,PILE LATERL,0.00,0.00,IS 2911-PART 4,FALSE,MECHANICAL,0.00,0.00,0.00,,,,,PILE LATERL,
PLATE LOAD TEST ,Soil-Field,Plate Load Test,0.00,0.00,IS 1888-1992,FALSE,MECHANICAL,0.00,0.00,0.00,,,,,Plate Load Test,
Chloride,BUILDING MATERIALS - CHEMICAL,Post Tensioning Grout-Chemical,0.00,0.00,IS 4032:1985 (RA 2019) Clause 4.13,FALSE,CHEMICAL,0.00,5.00,0.00,%,Non NABL,"lerm.parameter.master.table,1281",Wt of Smple,Post Tensioning Grout-Chemical,
Sulphate as SO3,BUILDING MATERIALS - CHEMICAL,Post Tensioning Grout-Chemical,0.00,0.00,IS 4032:1985 (RA 2019) Clause 4.9,FALSE,CHEMICAL,0.00,5.00,0.00,% by mass,Non NABL,"lerm.parameter.master.table,1282",Wt of Smple,Post Tensioning Grout-Chemical,
pH,BUILDING MATERIALS - CHEMICAL,Post Tensioning Grout-Chemical,1.00,0.00,KES/SOP/CHEM/039: 2018,FALSE,CHEMICAL,0.00,14.00,0.00,--,Non NABL,"lerm.parameter.master.table,1283",PH,Post Tensioning Grout-Chemical,
DENSITY,BUILDING INFRASTRUCTURE AND CONSTRUCTION MATERIAL,Power Grout - Mechanical Test,0.00,0.00,,FALSE,MECHANICAL,0.00,0.00,0.00,,Non NABL,,,POWER GROUT,
Chloride,BUILDING MATERIALS - CHEMICAL,PPC Cement Chemical,0.01,0.00,IS 4032:1985,FALSE,CHEMICAL,0.10,1.00,0.00,% by mass,NABL,"lerm.parameter.master.table,730",Blank reading (ml),PPC CEMENT CHEMICAL,
Magnesia (MgO),BUILDING MATERIALS - CHEMICAL,PPC Cement Chemical,0.10,0.00,IS 4032:1985,FALSE,CHEMICAL,0.01,10.00,0.00,% by mass,NABL,"lerm.parameter.master.table,732",Wt of Sample (gm),PPC CEMENT CHEMICAL,
Sulphuric Anhydride(SO3),BUILDING MATERIALS - CHEMICAL,PPC Cement Chemical,0.10,0.00,IS 4032:1985,FALSE,CHEMICAL,0.01,5.00,0.00,% by mass,NABL,"lerm.parameter.master.table,735",Wt of Sample (gm),PPC CEMENT CHEMICAL,
Insoluble residue,BUILDING MATERIALS - CHEMICAL,PPC Cement Chemical,0.10,0.00,IS 4032:1985,FALSE,CHEMICAL,0.00,40.00,0.00,% by mass,NABL,"lerm.parameter.master.table,737",Wt of Sample (gm),PPC CEMENT CHEMICAL,
Loss on ignition,BUILDING MATERIALS - CHEMICAL,PPC Cement Chemical,0.10,0.00,IS 4032:1985,FALSE,CHEMICAL,0.01,10.00,0.00,% by mass,NABL,"lerm.parameter.master.table,739",Wt of crucible +Sample before ignition (gm),PPC CEMENT CHEMICAL,
Sodium Oxide(Na2O) (depend),BUILDING MATERIALS - CHEMICAL,PPC Cement Chemical,0.01,0.00,--,FALSE,CHEMICAL,0.03,5.00,0.00,,NABL,,Weight of sample taken,PPC CEMENT CHEMICAL,
Potassium Oxide (depend),BUILDING MATERIALS - CHEMICAL,PPC Cement Chemical,0.01,0.00,--,FALSE,CHEMICAL,0.09,5.00,0.00,,NABL,,Weight of sample taken,PPC CEMENT CHEMICAL,
Alkali Content,BUILDING MATERIALS - CHEMICAL,PPC Cement Chemical,0.01,0.00,IS 4032:1985,FALSE,CHEMICAL,0.03,5.00,0.00,% by mass,,"lerm.parameter.master.table,741",Sodium Oxide(Na2O) (depend),PPC CEMENT CHEMICAL,
Alumina (Al2O3),BUILDING MATERIALS - CHEMICAL,PSC CEMENT CHEMICAL,3.00,0.00,IS 4032:1985,FALSE,CHEMICAL,0.00,12.00,0.00,% by mass,NABL,"lerm.parameter.master.table,747",Wt of Sample (gm),PSC CEMENT CHEMICAL,
CaO,BUILDING MATERIALS - CHEMICAL,PSC CEMENT CHEMICAL,30.00,0.00,IS 4032:1985,FALSE,CHEMICAL,0.00,50.00,0.00,% by mass,NABL,"lerm.parameter.master.table,748",Wt of Sample (gm),PSC CEMENT CHEMICAL,
Sulphide Sulphur,BUILDING MATERIALS - CHEMICAL,PSC CEMENT CHEMICAL,0.01,0.00,IS 4032:1985,FALSE,CHEMICAL,0.00,2.00,0.00,% by mass,NABL,"lerm.parameter.master.table,749",Wt of Sample (gm),PSC CEMENT CHEMICAL,
Chloride,BUILDING MATERIALS - CHEMICAL,PSC CEMENT CHEMICAL,0.01,0.00,IS 4032:1985,FALSE,CHEMICAL,0.08,1.00,0.00,% by mass,NABL,"lerm.parameter.master.table,751",Blank reading (ml),PSC CEMENT CHEMICAL,
Iron Oxide (Fe₂O₃),BUILDING MATERIALS - CHEMICAL,PSC CEMENT CHEMICAL,0.10,0.00,IS 4032:1985,FALSE,CHEMICAL,0.00,10.00,0.00,% by mass,NABL,"lerm.parameter.master.table,753",Wt of Sample (gm),PSC CEMENT CHEMICAL,
Magnesia (MgO),BUILDING MATERIALS - CHEMICAL,PSC CEMENT CHEMICAL,2.00,0.00,IS 4032:1985,FALSE,CHEMICAL,0.00,10.00,0.00,% by mass,NABL,"lerm.parameter.master.table,755",Wt of Sample (gm),PSC CEMENT CHEMICAL,
Sulphuric Anhydride (SO3),BUILDING MATERIALS - CHEMICAL,PSC CEMENT CHEMICAL,0.10,0.00,IS 4032:1985,FALSE,CHEMICAL,0.01,5.00,0.00,% by mass,NABL,"lerm.parameter.master.table,758",Wt of Sample (gm),PSC CEMENT CHEMICAL,
Insoluble Residue,BUILDING MATERIALS - CHEMICAL,PSC CEMENT CHEMICAL,0.10,0.00,IS 4032:1985,FALSE,CHEMICAL,0.03,10.00,0.00,% by mass,NABL,"lerm.parameter.master.table,760",Wt of Sample (gm),PSC CEMENT CHEMICAL,
Loss on ignition,BUILDING MATERIALS - CHEMICAL,PSC CEMENT CHEMICAL,0.10,0.00,IS 4032:1985,FALSE,CHEMICAL,0.01,10.00,0.00,% by mass,NABL,"lerm.parameter.master.table,762",Wt of crucible +Sample before ignition (gm),PSC CEMENT CHEMICAL,
Silica (Sio2),BUILDING MATERIALS - CHEMICAL,PSC CEMENT CHEMICAL,15.00,0.00,IS 4032: 1985,FALSE,CHEMICAL,0.01,35.00,0.00,% by mass,NABL,"lerm.parameter.master.table,763",Wt of Sample (gm),PSC CEMENT CHEMICAL,
R₂O₃ (depend),BUILDING MATERIALS - CHEMICAL,PSC CEMENT CHEMICAL,0.00,0.00,--,FALSE,CHEMICAL,0.00,0.00,0.00,% by mass,,"lerm.parameter.master.table,2882",Wt of Sample (gm),PSC CEMENT CHEMICAL,
Fe₂O₃ (depend),BUILDING MATERIALS - CHEMICAL,PSC CEMENT CHEMICAL,0.01,0.00,--,FALSE,CHEMICAL,0.00,10.00,0.00,% by mass,NABL,"lerm.parameter.master.table,2883",Wt of Sample (gm),PSC CEMENT CHEMICAL,
Al₂O₃,BUILDING MATERIALS - CHEMICAL,PSC CEMENT CHEMICAL,3.00,0.00,IS 4032:1985,FALSE,CHEMICAL,0.00,12.00,0.00,% by mass,,"lerm.parameter.master.table,764",R₂O₃ (depend),PSC CEMENT CHEMICAL,
Alkalis Content as Na2O,BUILDING MATERIALS - CHEMICAL,PSC CEMENT CHEMICAL,0.00,0.00,IS 4032:1985,FALSE,CHEMICAL,0.00,0.00,0.00,% by mass,,"lerm.parameter.master.table,765",Alkalis as  Na2O (depend),PSC CEMENT CHEMICAL,
Fluidity,BUILDING INFRASTRUCTURE AND CONSTRUCTION MATERIAL,PT GROUT MECHANICAL,0.00,0.00,ASTM C 939,FALSE,MECHANICAL,0.00,"1,000,000.00",0.00,sec,NABL,"lerm.parameter.master.table,1224",,PT GROUT,
Bleeding,BUILDING INFRASTRUCTURE AND CONSTRUCTION MATERIAL,PT GROUT MECHANICAL,0.00,0.00,ASTM C 940 ,FALSE,MECHANICAL,0.00,"100,000.00",0.00,%,NABL,"lerm.parameter.master.table,1225",,PT GROUT,
Initial Setting Time,BUILDING INFRASTRUCTURE AND CONSTRUCTION MATERIAL,PT GROUT MECHANICAL,0.00,0.00,IS 4031(Part-5)1988,FALSE,MECHANICAL,0.09,"99,999.00",0.00,Hours,NABL,"lerm.parameter.master.table,795",,PT GROUT,
Volume Change,BUILDING INFRASTRUCTURE AND CONSTRUCTION MATERIAL,PT GROUT MECHANICAL,0.00,0.00,ASTM C 1090:2015,FALSE,MECHANICAL,0.17,10.00,0.00,%,NABL,"lerm.parameter.master.table,875",,PT GROUT,
Compressive Strength,BUILDING INFRASTRUCTURE AND CONSTRUCTION MATERIAL,PT GROUT MECHANICAL,0.00,0.00,IS 4031(Part-6)1988,FALSE,MECHANICAL,0.05,999.00,0.00,N/mm2,NABL,"lerm.parameter.master.table,876",,PT GROUT,
Final Setting Time,BUILDING INFRASTRUCTURE AND CONSTRUCTION MATERIAL,PT GROUT MECHANICAL,2.00,0.00,IS 4031(Part-5)1988,FALSE,MECHANICAL,0.00,"99,999.00",0.00,Hours,NABL,"lerm.parameter.master.table,874",,PT GROUT,
Density,BUILDING INFRASTRUCTURE AND CONSTRUCTION MATERIAL,PT GROUT MECHANICAL,0.00,0.00,,FALSE,MECHANICAL,0.00,0.00,0.00,,,,,PT GROUT,
Carbonation Depth,REINFORCED CONCRETE STRUCTURE,Reinforced Concrete Structure NDT,0.10,0.00,IS 516 (Part 5/Sec 3) : 2021,FALSE,NON-DESTRUCTIVE TESTING,0.01,50.00,0.00,mm,NABL,"lerm.parameter.master.table,1763",,REINFORCED CONCRETE STRUCTURE,
Cover Depth,REINFORCED CONCRETE STRUCTURE,Reinforced Concrete Structure NDT,5.00,0.00,BS 1881 :Part204:1988,FALSE,NON-DESTRUCTIVE TESTING,0.02,90.00,0.00,mm,NABL,"lerm.parameter.master.table,1791",,REINFORCED CONCRETE STRUCTURE,
Crack Depth Measurement,REINFORCED CONCRETE STRUCTURE,Reinforced Concrete Structure NDT,5.00,0.00,IS 516 (Part 5/Sec 1) : 2018,FALSE,NON-DESTRUCTIVE TESTING,0.17,250.00,0.00,mm,NABL,"lerm.parameter.master.table,1772",,REINFORCED CONCRETE STRUCTURE,
Half Cell Potential,REINFORCED CONCRETE STRUCTURE,Reinforced Concrete Structure NDT,100.00,0.00,IS 516 (Part 5/Sec 2) : 2021,FALSE,NON-DESTRUCTIVE TESTING,0.01,600.00,0.00,mV,NABL,"lerm.parameter.master.table,1753",,REINFORCED CONCRETE STRUCTURE,
Load Test,REINFORCED CONCRETE STRUCTURE,Reinforced Concrete Structure NDT,0.10,0.00,"IS 456 : 2000:RA 2021, clause 17.6",FALSE,NON-DESTRUCTIVE TESTING,0.00,25.00,0.00,mm,NABL,"lerm.parameter.master.table,1820",,REINFORCED CONCRETE STRUCTURE,
Rebound Hammer Test,REINFORCED CONCRETE STRUCTURE,Reinforced Concrete Structure NDT,21.00,0.00,IS 516 (Part 5/Sec 4) : 2020,FALSE,NON-DESTRUCTIVE TESTING,0.03,60.00,0.00,--,NABL,"lerm.parameter.master.table,1614",,REINFORCED CONCRETE STRUCTURE,
Ultra Sonic Pulse Velocity test,REINFORCED CONCRETE STRUCTURE,Reinforced Concrete Structure NDT,1.00,0.00,IS 516 (Part 5/Sec 1) : 2018,FALSE,NON-DESTRUCTIVE TESTING,0.05,5.00,0.00,km/l,NABL,"lerm.parameter.master.table,1607",,REINFORCED CONCRETE STRUCTURE,
Crack Width,REINFORCED CONCRETE STRUCTURE,Reinforced Concrete Structure NDT,0.00,0.00,IS 456 : 2000:RA 2021,FALSE,NON-DESTRUCTIVE TESTING,0.00,0.00,0.00,,NABL,"lerm.parameter.master.table,1810",,REINFORCED CONCRETE STRUCTURE,
Porosity,SOIL AND ROCK,Rock Sample,0.10,0.00,IS 13030: 1991,FALSE,MECHANICAL,0.00,25.00,0.00,%,NABL,"lerm.parameter.master.table,3091",,ROCK,
Water Absorption,SOIL AND ROCK,Rock Sample,0.10,0.00,IS 13030: 1991,FALSE,MECHANICAL,0.00,20.00,0.00,%,NABL,"lerm.parameter.master.table,3092",,ROCK,
Dry Density,SOIL AND ROCK,Rock Sample,2.00,0.00,IS 13030: 1991,FALSE,MECHANICAL,0.00,3.00,0.00,gm/cc,NABL,"lerm.parameter.master.table,3093",,ROCK,
Saturated Specific Gravity,SOIL AND ROCK,Rock Sample,2.20,0.00,IS 13030: 1991,FALSE,MECHANICAL,0.00,3.00,0.00,--,NABL,"lerm.parameter.master.table,3094",,ROCK,
UCS,SOIL AND ROCK,Rock Sample,5.00,0.00,IS 9143: 1979,FALSE,MECHANICAL,0.02,250.00,0.00,N/mm2,NABL,"lerm.parameter.master.table,3095",,ROCK,
Appearance,BUILDING MATERIALS - CHEMICAL,SHUTTERING OIL,0.00,0.00,,FALSE,CHEMICAL,0.00,"100,000.00",0.00,,Non NABL,"lerm.parameter.master.table,3473",Appearance,SHUTTERING OIL,
Specific Gravity,BUILDING MATERIALS - CHEMICAL,SHUTTERING OIL,0.00,0.00,,FALSE,CHEMICAL,0.00,"100,000.00",0.00,,Non NABL,"lerm.parameter.master.table,3474",Specific gravity,,
pH,BUILDING MATERIALS - CHEMICAL,SHUTTERING OIL,0.00,0.00,,FALSE,CHEMICAL,0.00,"1,000,000.00",0.00,,Non NABL,"lerm.parameter.master.table,3475",2) pH at  25 ⁰ C,,
Viscosity,BUILDING MATERIALS - CHEMICAL,SHUTTERING OIL,0.00,0.00,,FALSE,CHEMICAL,0.00,"100,000.00",0.00,sec,Non NABL,"lerm.parameter.master.table,3476",Viscosity by ford cup,,
SHUTTERING PLYWOOD,BUILDING INFRASTRUCTURE AND CONSTRUCTION MATERIAL,SHUTTERING PLYWOOD,0.00,0.00,,FALSE,MECHANICAL,0.00,0.00,0.00,,,,,SHUTTERING PLYWOOD,
Dimensions,BUILDING INFRASTRUCTURE AND CONSTRUCTION MATERIAL,SHUTTERING PLYWOOD,0.00,0.00,,FALSE,MECHANICAL,0.00,"1,000,000.00",0.00,,,,,SHUTTERING PLYWOOD,
Adhesion of Plies,BUILDING INFRASTRUCTURE AND CONSTRUCTION MATERIAL,SHUTTERING PLYWOOD,0.00,0.00,,FALSE,MECHANICAL,0.00,0.00,0.00,,,,,SHUTTERING PLYWOOD,
Resistance to dry heat,BUILDING INFRASTRUCTURE AND CONSTRUCTION MATERIAL,SHUTTERING PLYWOOD,0.00,0.00,,FALSE,MECHANICAL,0.00,0.00,0.00,,,,,SHUTTERING PLYWOOD,
Water Resistance Test,BUILDING INFRASTRUCTURE AND CONSTRUCTION MATERIAL,SHUTTERING PLYWOOD,0.00,0.00,IS 1734 Part 6:1983 (RA-2018),FALSE,MECHANICAL,0.00,0.00,0.00,--,,,,SHUTTERING PLYWOOD,
Density,BUILDING INFRASTRUCTURE AND CONSTRUCTION MATERIAL,SHUTTERING PLYWOOD,0.00,0.00,IS 1734 Part 1:1983 (RA - 2018),FALSE,MECHANICAL,0.00,"100,000.00",0.00,gm/cc,NABL,"lerm.parameter.master.table,3523",,SHUTTERING PLYWOOD,
Length,BUILDING INFRASTRUCTURE AND CONSTRUCTION MATERIAL,SHUTTERING PLYWOOD,0.00,0.00,IS 303 : 2024,FALSE,MECHANICAL,0.00,"152,000,000.00",0.00,mm,NABL,"lerm.parameter.master.table,3522",,SHUTTERING PLYWOOD,
Width,BUILDING INFRASTRUCTURE AND CONSTRUCTION MATERIAL,SHUTTERING PLYWOOD,0.00,0.00,IS 303 : 2024,FALSE,MECHANICAL,0.00,"1,000,000,000.00",0.00,mm,NABL,"lerm.parameter.master.table,3524",,SHUTTERING PLYWOOD,
Thickness,BUILDING INFRASTRUCTURE AND CONSTRUCTION MATERIAL,SHUTTERING PLYWOOD,0.00,0.00,IS 303 : 2024,FALSE,MECHANICAL,0.00,"1,000,000,000.00",0.00,mm,NABL,"lerm.parameter.master.table,3525",,SHUTTERING PLYWOOD,
Squareness,BUILDING INFRASTRUCTURE AND CONSTRUCTION MATERIAL,SHUTTERING PLYWOOD,0.00,0.00,IS 303 : 2024,FALSE,MECHANICAL,0.00,"10,000,000.00",0.00,mm,NABL,"lerm.parameter.master.table,3526",,SHUTTERING PLYWOOD,
Edge Straightness,BUILDING INFRASTRUCTURE AND CONSTRUCTION MATERIAL,SHUTTERING PLYWOOD,0.00,0.00,IS 303 : 2024,FALSE,MECHANICAL,0.00,"10,000,000,000.00",0.00,,NABL,"lerm.parameter.master.table,3521",,SHUTTERING PLYWOOD,
Water Absorpation,BUILDING INFRASTRUCTURE AND CONSTRUCTION MATERIAL,SHUTTERING PLYWOOD,0.00,0.00,,FALSE,MECHANICAL,0.00,0.00,0.00,,Non NABL,,,SHUTTERING PLYWOOD,
California Bearing Ratio Soil,SOIL AND ROCK,Soil,1.00,0.00,IS 2720 (PART-16)1987 RA2021,FALSE,MECHANICAL,0.04,98.00,0.00,%,NABL,"lerm.parameter.master.table,3047",,SOIL,
Free Swell Index,SOIL AND ROCK,Soil,1.00,0.00,IS 2720 (Part-40)1977 RA2021,FALSE,MECHANICAL,0.07,100.00,0.00,%,NABL,"lerm.parameter.master.table,3048",,SOIL,
Grain Size Analysis,SOIL AND ROCK,Soil,0.10,0.00,IS 2720 (Part-4)1985 RA 2020,FALSE,MECHANICAL,0.05,100.00,0.00,mm,NABL,"lerm.parameter.master.table,689",,SOIL,
Liquid Limit,SOIL AND ROCK,Soil,0.10,0.00,IS 2720(Part-5) 1985 RA 2020,FALSE,MECHANICAL,0.02,75.00,0.00,%,NABL,"lerm.parameter.master.table,3030",,SOIL,
Moisture content,SOIL AND ROCK,Soil,2.00,0.00,IS 2720 (Part-28) :1974 RA-2020,FALSE,MECHANICAL,0.03,50.00,0.00,%,NABL,"lerm.parameter.master.table,3027",,SOIL,
Plastic Limit,SOIL AND ROCK,Soil,0.00,0.00,IS 2720 (PART-5) 1985 RA 2020,FALSE,MECHANICAL,0.02,50.00,0.00,%,NABL,"lerm.parameter.master.table,3031",,SOIL,
Dry Density by Sand Replacement method,SOIL AND ROCK,Soil,1.10,0.00,IS 2720 (Part-28) :1974,FALSE,MECHANICAL,0.00,3.50,0.00,gm/cc,NABL,"lerm.parameter.master.table,3049",,SOIL,
Heavy Compaction OMC/MDD,SOIL AND ROCK,Soil,1.40,0.00,IS 2720 (Part-8) 1983 RA 2020,FALSE,MECHANICAL,0.00,25.00,0.00,,NABL,"lerm.parameter.master.table,3050",,SOIL,
Light Compaction OMC/MDD,SOIL AND ROCK,Soil,1.40,0.00,IS 2720 (Part-7) 1983 RA 2020,FALSE,MECHANICAL,0.00,25.00,0.00,,NABL,"lerm.parameter.master.table,3051",,SOIL,
Field Dry Density of Soil by the Sand Replacement Method.,SOIL AND ROCK,Soil,0.00,0.00,IS 2720 (Part-28) :1974 RA-2020,FALSE,MECHANICAL,0.00,0.00,0.00,gm/cc,NABL,"lerm.parameter.master.table,3052",,SOIL,
SOIL FIELD TEST,SOIL AND ROCK,Soil,0.00,0.00,IS 1888: 1982,FALSE,MECHANICAL,0.00,0.00,0.00,,,,,SOIL,
Specific Gravity,BUILDING INFRASTRUCTURE AND CONSTRUCTION MATERIAL,Soil,1.50,0.00,IS 2720 Part 3: 1980 RA-2020,FALSE,MECHANICAL,0.00,3.50,0.00,,,"lerm.parameter.master.table,3204",,SOIL,
FIELD CALIFORNIA BEARING RATIO,Soil-Field,Soil,0.00,0.00,IS 2720 (Part 31),FALSE,MECHANICAL,0.00,"10,000.00",0.00,,NABL,,,SOIL,
California Bearing Ratio Soil 2,SOIL AND ROCK,Soil,0.00,0.00,,FALSE,MECHANICAL,0.00,"10,000,000.00",0.00,,,,,SOIL,
STATIC PILE LOAD TEST,Soil-Field,Soil,0.00,0.00,IS 2911 Part 4,FALSE,MECHANICAL,0.00,0.00,0.00,,,,,SOIL,
EV2,SOIL AND ROCK,Soil,0.00,0.00,DIN 18134,FALSE,MECHANICAL,0.00,0.00,0.00,,,,,SOIL,
MODULUS OF SUBGRADE REACTION,Soil-Field,Soil,0.00,0.00,IS 9214,FALSE,MECHANICAL,0.00,0.00,0.00,,,,,SOIL,
Chloride,SOIL AND ROCK,Soil -Chemical,0.00,0.00,BS : 1377-Part3 :1990,FALSE,CHEMICAL,0.00,5.00,0.00,% by mass,Non NABL,"lerm.parameter.master.table,1270",Wt of sample taken ( gm ),Soil -Chemical,
Sulphate,BUILDING MATERIALS - CHEMICAL,Soil -Chemical,0.00,0.00,IS 2720 Part 27 1977,FALSE,CHEMICAL,0.00,5.00,0.00,% by mass,Non NABL,"lerm.parameter.master.table,2941",Weight of sample taken,Soil -Chemical,
pH,BUILDING MATERIALS - CHEMICAL,Soil -Chemical,1.00,0.00,IS 2720 Part 26 1987,FALSE,CHEMICAL,0.00,14.00,0.00,--,Non NABL,"lerm.parameter.master.table,2942",PH,Soil -Chemical,
Water Absorption (Avg.),BUILDING INFRASTRUCTURE AND CONSTRUCTION MATERIAL,Solid Blocks,1.00,0.00,IS 2185 Part1:2020,FALSE,MECHANICAL,0.14,20.00,0.00,%,NABL,"lerm.parameter.master.table,2961",,SOLID CONCRETE BLOCK,
Block Density (Avg.),BUILDING INFRASTRUCTURE AND CONSTRUCTION MATERIAL,Solid Blocks,400.00,0.00,IS 2185 Part-1,FALSE,MECHANICAL,0.00,"3,000.00",0.00,kg/m3,NABL,"lerm.parameter.master.table,3151",,SOLID CONCRETE BLOCK,
Drying Shrinkage (Avg.),BUILDING INFRASTRUCTURE AND CONSTRUCTION MATERIAL,Solid Blocks,0.00,0.00,IS 2185 Part 1,FALSE,MECHANICAL,0.00,0.20,0.00,%,NABL,"lerm.parameter.master.table,2965",,SOLID CONCRETE BLOCK,
Moisture Movement (Avg.),BUILDING INFRASTRUCTURE AND CONSTRUCTION MATERIAL,Solid Blocks,0.00,0.00,IS 2185 Part 1,FALSE,MECHANICAL,0.00,0.20,0.00,%,NABL,"lerm.parameter.master.table,2967",,SOLID CONCRETE BLOCK,
Compressive Strength (Avg.),BUILDING INFRASTRUCTURE AND CONSTRUCTION MATERIAL,Solid Blocks,1.00,0.00,IS 2185 Part-1,FALSE,MECHANICAL,0.00,30.00,0.00,N/mm2,,"lerm.parameter.master.table,2969",,SOLID CONCRETE BLOCK,
Dimension,BUILDING INFRASTRUCTURE AND CONSTRUCTION MATERIAL,Solid Blocks,70.00,0.00,IS 2185 Part-1,FALSE,MECHANICAL,0.00,700.00,0.00,mm,,"lerm.parameter.master.table,2971",,SOLID CONCRETE BLOCK,
Length mm (Avg.),BUILDING INFRASTRUCTURE AND CONSTRUCTION MATERIAL,Solid Blocks,100.00,0.00,IS 2185 (Part 1) : 2005 RA 2020,FALSE,MECHANICAL,0.03,700.00,0.00,mm,,"lerm.parameter.master.table,2973",,SOLID CONCRETE BLOCK,
Width mm (Avg.),BUILDING INFRASTRUCTURE AND CONSTRUCTION MATERIAL,Solid Blocks,150.00,0.00,IS 2185 (Part 1) : 2005 RA 2020,FALSE,MECHANICAL,0.02,350.00,0.00,mm,,"lerm.parameter.master.table,2975",,SOLID CONCRETE BLOCK,
Height mm (Avg.),BUILDING INFRASTRUCTURE AND CONSTRUCTION MATERIAL,Solid Blocks,70.00,0.00,IS 2185 (Part 1) : 2005 RA 2020,FALSE,MECHANICAL,0.02,500.00,0.00,mm,,"lerm.parameter.master.table,2977",,SOLID CONCRETE BLOCK,
STAINLESS STEEL - TMT,MECHANICAL PROPERTIES OF METALS,STAINLESS STEEL - TMT,0.00,0.00,,FALSE,MECHANICAL,0.00,0.00,0.00,,,,,STAINLESS STEEL - TMT,
Carbon,METALS & ALLOYS,Structural Steel - Chemical,0.00,0.00,,FALSE,CHEMICAL,0.00,1.10,0.00,% by mass,NABL,"lerm.parameter.master.table,4349",Carbon,Structural Steel - Chemical,
Manganese,METALS & ALLOYS,Structural Steel - Chemical,0.00,0.00,,FALSE,CHEMICAL,0.00,1.00,0.00,% by mass,NABL,"lerm.parameter.master.table,4357",Manganese,Structural Steel - Chemical,
Silicon,METALS & ALLOYS,Structural Steel - Chemical,0.00,0.00,,FALSE,CHEMICAL,0.00,1.50,0.00,% by mass,NABL,"lerm.parameter.master.table,4378",Silicon,Structural Steel - Chemical,
Sulphur,METALS & ALLOYS,Structural Steel - Chemical,0.00,0.00,,FALSE,CHEMICAL,0.00,0.06,0.00,% by mass,NABL,"lerm.parameter.master.table,4392",Sulphur,Structural Steel - Chemical,
Phosphorous,METALS & ALLOYS,Structural Steel - Chemical,0.00,0.00,,FALSE,CHEMICAL,0.00,0.05,0.00,% by mass,NABL,"lerm.parameter.master.table,4406",Phosphorous,Structural Steel - Chemical,
Chromium,METALS & ALLOYS,Structural Steel - Chemical,0.00,0.00,,FALSE,CHEMICAL,0.00,5.00,0.00,% by mass,NABL,"lerm.parameter.master.table,4420",Chromium,Structural Steel - Chemical,
Nickel,METALS & ALLOYS,Structural Steel - Chemical,0.00,0.00,,FALSE,CHEMICAL,0.00,2.00,0.00,% by mass,NABL,"lerm.parameter.master.table,4434",Nickel,Structural Steel - Chemical,
Molybdenum,METALS & ALLOYS,Structural Steel - Chemical,0.00,0.00,,FALSE,CHEMICAL,0.00,0.75,0.00,% by mass,NABL,"lerm.parameter.master.table,4448",Molybdenum,Structural Steel - Chemical,
Copper,METALS & ALLOYS,Structural Steel - Chemical,0.00,0.00,,FALSE,CHEMICAL,0.00,0.50,0.00,% by mass,NABL,"lerm.parameter.master.table,4462",Copper,Structural Steel - Chemical,
Vanadium,METALS & ALLOYS,Structural Steel - Chemical,0.00,0.00,,FALSE,CHEMICAL,0.00,0.05,0.00,% by mass,NABL,"lerm.parameter.master.table,4476",Vanadium,Structural Steel - Chemical,
Carbon Equivalent,METALS & ALLOYS,Structural Steel - Chemical,0.01,0.00,ASTM E415:2021,FALSE,CHEMICAL,0.00,0.70,0.00,% by mass,NABL,"lerm.parameter.master.table,4490",,Structural Steel - Chemical,
carbon equivalent,METALS & ALLOYS,Structural Steel - Chemical,0.00,0.00,,FALSE,CHEMICAL,0.00,"1,000.00",0.00,% by mass,NABL,"lerm.parameter.master.table,4505",Manganese,Structural Steel - Chemical,
Silicon,METALS & ALLOYS,Structural Steel Chemical,0.05,0.00,IS 228 part 8 :1989,FALSE,CHEMICAL,0.04,2.50,0.00,% by mass,NABL,"lerm.parameter.master.table,917","Wt of Sample taken, gm",STAINLESS STEEL CHEMICAL,
Carbon,METALS & ALLOYS,Structural Steel Chemical,0.01,0.00,IS 228 part 1 : 1987,FALSE,CHEMICAL,0.02,1.50,0.00,% by mass,NABL,"lerm.parameter.master.table,923",Wt of Sample taken (gm),STAINLESS STEEL CHEMICAL,
Chromium,METALS & ALLOYS,Structural Steel Chemical,10.00,0.00,IS 228 part 6 : 1987,FALSE,CHEMICAL,0.00,30.00,0.00,% by mass,NABL,"lerm.parameter.master.table,929",Wt of Sample taken (gm),STAINLESS STEEL CHEMICAL,
Manganese,METALS & ALLOYS,Structural Steel Chemical,0.10,0.00,IS 228 part 2 : 1987,FALSE,CHEMICAL,0.01,3.00,0.00,% by mass,NABL,"lerm.parameter.master.table,935",Wt of Sample taken  gm,STAINLESS STEEL CHEMICAL,
Molybdenum,METALS & ALLOYS,Structural Steel Chemical,0.10,0.00,IIS 228 part 7:1990,FALSE,CHEMICAL,0.00,3.00,0.00,% by mass,NABL,"lerm.parameter.master.table,941",A) Wt of Sample taken (gm),STAINLESS STEEL CHEMICAL,
Nickel,METALS & ALLOYS,Structural Steel Chemical,0.10,0.00,IS 228 Part 5: 1987,FALSE,CHEMICAL,0.01,15.00,0.00,% by mass,NABL,"lerm.parameter.master.table,947","Wt of Sample taken, gm",STAINLESS STEEL CHEMICAL,
Phosphorous,METALS & ALLOYS,Structural Steel Chemical,0.01,0.00,IS 228 part 3 : 1987,FALSE,CHEMICAL,0.03,0.10,0.00,% by mass,NABL,"lerm.parameter.master.table,953",Wt of Sample taken (gm),STAINLESS STEEL CHEMICAL,
Sulphur,METALS & ALLOYS,Structural Steel Chemical,0.01,0.00,IS 228 part 9 :1989,FALSE,CHEMICAL,0.03,0.25,0.00,% by mass,NABL,"lerm.parameter.master.table,959","volume, in ml, of potassium iodate  added",STAINLESS STEEL CHEMICAL,
Carbon,METALS & ALLOYS,STRUCTURAL STEEL CHEMICAL,0.00,0.00,IS 228 Part 1 : RA 2018,FALSE,CHEMICAL,0.00,0.00,0.00,% by mass,NABL,"lerm.parameter.master.table,1239",Wt of Sample taken (gm),Metals & Alloys Structural Steel (Chemical ),
Manganese,METALS & ALLOYS,STRUCTURAL STEEL CHEMICAL,0.00,0.00,IS 228 Part 1: 1987,FALSE,CHEMICAL,0.00,0.00,0.00,% by mass,NABL,"lerm.parameter.master.table,1290",Wt of Sample taken  gm,Metals & Alloys Structural Steel (Chemical ),
Sulphur,METALS & ALLOYS,STRUCTURAL STEEL CHEMICAL,0.00,0.00,IS 228 Part 1 : RA 2018,FALSE,CHEMICAL,0.00,0.00,0.00,% by mass,NABL,"lerm.parameter.master.table,1318","volume, in ml, of potassium iodate  added",Metals & Alloys Structural Steel (Chemical ),
Phosphorus,METALS & ALLOYS,STRUCTURAL STEEL CHEMICAL,0.00,0.00,IS 228 Part 1 : RA 2018,FALSE,CHEMICAL,0.00,0.00,0.00,% by mass,NABL,"lerm.parameter.master.table,1348",Wt of Sample taken (gm),Metals & Alloys Structural Steel (Chemical ),
Silicon,METALS & ALLOYS,STRUCTURAL STEEL CHEMICAL,0.00,0.00,IS 228 Part 1 : RA 2018,FALSE,CHEMICAL,0.00,0.00,0.00,% by mass,NABL,"lerm.parameter.master.table,1376","A) Wt of Sample taken, gm",Metals & Alloys Structural Steel (Chemical ),
Carbon Equivalent (CE),METALS & ALLOYS,STRUCTURAL STEEL CHEMICAL,0.00,0.00,IS 228 Part 1 : RA 2018,FALSE,CHEMICAL,0.00,0.00,0.00,% by mass,,"lerm.parameter.master.table,1404",Carbon,Metals & Alloys Structural Steel (Chemical ),
Chromium,METALS & ALLOYS,STRUCTURAL STEEL CHEMICAL,0.00,0.00,,FALSE,CHEMICAL,0.00,0.00,0.00,% by mass,NABL,"lerm.parameter.master.table,1519",Wt of Sample taken (gm),Metals & Alloys Structural Steel (Chemical ),
Molybdenum,METALS & ALLOYS,STRUCTURAL STEEL CHEMICAL,0.00,0.00,,FALSE,CHEMICAL,0.00,0.00,0.00,% by mass,NABL,"lerm.parameter.master.table,1549",Wt of Sample taken (gm),Metals & Alloys Structural Steel (Chemical ),
Nickel,METALS & ALLOYS,STRUCTURAL STEEL CHEMICAL,0.00,0.00,,FALSE,CHEMICAL,0.00,0.00,0.00,% by mass,NABL,"lerm.parameter.master.table,1577","Wt of Sample taken, gm",Metals & Alloys Structural Steel (Chemical ),
0.2% Proof Load / Yield Stress,MECHANICAL PROPERTIES OF METALS,Threaded Steel Fasteners,660.00,0.00,,FALSE,MECHANICAL,0.00,900.00,0.00,,,"lerm.parameter.master.table,3108",,Threaded Steel Fasteners,
Elongation %,MECHANICAL PROPERTIES OF METALS,Threaded Steel Fasteners,12.00,0.00,,FALSE,MECHANICAL,0.00,50.00,0.00,,,"lerm.parameter.master.table,3107",,Threaded Steel Fasteners,
Ultimate Tensile Strength,MECHANICAL PROPERTIES OF METALS,Threaded Steel Fasteners,830.00,0.00,,FALSE,MECHANICAL,0.00,"1,200.00",0.00,,,"lerm.parameter.master.table,3109",,Threaded Steel Fasteners,
Reduction %,MECHANICAL PROPERTIES OF METALS,Threaded Steel Fasteners,52.00,0.00,,FALSE,MECHANICAL,0.00,85.00,0.00,,,"lerm.parameter.master.table,3106",,Threaded Steel Fasteners,
Carbon,METALS & ALLOYS,Threaded Steel Fasteners Bolt -chemical,0.00,0.00,,FALSE,CHEMICAL,0.00,0.00,0.00,% by mass,NABL,,,Threaded Steel Fasteners-chemical,
Carbon,METALS & ALLOYS,Threaded Steel Fasteners Bolt -chemical,0.02,0.00,,FALSE,CHEMICAL,0.00,1.10,0.00,% by mass,NABL,"lerm.parameter.master.table,4744",Carbon,Threaded Steel Fasteners-chemical,
Manganese,METALS & ALLOYS,Threaded Steel Fasteners Bolt -chemical,0.03,0.00,,FALSE,CHEMICAL,0.00,2.00,0.00,% by mass,NABL,"lerm.parameter.master.table,4746",Manganese,Threaded Steel Fasteners-chemical,
Sulphur,METALS & ALLOYS,Threaded Steel Fasteners Bolt -chemical,0.00,0.00,,FALSE,CHEMICAL,0.00,0.00,0.00,% by mass,NABL,"lerm.parameter.master.table,4748",Sulphur,Threaded Steel Fasteners-chemical,
Phosphorous,METALS & ALLOYS,Threaded Steel Fasteners Bolt -chemical,0.01,0.00,,FALSE,CHEMICAL,0.00,0.09,0.00,% by mass,NABL,"lerm.parameter.master.table,4750",Phosphorous,Threaded Steel Fasteners-chemical,
Boron,METALS & ALLOYS,Threaded Steel Fasteners Bolt -chemical,0.00,0.00,,FALSE,CHEMICAL,0.00,0.00,0.00,% by mass,Non NABL,"lerm.parameter.master.table,4767",Boron,Threaded Steel Fasteners-chemical,
Chromium,METALS & ALLOYS,Threaded Steel Fasteners Bolt -chemical,0.00,0.00,,FALSE,CHEMICAL,0.00,0.00,0.00,% by mass,NABL,"lerm.parameter.master.table,4824",Chromium,Threaded Steel Fasteners-chemical,
Nickel,METALS & ALLOYS,Threaded Steel Fasteners Bolt -chemical,0.00,0.00,,FALSE,CHEMICAL,0.00,0.00,0.00,% by mass,NABL,"lerm.parameter.master.table,4826",Nickel,Threaded Steel Fasteners-chemical,
Molybdenum,METALS & ALLOYS,Threaded Steel Fasteners Bolt -chemical,0.00,0.00,,FALSE,CHEMICAL,0.00,0.00,0.00,% by mass,NABL,"lerm.parameter.master.table,4828",Molybdenum,Threaded Steel Fasteners-chemical,
Carbon,METALS & ALLOYS,Threaded Steel Fasteners Chemical,0.05,0.00,IS 228 Part 1: 1987,FALSE,CHEMICAL,0.05,2.50,0.00,% by mass,NABL,"lerm.parameter.master.table,3096",A) Wt of Sample taken (gm),Threaded Steel Fasteners,
Sulphur,METALS & ALLOYS,Threaded Steel Fasteners Chemical,0.01,0.00,IS 228 Part 2: 1987,FALSE,CHEMICAL,0.03,0.25,0.00,% by mass,NABL,"lerm.parameter.master.table,3097","A) volume, in ml, of potassium iodate  added",Threaded Steel Fasteners,
Phosphorous,METALS & ALLOYS,Threaded Steel Fasteners Chemical,0.01,0.00,IS 228 Part 3: 1987,FALSE,CHEMICAL,0.04,0.12,0.00,% by mass,NABL,"lerm.parameter.master.table,3098",A) Wt of Sample taken (gm),Threaded Steel Fasteners,
Chromium,METALS & ALLOYS,Threaded Steel Fasteners Chemical,0.01,0.00,IS 228 Part 6: 1987,FALSE,CHEMICAL,0.02,2.00,0.00,% by mass,NABL,"lerm.parameter.master.table,3099",A) Wt of Sample taken (gm),Threaded Steel Fasteners,
Nickel,METALS & ALLOYS,Threaded Steel Fasteners Chemical,0.01,0.00,IS 228 Part 5: 1987,FALSE,CHEMICAL,0.02,2.00,0.00,% by mass,NABL,"lerm.parameter.master.table,3100","A) Wt of Sample taken, gm",Threaded Steel Fasteners,
Molybdenum,METALS & ALLOYS,Threaded Steel Fasteners Chemical,0.01,0.00,IS 228 Part 7: 1990,FALSE,CHEMICAL,0.00,2.00,0.00,% by mass,NABL,"lerm.parameter.master.table,3101",A) Wt of Sample taken (gm),Threaded Steel Fasteners,
Manganese,METALS & ALLOYS,Threaded Steel Fasteners Chemical,0.10,0.00,IS 228 Part 7: 1990,FALSE,CHEMICAL,0.00,2.00,0.00,% by mass,NABL,"lerm.parameter.master.table,3253",Wt of Sample taken  gm,Threaded Steel Fasteners,
Silicon,METALS & ALLOYS,Threaded Steel Fasteners Chemical,0.05,0.00,IS 228 Part 7: 1990,FALSE,CHEMICAL,0.00,5.00,0.00,% by mass,NABL,"lerm.parameter.master.table,3254","A) Wt of Sample taken, gm",Threaded Steel Fasteners,
Boron,METALS & ALLOYS,Threaded Steel Fasteners Chemical,0.00,0.00,,FALSE,CHEMICAL,0.00,0.00,0.00,% by mass,Non NABL,"lerm.parameter.master.table,3479",,Threaded Steel Fasteners,
Carbon,METALS & ALLOYS,Threaded Steel Fasteners NUT -Chemical,0.02,0.00,,FALSE,CHEMICAL,0.00,1.10,0.00,% by mass,NABL,"lerm.parameter.master.table,4752",carbon,Threaded Steel Fasteners  -Chemical,
Mangnese,METALS & ALLOYS,Threaded Steel Fasteners NUT -Chemical,0.03,0.00,,FALSE,CHEMICAL,0.00,2.00,0.00,% by mass,NABL,"lerm.parameter.master.table,4755",Manganese,Threaded Steel Fasteners  -Chemical,
Sulphur,METALS & ALLOYS,Threaded Steel Fasteners NUT -Chemical,0.00,0.00,,FALSE,CHEMICAL,0.00,0.06,0.00,% by mass,NABL,"lerm.parameter.master.table,4758",Sulphur,Threaded Steel Fasteners  -Chemical,
Phosphorous,METALS & ALLOYS,Threaded Steel Fasteners NUT -Chemical,0.01,0.00,,FALSE,CHEMICAL,0.00,0.09,0.00,% by mass,NABL,"lerm.parameter.master.table,4761",Phosphorous,Threaded Steel Fasteners  -Chemical,
Manganese,METALS & ALLOYS,Threaded Steel Fasteners NUT -Chemical,0.03,0.00,,FALSE,CHEMICAL,0.00,2.00,0.00,% by mass,NABL,"lerm.parameter.master.table,4764",Manganese,Threaded Steel Fasteners  -Chemical,
DIMENSIONS,BUILDING INFRASTRUCTURE AND CONSTRUCTION MATERIAL,Tile,0.00,0.00,IS 13630 Part 1: 2019,FALSE,MECHANICAL,0.00,2.00,0.00,%,NABL,"lerm.parameter.master.table,3291",,TILE,
Straightness,BUILDING INFRASTRUCTURE AND CONSTRUCTION MATERIAL,Tile,-5.01,0.00,IS 13630 Part 1: 2019,FALSE,MECHANICAL,0.03,"1,000.00",0.00,%,Non NABL,"lerm.parameter.master.table,3293",,TILE,
Rectangularity,BUILDING INFRASTRUCTURE AND CONSTRUCTION MATERIAL,Tile,-5.01,0.00,IS 13630 Part 1: 2019,FALSE,MECHANICAL,0.00,"1,000.00",0.00,%,Non NABL,"lerm.parameter.master.table,3294",,TILE,
"Centre Curvature, %",BUILDING INFRASTRUCTURE AND CONSTRUCTION MATERIAL,Tile,-5.00,0.00,IS 13630 Part 1: 2019,FALSE,MECHANICAL,0.00,"1,000.00",0.00,%,Non NABL,"lerm.parameter.master.table,3295",,TILE,
"Edge Curvature, %",BUILDING INFRASTRUCTURE AND CONSTRUCTION MATERIAL,Tile,-5.01,0.00,IS 13630 Part 1: 2019,FALSE,MECHANICAL,0.00,"1,000.00",0.00,%,Non NABL,"lerm.parameter.master.table,3296",,TILE,
"Warpage, %",BUILDING INFRASTRUCTURE AND CONSTRUCTION MATERIAL,Tile,-5.01,0.00,IS 13630 Part 1: 2019,FALSE,MECHANICAL,0.00,"1,000.00",0.00,%,Non NABL,"lerm.parameter.master.table,3297",,TILE,
Water Absorption and Bulk Density,BUILDING INFRASTRUCTURE AND CONSTRUCTION MATERIAL,Tile,0.00,0.00,IS 13630 Part 2: 2019,FALSE,MECHANICAL,0.00,"1,000,000.00",0.00,%,NABL,"lerm.parameter.master.table,3626",,TILE,
Modulus and Rupture and Breaking Strength,BUILDING INFRASTRUCTURE AND CONSTRUCTION MATERIAL,Tile,30.00,0.00,IS 13630 Part 6: 2019,FALSE,MECHANICAL,0.00,"5,000.00",0.00,N/mm2,NABL,"lerm.parameter.master.table,3290",,TILE,
Crazing Resistance Test,BUILDING INFRASTRUCTURE AND CONSTRUCTION MATERIAL,Tile,0.00,0.00,IS 13630 Part 9: 2019,FALSE,MECHANICAL,0.00,0.00,0.00,--,NABL,"lerm.parameter.master.table,3298",,TILE,
Resistance to staining,BUILDING INFRASTRUCTURE AND CONSTRUCTION MATERIAL,Tile,0.00,0.00,IS 13630 Part 7: 2019,FALSE,MECHANICAL,0.00,0.00,0.00,--,Non NABL,"lerm.parameter.master.table,3437",,TILE,
Resistance to household Chemicals and swimming pool water cleansers except to cleasing agent containing hydroflouric acids and its compounds.,BUILDING INFRASTRUCTURE AND CONSTRUCTION MATERIAL,Tile,0.00,0.00,IS 13630 Part 7: 2019,FALSE,MECHANICAL,0.00,0.00,0.00,--,Non NABL,"lerm.parameter.master.table,3442",,TILE,
Surface Quality,BUILDING INFRASTRUCTURE AND CONSTRUCTION MATERIAL,Tile,0.00,0.00,IS 13630 Part 1: 2019,FALSE,MECHANICAL,0.00,0.00,0.00,--,Non NABL,"lerm.parameter.master.table,3447",,TILE,
Moh's Scratch Hardness,BUILDING INFRASTRUCTURE AND CONSTRUCTION MATERIAL,Tile,0.00,0.00,IS 13630 Part 13: 2019,FALSE,MECHANICAL,0.00,0.00,0.00,--,NABL,"lerm.parameter.master.table,3452",,TILE,
"Deviation in Length and Width, %",BUILDING INFRASTRUCTURE AND CONSTRUCTION MATERIAL,Tile,-5.00,0.00,IS 13630 Part 1: 2019,FALSE,MECHANICAL,0.00,"10,000.00",0.00,%,,"lerm.parameter.master.table,3373",,TILE,
"Deviation in Thickness, %",BUILDING INFRASTRUCTURE AND CONSTRUCTION MATERIAL,Tile,-5.00,0.00,IS 13630 Part 1: 2019,FALSE,MECHANICAL,0.00,"10,000.00",0.00,%,,"lerm.parameter.master.table,3378",,TILE,
"Water Absorption, Average",BUILDING INFRASTRUCTURE AND CONSTRUCTION MATERIAL,Tile,0.00,0.00,,FALSE,MECHANICAL,0.00,"1,000,000.00",0.00,%,,"lerm.parameter.master.table,3403",,TILE,
"Water Absorption, Individual",BUILDING INFRASTRUCTURE AND CONSTRUCTION MATERIAL,Tile,0.00,0.00,,FALSE,MECHANICAL,0.00,"10,000,000.00",0.00,%,NABL,"lerm.parameter.master.table,3408",,TILE,
"Bulk Density, g/cc",BUILDING INFRASTRUCTURE AND CONSTRUCTION MATERIAL,Tile,0.00,0.00,,FALSE,MECHANICAL,0.00,"10,000,000.00",0.00,g/cc,,"lerm.parameter.master.table,3413",,TILE,
"Modulus of Rupture, Average",BUILDING INFRASTRUCTURE AND CONSTRUCTION MATERIAL,Tile,0.00,0.00,,FALSE,MECHANICAL,0.00,"1,000,000.00",0.00,N/mm2,,"lerm.parameter.master.table,3418",,TILE,
"Modulus of Rupture, Individual (Minimum Value)",BUILDING INFRASTRUCTURE AND CONSTRUCTION MATERIAL,Tile,0.00,0.00,,FALSE,MECHANICAL,0.00,"1,000,000.00",0.00,N/mm2,,"lerm.parameter.master.table,3423",,TILE,
Breaking Strength,BUILDING INFRASTRUCTURE AND CONSTRUCTION MATERIAL,Tile,0.00,0.00,,FALSE,MECHANICAL,0.00,"100,000.00",0.00,N,,"lerm.parameter.master.table,3428",,TILE,
TENSILE ADHESION(DRY & WET),BUILDING INFRASTRUCTURE AND CONSTRUCTION MATERIAL,TILE ADHESIVE,0.00,0.00,,FALSE,MECHANICAL,0.00,0.00,0.00,,Non NABL,,,TILE ADHESIVE,
Breaking Strength,BUILDING INFRASTRUCTURE AND CONSTRUCTION MATERIAL,Tiles Ceramic/Vitrified Tiles,0.00,0.00,IS 13630 Part 6,FALSE,MECHANICAL,0.00,0.00,0.00,,NABL,,,Tiles Ceramic/Vitrified Tiles,
Bulk Density,BUILDING INFRASTRUCTURE AND CONSTRUCTION MATERIAL,Tiles Ceramic/Vitrified Tiles,0.00,0.00,IS 13630 Part 2,FALSE,MECHANICAL,0.00,0.00,0.00,,NABL,,,Tiles Ceramic/Vitrified Tiles,
Crazing Resistance,BUILDING INFRASTRUCTURE AND CONSTRUCTION MATERIAL,Tiles Ceramic/Vitrified Tiles,0.00,0.00,IS 13630 Part 9,FALSE,MECHANICAL,0.00,0.00,0.00,,NABL,,,Tiles Ceramic/Vitrified Tiles,
Deviation in Length and Width,BUILDING INFRASTRUCTURE AND CONSTRUCTION MATERIAL,Tiles Ceramic/Vitrified Tiles,0.00,0.00,IS 13630 Part 1,FALSE,MECHANICAL,0.00,0.00,0.00,,NABL,,,Tiles Ceramic/Vitrified Tiles,
MODULUS OF RUPTURE,BUILDING INFRASTRUCTURE AND CONSTRUCTION MATERIAL,Tiles Ceramic/Vitrified Tiles,0.00,0.00,IS 13630 Part 6,FALSE,MECHANICAL,0.00,0.00,0.00,,NABL,,,Tiles Ceramic/Vitrified Tiles,
Moh's  Scratch Hardness,BUILDING INFRASTRUCTURE AND CONSTRUCTION MATERIAL,Tiles Ceramic/Vitrified Tiles,0.00,0.00,IS 13630 Part 13,FALSE,MECHANICAL,0.00,0.00,0.00,,NABL,,,Tiles Ceramic/Vitrified Tiles,
Water Absorption,BUILDING INFRASTRUCTURE AND CONSTRUCTION MATERIAL,Tiles Ceramic/Vitrified Tiles,0.00,0.00,IS 13630 Part 2,FALSE,MECHANICAL,0.00,0.00,0.00,,NABL,,,Tiles Ceramic/Vitrified Tiles,
Deviation in Thickness,BUILDING INFRASTRUCTURE AND CONSTRUCTION MATERIAL,Tiles Ceramic/Vitrified Tiles,0.00,0.00,IS 13630 Part 1: 2019,FALSE,MECHANICAL,0.00,0.00,0.00,,Non NABL,,,Tiles Ceramic/Vitrified Tiles,
Resistance to Stains,BUILDING INFRASTRUCTURE AND CONSTRUCTION MATERIAL,Tiles Ceramic/Vitrified Tiles,0.00,0.00,IS 13630 Part 8: 2019,FALSE,MECHANICAL,0.00,0.00,0.00,,Non NABL,,,Tiles Ceramic/Vitrified Tiles,
Resistance to Chemicals,BUILDING INFRASTRUCTURE AND CONSTRUCTION MATERIAL,Tiles Ceramic/Vitrified Tiles,0.00,0.00,IS 13630 Part 8: 2019,FALSE,MECHANICAL,0.00,0.00,0.00,,Non NABL,,,Tiles Ceramic/Vitrified Tiles,
Carbon,METALS & ALLOYS,TMT Bar Chemical,0.05,0.00,IS 228 Part 1: 1987,FALSE,CHEMICAL,0.00,2.50,0.00,% by mass,NABL,"lerm.parameter.master.table,1120",Wt of Sample taken (gm),IRON ALLOY STEEL & CARBON STEEL,
Chromium,METALS & ALLOYS,TMT Bar Chemical,0.01,0.00,IS 228 Part 6: 1987,FALSE,CHEMICAL,0.02,2.00,0.00,% by mass,NABL,"lerm.parameter.master.table,966",Wt of Sample taken (gm),IRON ALLOY STEEL & CARBON STEEL,
Manganese,METALS & ALLOYS,TMT Bar Chemical,0.10,0.00,IS 228 Part 2: 1987,FALSE,CHEMICAL,0.02,2.00,0.00,% by mass,NABL,"lerm.parameter.master.table,877",Wt of Sample taken  gm,IRON ALLOY STEEL & CARBON STEEL,
Molybdenum,METALS & ALLOYS,TMT Bar Chemical,0.01,0.00,IS 228 Part 7: 1990,FALSE,CHEMICAL,0.03,2.00,0.00,% by mass,NABL,"lerm.parameter.master.table,965",Wt of Sample taken (gm),IRON ALLOY STEEL & CARBON STEEL,
Nickel,METALS & ALLOYS,TMT Bar Chemical,0.01,0.00,IS 228 Part 5: 1987,FALSE,CHEMICAL,0.02,2.00,0.00,% by mass,NABL,"lerm.parameter.master.table,967","Wt of Sample taken, gm",IRON ALLOY STEEL & CARBON STEEL,
Phosphorous,METALS & ALLOYS,TMT Bar Chemical,0.01,0.00,IS 228 Part 3: 1987,FALSE,CHEMICAL,0.04,0.12,0.00,% by mass,NABL,"lerm.parameter.master.table,1109",Wt of Sample taken (gm),IRON ALLOY STEEL & CARBON STEEL,
Sulphur,METALS & ALLOYS,TMT Bar Chemical,0.01,0.00,IS 228 Part 9: 1989,FALSE,CHEMICAL,0.03,0.25,0.00,% by mass,NABL,"lerm.parameter.master.table,1131","volume, in ml, of potassium iodate  added",IRON ALLOY STEEL & CARBON STEEL,
Silicon,METALS & ALLOYS,TMT Bar Chemical,0.05,0.00,IS 228 Part 8: 1989,FALSE,CHEMICAL,0.02,5.00,0.00,% by mass,NABL,"lerm.parameter.master.table,968","A) Wt of Sample taken, gm",IRON ALLOY STEEL & CARBON STEEL,
Sulphur & Phosphorus,METALS & ALLOYS,TMT Bar Chemical,0.00,0.00,IS 1786: 2008,FALSE,CHEMICAL,0.00,0.00,0.00,% by mass,NABL,"lerm.parameter.master.table,1142",Phosphorous,IRON ALLOY STEEL & CARBON STEEL,
Carbon Equivalent (CE),METALS & ALLOYS,TMT Bar Chemical,0.00,0.00,IS 1786: 2008,FALSE,CHEMICAL,0.00,0.00,0.00,% by mass,,"lerm.parameter.master.table,1153",Carbon,IRON ALLOY STEEL & CARBON STEEL,
Carbon,METALS & ALLOYS,TMT Bar Chemical,0.05,0.00,,FALSE,CHEMICAL,0.05,2.50,0.00,% by mass,NABL,,Wt of Sample taken (gm),IRON ALLOY STEEL & CARBON STEEL,
Manganese,METALS & ALLOYS,TMT Bar Chemical,0.10,0.00,,FALSE,CHEMICAL,0.02,2.00,0.00,% by mass,NABL,,Wt of Sample taken  gm,IRON ALLOY STEEL & CARBON STEEL,
Phosphorous,METALS & ALLOYS,TMT Bar Chemical,0.01,0.00,,FALSE,CHEMICAL,0.04,0.12,0.00,% by mass,NABL,,Wt of Sample taken (gm),IRON ALLOY STEEL & CARBON STEEL,
Copper,METALS & ALLOYS,TMT Bar Chemical,0.00,0.00,,FALSE,CHEMICAL,0.00,0.00,0.00,% by mass,Non NABL,"lerm.parameter.master.table,3111",,IRON ALLOY STEEL & CARBON STEEL,
Vanadium,METALS & ALLOYS,TMT Bar Chemical,0.00,0.00,,FALSE,CHEMICAL,0.00,0.00,0.00,% by mass,Non NABL,"lerm.parameter.master.table,3112",,IRON ALLOY STEEL & CARBON STEEL,
Niobium,METALS & ALLOYS,TMT Bar Chemical,0.00,0.00,,FALSE,CHEMICAL,0.00,0.00,0.00,% by mass,Non NABL,"lerm.parameter.master.table,3113",,IRON ALLOY STEEL & CARBON STEEL,
Titanium,METALS & ALLOYS,TMT Bar Chemical,0.00,0.00,,FALSE,CHEMICAL,0.00,0.00,0.00,% by mass,Non NABL,"lerm.parameter.master.table,3114",,IRON ALLOY STEEL & CARBON STEEL,
Silicon,METALS & ALLOYS,TMT BAR CHEMICAL,0.00,0.00,ASTM E 415-21,FALSE,CHEMICAL,0.00,0.00,0.00,,,,Silicon,,
Aluminium,METALS & ALLOYS,TMT BAR CHEMICAL,0.00,0.00,ASTM E 415-21,FALSE,CHEMICAL,0.00,0.00,0.00,,,,Aluminium,,
Carbon,METALS & ALLOYS,TMT BAR CHEMICAL TEST,0.00,0.00,ASTM E 415-21,FALSE,CHEMICAL,0.00,1.10,0.00,% by mass,NABL,"lerm.parameter.master.table,3627",Carbon,CARBON & LOW ALLOY STEEL,
Carbon,METALS & ALLOYS,TMT BAR CHEMICAL TEST,0.00,0.00,IS 8811: 1998,FALSE,CHEMICAL,0.00,0.00,0.00,% by mass,NABL,"lerm.parameter.master.table,4897",Carbon,CARBON & LOW ALLOY STEEL,
Manganese,METALS & ALLOYS,TMT BAR CHEMICAL TEST,0.00,0.00,ASTM E 415-21,FALSE,CHEMICAL,0.00,1.00,0.00,% by mass,NABL,"lerm.parameter.master.table,3708",Manganese,CARBON & LOW ALLOY STEEL,
Manganese,METALS & ALLOYS,TMT BAR CHEMICAL TEST,0.00,0.00,IS 8811: 1998,FALSE,CHEMICAL,0.00,0.00,0.00,% by mass,NABL,"lerm.parameter.master.table,4907",Manganese,CARBON & LOW ALLOY STEEL,
Silicon,METALS & ALLOYS,TMT BAR CHEMICAL TEST,0.00,0.00,IS 8811: 1998,FALSE,CHEMICAL,0.00,0.00,0.00,,,,Silicon,CARBON & LOW ALLOY STEEL,
Sulphur,METALS & ALLOYS,TMT BAR CHEMICAL TEST,0.00,0.00,ASTM E 415-21,FALSE,CHEMICAL,0.00,0.06,0.00,% by mass,NABL,"lerm.parameter.master.table,3781",Sulphur,CARBON & LOW ALLOY STEEL,
Sulphur,METALS & ALLOYS,TMT BAR CHEMICAL TEST,0.00,0.00,IS 8811: 1998,FALSE,CHEMICAL,0.00,0.00,0.00,% by mass,NABL,"lerm.parameter.master.table,4917",Sulphur,CARBON & LOW ALLOY STEEL,
Phosphorous,METALS & ALLOYS,TMT BAR CHEMICAL TEST,0.00,0.00,ASTM E 415-21,FALSE,CHEMICAL,0.00,0.05,0.00,% by mass,NABL,"lerm.parameter.master.table,3853",Phosphorous,CARBON & LOW ALLOY STEEL,
Phosphorous,METALS & ALLOYS,TMT BAR CHEMICAL TEST,0.00,0.00,IS 8811: 1998,FALSE,CHEMICAL,0.00,0.00,0.00,% by mass,NABL,"lerm.parameter.master.table,4927",Phosphorous,CARBON & LOW ALLOY STEEL,
Chromium,METALS & ALLOYS,TMT BAR CHEMICAL TEST,0.01,0.00,ASTM E 415-21,FALSE,CHEMICAL,0.00,5.00,0.00,% by mass,NABL,"lerm.parameter.master.table,3925",Chromium,CARBON & LOW ALLOY STEEL,
Nickel,METALS & ALLOYS,TMT BAR CHEMICAL TEST,0.01,0.00,ASTM E 415-21,FALSE,CHEMICAL,0.00,2.00,0.00,% by mass,NABL,"lerm.parameter.master.table,3997",Nickel,CARBON & LOW ALLOY STEEL,
Molybdenum,METALS & ALLOYS,TMT BAR CHEMICAL TEST,0.01,0.00,ASTM E 415-21,FALSE,CHEMICAL,0.00,0.75,0.00,% by mass,NABL,"lerm.parameter.master.table,4069",Molybdenum,CARBON & LOW ALLOY STEEL,
Molybdenum,METALS & ALLOYS,TMT BAR CHEMICAL TEST,0.00,0.00,IS 8811: 1998,FALSE,CHEMICAL,0.00,0.00,0.00,% by mass,NABL,"lerm.parameter.master.table,5057",Molybdenum,CARBON & LOW ALLOY STEEL,
Copper,METALS & ALLOYS,TMT BAR CHEMICAL TEST,0.01,0.00,ASTM E 415-21,FALSE,CHEMICAL,0.00,0.50,0.00,% by mass,NABL,"lerm.parameter.master.table,4101",Copper,CARBON & LOW ALLOY STEEL,
Copper,METALS & ALLOYS,TMT BAR CHEMICAL TEST,0.00,0.00,IS 8811: 1998,FALSE,CHEMICAL,0.00,0.00,0.00,% by mass,NABL,"lerm.parameter.master.table,5077",Copper,CARBON & LOW ALLOY STEEL,
Vanadium,METALS & ALLOYS,TMT BAR CHEMICAL TEST,0.00,0.00,ASTM E 415-21,FALSE,CHEMICAL,0.00,0.05,0.00,% by mass,NABL,"lerm.parameter.master.table,4133",Vanadium,CARBON & LOW ALLOY STEEL,
Vanadium,METALS & ALLOYS,TMT BAR CHEMICAL TEST,0.00,0.00,IS 8811: 1998,FALSE,CHEMICAL,0.00,0.00,0.00,% by mass,NABL,"lerm.parameter.master.table,5178",Vanadium,CARBON & LOW ALLOY STEEL,
Niobium,METALS & ALLOYS,TMT BAR CHEMICAL TEST,0.00,0.00,ASTM E 415-21,FALSE,CHEMICAL,0.00,0.05,0.00,% by mass,NABL,"lerm.parameter.master.table,4149",Niobium,CARBON & LOW ALLOY STEEL,
Niobium,METALS & ALLOYS,TMT BAR CHEMICAL TEST,0.00,0.00,IS 8811: 1998,FALSE,CHEMICAL,0.00,0.00,0.00,,,,Niobium,CARBON & LOW ALLOY STEEL,
Niobium,METALS & ALLOYS,TMT BAR CHEMICAL TEST,0.00,0.00,JIS G-1253-2002,FALSE,CHEMICAL,0.00,0.00,0.00,,,,Niobium,CARBON & LOW ALLOY STEEL,
Silicon,,,0.00,0.00,,FALSE,,0.00,0.00,0.00,,,,,,
Titanium,METALS & ALLOYS,TMT BAR CHEMICAL TEST,0.00,0.00,ASTM E 415-21,FALSE,CHEMICAL,0.00,0.05,0.00,% by mass,NABL,"lerm.parameter.master.table,4168",Titanium,CARBON & LOW ALLOY STEEL,
Titanium,METALS & ALLOYS,TMT BAR CHEMICAL TEST,0.00,0.00,IS 8811: 1998,FALSE,CHEMICAL,0.00,0.00,0.00,,,,Titanium,CARBON & LOW ALLOY STEEL,
Aluminium,METALS & ALLOYS,TMT BAR CHEMICAL TEST,0.00,0.00,IS 8811: 1998,FALSE,CHEMICAL,0.00,0.00,0.00,,,,Aluminium,CARBON & LOW ALLOY STEEL,
Nitrogen,METALS & ALLOYS,TMT BAR CHEMICAL TEST,0.00,0.00,ASTM E 415-21,FALSE,CHEMICAL,0.00,0.00,0.00,% by mass,NABL,,Nitrogen,CARBON & LOW ALLOY STEEL,
Nitrogen,METALS & ALLOYS,TMT BAR CHEMICAL TEST,0.00,0.00,KES/SOP/CHEM/063,FALSE,CHEMICAL,0.00,0.00,0.00,,,,Nitrogen,CARBON & LOW ALLOY STEEL,
Nitrogen,METALS & ALLOYS,TMT BAR CHEMICAL TEST,0.00,0.00,JIS G-1253-2002,FALSE,CHEMICAL,0.00,0.10,0.00,% by mass,NABL,"lerm.parameter.master.table,4184",Nitrogen,CARBON & LOW ALLOY STEEL,
Carbon Equivalent,METALS & ALLOYS,TMT BAR CHEMICAL TEST,0.00,0.00,,FALSE,CHEMICAL,0.00,0.61,0.00,% by mass,NABL,"lerm.parameter.master.table,4234",Carbon,CARBON & LOW ALLOY STEEL,
CE,METALS & ALLOYS,TMT BAR CHEMICAL TEST,0.00,0.00,,FALSE,CHEMICAL,0.00,0.00,0.00,% by mass,NABL,"lerm.parameter.master.table,4504",,CARBON & LOW ALLOY STEEL,
CE,METALS & ALLOYS,TMT BAR CHEMICAL TEST,0.00,0.00,,FALSE,CHEMICAL,0.00,0.00,0.00,% by mass,NABL,"lerm.parameter.master.table,4521",Carbon,CARBON & LOW ALLOY STEEL,
Sulphur & Phosphorus,METALS & ALLOYS,TMT BAR CHEMICAL TEST,0.00,0.00,,FALSE,CHEMICAL,0.00,0.00,0.00,% by mass,NABL,"lerm.parameter.master.table,4519",Phosphorous,CARBON & LOW ALLOY STEEL,
"Alloying element(Cr,Ni,Mo,Cu,P)",METALS & ALLOYS,TMT BAR CHEMICAL TEST,0.00,0.00,,FALSE,CHEMICAL,0.00,0.00,0.00,% by mass,NABL,"lerm.parameter.master.table,4771",Chromium,CARBON & LOW ALLOY STEEL,
Nickel,METALS & ALLOYS,TMT BAR CHEMICAL TEST,0.00,0.00,,FALSE,,0.00,0.00,0.00,,,,,CARBON & LOW ALLOY STEEL,
Chromium,METALS & ALLOYS,TMT BAR CHEMICAL TEST,0.00,0.00,IS 8811: 1998,FALSE,CHEMICAL,0.00,0.00,0.00,% by mass,NABL,"lerm.parameter.master.table,5333",Chromium,CARBON & LOW ALLOY STEEL,
ts/y,,,0.00,0.00,,FALSE,,0.00,0.00,0.00,,,,,,
Carbon,METALS & ALLOYS,,0.00,0.00,,FALSE,CHEMICAL,0.00,0.00,0.00,% by mass,NABL,,,,
Nickel,METALS & ALLOYS,TMT BAR CHEMICAL TEST,0.00,0.00,IS 8811: 1998,FALSE,CHEMICAL,0.00,0.00,0.00,% by mass,NABL,"lerm.parameter.master.table,5335",Nickel,CARBON & LOW ALLOY STEEL,
Ultimate tensile Strength (TMT Steel),MECHANICAL PROPERTIES OF METALS,TMT Bar Mechanical Test,100.00,0.00,", AND IS 1599 - 2012 ,",FALSE,MECHANICAL,0.01,900.00,0.00,N/mm2,NABL,"lerm.parameter.master.table,1177",,FERROUS MATERIAL-TMT BAR MECHANICAL,
% Elongation,MECHANICAL PROPERTIES OF METALS,TMT Bar Mechanical Test,1.00,0.00,IS 1608 p-1 :2022,FALSE,MECHANICAL,0.03,50.00,0.00,%,NABL,"lerm.parameter.master.table,1186",,FERROUS MATERIAL-TMT BAR MECHANICAL,
Weight per Meter,MECHANICAL PROPERTIES OF METALS,TMT Bar Mechanical Test,0.09,0.00,", AND IS 1599 - 2012 ,",FALSE,MECHANICAL,0.00,10.00,0.00,kg/m,NABL,"lerm.parameter.master.table,1195",,FERROUS MATERIAL-TMT BAR MECHANICAL,
Yield Stress (TMT),MECHANICAL PROPERTIES OF METALS,TMT Bar Mechanical Test,100.00,0.00,IS 1608 - 2018,FALSE,MECHANICAL,0.02,800.00,0.00,N/mm2,NABL,"lerm.parameter.master.table,1205",,FERROUS MATERIAL-TMT BAR MECHANICAL,
TS / YS Ratio,MECHANICAL PROPERTIES OF METALS,TMT Bar Mechanical Test,0.00,0.00,IS 1608 - 2018,FALSE,MECHANICAL,0.00,"1,000.00",0.00,N/mm2,NABL,"lerm.parameter.master.table,1214",,FERROUS MATERIAL-TMT BAR MECHANICAL,
Fracture,MECHANICAL PROPERTIES OF METALS,TMT Bar Mechanical Test,0.00,0.00,,FALSE,MECHANICAL,0.00,0.00,0.00,,NABL,,,FERROUS MATERIAL-TMT BAR MECHANICAL,
Bend Test,MECHANICAL PROPERTIES OF METALS,TMT Bar Mechanical Test,0.00,0.00,IS 1786 - 2008,FALSE,MECHANICAL,0.00,0.00,0.00,,NABL,"lerm.parameter.master.table,2345",,FERROUS MATERIAL-TMT BAR MECHANICAL,
Rebend Test,MECHANICAL PROPERTIES OF METALS,TMT Bar Mechanical Test,0.00,0.00,IS 1786 - 2008,FALSE,MECHANICAL,0.00,0.00,0.00,,NABL,"lerm.parameter.master.table,2346",,FERROUS MATERIAL-TMT BAR MECHANICAL,
TOTAL ELONGATION,MECHANICAL PROPERTIES OF METALS,TMT BAR MECHANICAL TEST WITH TOTAL ELONGATION,0.00,0.00,,FALSE,MECHANICAL,0.00,0.00,0.00,,,,,,
% Loss on ignition,BUILDING MATERIALS - CHEMICAL,ULTRAFINE FLY ASH,0.00,0.00,,FALSE,CHEMICAL,0.00,0.00,0.00,% by mass,Non NABL,"lerm.parameter.master.table,4892",wt of empty crucible (gm),ULTRAFINE FLY ASH,
% Magnesium Oxide,BUILDING MATERIALS - CHEMICAL,ULTRAFINE FLY ASH,0.00,0.00,,FALSE,CHEMICAL,0.00,0.00,0.00,% by mass,Non NABL,"lerm.parameter.master.table,5374",sample wt (gm),ULTRAFINE FLY ASH,
% Calcium Oxide,BUILDING MATERIALS - CHEMICAL,ULTRAFINE FLY ASH,0.00,0.00,,FALSE,CHEMICAL,0.00,0.00,0.00,,,"lerm.parameter.master.table,5375",A) sample wt (gm),ULTRAFINE FLY ASH,
SiO2,BUILDING MATERIALS - CHEMICAL,ULTRAFINE FLY ASH,0.00,0.00,,FALSE,,0.00,0.00,0.00,% by mass,Non NABL,"lerm.parameter.master.table,5376",Wt of sample taken W1 (gm),ULTRAFINE FLY ASH,
Sulphuric Anhydride (SO3),BUILDING MATERIALS - CHEMICAL,ULTRAFINE FLY ASH,0.00,0.00,,FALSE,,0.00,0.00,0.00,% by mass,Non NABL,"lerm.parameter.master.table,5377",sample wt (gm),ULTRAFINE FLY ASH,
Chloride,BUILDING MATERIALS - CHEMICAL,ULTRAFINE FLY ASH,0.00,0.00,,FALSE,,0.00,0.00,0.00,% by mass,Non NABL,"lerm.parameter.master.table,5378",Burette reading for Blank,ULTRAFINE FLY ASH,
% Combined Ferric Oxide and Alumina,BUILDING MATERIALS - CHEMICAL,ULTRAFINE FLY ASH,0.00,0.00,,FALSE,CHEMICAL,0.00,0.00,0.00,% by mass,Non NABL,"lerm.parameter.master.table,5379",Wt of empty crucible (gm),ULTRAFINE FLY ASH,
%Ferric Oxide (Fe2O3),BUILDING MATERIALS - CHEMICAL,ULTRAFINE FLY ASH,0.00,0.00,,FALSE,CHEMICAL,0.00,0.00,0.00,% by mass,Non NABL,"lerm.parameter.master.table,5380",Wt of sample (gm),ULTRAFINE FLY ASH,
% Total alkalies equivalent to sodium oxide (Na2O),BUILDING MATERIALS - CHEMICAL,ULTRAFINE FLY ASH,0.00,0.00,,FALSE,CHEMICAL,0.00,0.00,0.00,% by mass,Non NABL,"lerm.parameter.master.table,5381",Alkali as Na₂O,ULTRAFINE FLY ASH,
% Moisture,BUILDING MATERIALS - CHEMICAL,ULTRAFINE FLY ASH,0.00,0.00,,FALSE,CHEMICAL,0.00,0.00,0.00,% by mass,Non NABL,"lerm.parameter.master.table,5382",Wt of moisture bottle + Sample before drying,ULTRAFINE FLY ASH,
%Alumina (Al2O3),BUILDING MATERIALS - CHEMICAL,ULTRAFINE FLY ASH,0.00,0.00,,FALSE,CHEMICAL,0.00,0.00,0.00,% by mass,Non NABL,,% Combined Ferric Oxide and Alumina,ULTRAFINE FLY ASH,
Silica (SiO2)+  %Alumina (Al2O3) +  %Ferric Oxide (Fe2O3),BUILDING MATERIALS - CHEMICAL,ULTRAFINE FLY ASH,0.00,0.00,,FALSE,CHEMICAL,0.00,0.00,0.00,% by mass,Non NABL,"lerm.parameter.master.table,5383",Silica (SiO2),ULTRAFINE FLY ASH,
Alkali as Na₂O,BUILDING MATERIALS - CHEMICAL,ULTRAFINE FLY ASH,0.00,0.00,,FALSE,CHEMICAL,0.00,0.00,0.00,% by mass,Non NABL,"lerm.parameter.master.table,5384",A)Weight of sample taken,ULTRAFINE FLY ASH,
Alkali as K₂O,BUILDING MATERIALS - CHEMICAL,ULTRAFINE FLY ASH,0.00,0.00,,FALSE,CHEMICAL,0.00,0.00,0.00,% by mass,Non NABL,"lerm.parameter.master.table,5385",A)Weight of sample taken,ULTRAFINE FLY ASH,
Silica (SiO2),BUILDING MATERIALS - CHEMICAL,ULTRAFINE FLY ASH,0.00,0.00,,FALSE,CHEMICAL,0.00,0.00,0.00,% by mass,Non NABL,"lerm.parameter.master.table,5386",Wt of sample taken W1 (gm),ULTRAFINE FLY ASH,
Normal Consistency,BUILDING INFRASTRUCTURE AND CONSTRUCTION MATERIAL,Ultrafine GGBS,0.00,0.00,IS 4031 (Part - 4) :1988,FALSE,MECHANICAL,0.00,0.00,0.00,,,,,Ultrafine GGBS,
Initial Setting Time,BUILDING INFRASTRUCTURE AND CONSTRUCTION MATERIAL,Ultrafine GGBS,0.00,0.00,IS 4031 (Part - 5) :1988,FALSE,MECHANICAL,0.00,0.00,0.00,,,,,Ultrafine GGBS,
Final Setting Time,BUILDING INFRASTRUCTURE AND CONSTRUCTION MATERIAL,Ultrafine GGBS,0.00,0.00,IS 4031 (Part - 5) :1988,FALSE,MECHANICAL,0.00,0.00,0.00,,,,,Ultrafine GGBS,
Specific Gravity,BUILDING INFRASTRUCTURE AND CONSTRUCTION MATERIAL,Ultrafine GGBS,0.00,0.00,IS 1727:1967,FALSE,MECHANICAL,0.00,0.00,0.00,,,,,Ultrafine GGBS,
VITRIFIED TILES,BUILDING INFRASTRUCTURE AND CONSTRUCTION MATERIAL,VITRIFIED TILES,0.00,0.00,,FALSE,MECHANICAL,0.00,0.00,0.00,,,,,VITRIFIED TILES,
Chloride,BUILDING MATERIALS - CHEMICAL,Water Proofing Compound,0.00,0.00,,FALSE,CHEMICAL,0.00,0.00,0.00,% by mass,,"lerm.parameter.master.table,803","Mass of the Test Sample in  , ( gm)",WATER PROOFING COMPOUND,
pH,BUILDING MATERIALS - CHEMICAL,Water Proofing Compound,0.00,0.00,,FALSE,CHEMICAL,0.00,0.00,0.00,--,Non NABL,"lerm.parameter.master.table,4800",pH,WATER PROOFING COMPOUND,
pH,BUILDING MATERIALS - CHEMICAL,Water Proofing Compound,0.00,0.00,,FALSE,CHEMICAL,0.00,0.00,0.00,--,Non NABL,"lerm.parameter.master.table,4801",pH,WATER PROOFING COMPOUND,
Relative density,BUILDING MATERIALS - CHEMICAL,Water Proofing Compound,0.00,0.00,,FALSE,CHEMICAL,0.00,0.00,0.00,--,Non NABL,"lerm.parameter.master.table,4802",Relative density,WATER PROOFING COMPOUND,
Dry Gradation,BUILDING INFRASTRUCTURE AND CONSTRUCTION MATERIAL,WBM,0.10,0.00,IS 2386 Part 1 : 1963,FALSE,MECHANICAL,0.02,100.00,0.00,%,NABL,"lerm.parameter.master.table,3158",,WBM,
Water Absorbtion,BUILDING INFRASTRUCTURE AND CONSTRUCTION MATERIAL,WBM,0.10,0.00,,FALSE,MECHANICAL,0.00,15.00,0.00,%,,"lerm.parameter.master.table,3190",,WBM,
Elongation Index,BUILDING INFRASTRUCTURE AND CONSTRUCTION MATERIAL,WBM,5.00,0.00,,FALSE,MECHANICAL,0.02,50.00,0.00,%,,"lerm.parameter.master.table,3191",,WBM,
Flakiness Index,BUILDING INFRASTRUCTURE AND CONSTRUCTION MATERIAL,WBM,5.00,0.00,,FALSE,MECHANICAL,0.02,50.00,0.00,%,NABL,"lerm.parameter.master.table,3192",,WBM,
Abrasion Value,BUILDING INFRASTRUCTURE AND CONSTRUCTION MATERIAL,WBM,5.00,0.00,,FALSE,MECHANICAL,0.01,50.00,0.00,%,NABL,"lerm.parameter.master.table,3196",,WBM,
Impact Value,BUILDING INFRASTRUCTURE AND CONSTRUCTION MATERIAL,WBM,1.00,0.00,,FALSE,MECHANICAL,0.01,60.00,0.00,%,NABL,"lerm.parameter.master.table,3193",,WBM,
Plastic Limit,BUILDING INFRASTRUCTURE AND CONSTRUCTION MATERIAL,WBM,0.00,0.00,,FALSE,MECHANICAL,0.00,30.00,0.00,%,NABL,"lerm.parameter.master.table,3309",,WBM,
Liquid Limit,BUILDING INFRASTRUCTURE AND CONSTRUCTION MATERIAL,WBM,0.00,0.00,,FALSE,MECHANICAL,0.01,"1,000,000.00",0.00,%,NABL,"lerm.parameter.master.table,3194",,WBM,
Plasticity Index,BUILDING INFRASTRUCTURE AND CONSTRUCTION MATERIAL,WBM,0.00,0.00,,FALSE,MECHANICAL,0.00,20.00,0.00,%,NABL,"lerm.parameter.master.table,3195",,WBM,
DETERMINATION OF WATER CONTENT-DRY DENSITY RELATION USING HEAVY COMPACTION,BUILDING INFRASTRUCTURE AND CONSTRUCTION MATERIAL,WBM,1.40,0.00,,FALSE,MECHANICAL,0.00,3.50,0.00,gm/cc,NABL,"lerm.parameter.master.table,3197",,WBM,
CBR,BUILDING INFRASTRUCTURE AND CONSTRUCTION MATERIAL,WBM,10.00,0.00,,FALSE,MECHANICAL,0.00,98.00,0.00,,,"lerm.parameter.master.table,3198",,WBM,
Specific Gravity,BUILDING INFRASTRUCTURE AND CONSTRUCTION MATERIAL,WBM,0.00,0.00,,FALSE,MECHANICAL,0.00,"100,000.00",0.00,,,"lerm.parameter.master.table,3307",,WBM,
Normal Consistency,BUILDING INFRASTRUCTURE AND CONSTRUCTION MATERIAL,WHITE CEMENT,0.00,0.00,,FALSE,MECHANICAL,0.00,0.00,0.00,,NABL,,,White Cement,
Final Setting Time,BUILDING INFRASTRUCTURE AND CONSTRUCTION MATERIAL,WHITE CEMENT,0.00,0.00,,FALSE,MECHANICAL,0.00,0.00,0.00,,NABL,,,White Cement,
Initial Setting Time,BUILDING INFRASTRUCTURE AND CONSTRUCTION MATERIAL,WHITE CEMENT,0.00,0.00,,FALSE,MECHANICAL,0.00,0.00,0.00,,NABL,,,White Cement,
Density,BUILDING INFRASTRUCTURE AND CONSTRUCTION MATERIAL,WHITE CEMENT,0.00,0.00,,FALSE,MECHANICAL,0.00,0.00,0.00,,NABL,,,White Cement,
Compressive Strength,BUILDING INFRASTRUCTURE AND CONSTRUCTION MATERIAL,WHITE CEMENT,0.00,0.00,,FALSE,MECHANICAL,0.00,0.00,0.00,,,,,White Cement,
Fineness By Blaine Air Permeability Method,BUILDING INFRASTRUCTURE AND CONSTRUCTION MATERIAL,WHITE CEMENT,0.00,0.00,,FALSE,MECHANICAL,0.00,0.00,0.00,,,,,White Cement,
Fineness By Dry Sieving,BUILDING INFRASTRUCTURE AND CONSTRUCTION MATERIAL,WHITE CEMENT,0.00,0.00,,FALSE,MECHANICAL,0.00,0.00,0.00,,,,,White Cement,
Soundness By Le-chatelier Method,BUILDING INFRASTRUCTURE AND CONSTRUCTION MATERIAL,WHITE CEMENT,0.00,0.00,,FALSE,MECHANICAL,0.00,0.00,0.00,,,,,White Cement,
Silica,BUILDING MATERIALS - CHEMICAL,White Portland Cement Chemical,10.00,0.00,IS 4032:1985,FALSE,CHEMICAL,0.00,30.00,0.00,% by mass,NABL,"lerm.parameter.master.table,1676",Wt of Sample (gm),WHITE PORTLAND CEMENT CHEMICAL,
CaO,BUILDING MATERIALS - CHEMICAL,White Portland Cement Chemical,30.00,0.00,IS 4032:1985,FALSE,CHEMICAL,0.00,70.00,0.00,% by mass,NABL,"lerm.parameter.master.table,1674",Wt of Sample (gm),WHITE PORTLAND CEMENT CHEMICAL,
Al2O3,BUILDING MATERIALS - CHEMICAL,White Portland Cement Chemical,0.10,0.00,IS 4032:1985,FALSE,CHEMICAL,0.00,10.00,0.00,% by mass,NABL,"lerm.parameter.master.table,1677",Wt of Sample (gm),WHITE PORTLAND CEMENT CHEMICAL,
Fe2O3,BUILDING MATERIALS - CHEMICAL,White Portland Cement Chemical,0.10,0.00,IS 4032:1985,FALSE,CHEMICAL,0.02,10.00,0.00,% by mass,NABL,"lerm.parameter.master.table,1678",Wt of Sample (gm),WHITE PORTLAND CEMENT CHEMICAL,
Insoluble Residue,BUILDING MATERIALS - CHEMICAL,White Portland Cement Chemical,0.10,0.00,IS 4032:1985,FALSE,CHEMICAL,0.01,10.00,0.00,% by mass,NABL,"lerm.parameter.master.table,750",Wt of Sample (gm),WHITE PORTLAND CEMENT CHEMICAL,
Carbon,,,0.00,0.00,,FALSE,,0.00,0.00,0.00,,,,,,
Chloride,BUILDING MATERIALS - CHEMICAL,White Portland Cement Chemical,0.01,0.00,IS 4032:1985,FALSE,CHEMICAL,0.04,5.00,0.00,% by mass,NABL,"lerm.parameter.master.table,752",Blank reading (ml),WHITE PORTLAND CEMENT CHEMICAL,
Loss on Ignition,BUILDING MATERIALS - CHEMICAL,White Portland Cement Chemical,0.10,0.00,IS 4032:1985,FALSE,CHEMICAL,0.01,10.00,0.00,% by mass,NABL,"lerm.parameter.master.table,754",Wt of crucible +Sample before ignition (gm),WHITE PORTLAND CEMENT CHEMICAL,
MgO,BUILDING MATERIALS - CHEMICAL,White Portland Cement Chemical,0.10,0.00,IS 4032:1985,FALSE,CHEMICAL,0.03,10.00,0.00,% by mass,NABL,"lerm.parameter.master.table,756",Wt of Sample (gm),WHITE PORTLAND CEMENT CHEMICAL,
SO3,BUILDING MATERIALS - CHEMICAL,White Portland Cement Chemical,0.10,0.00,IS 4032:1985,FALSE,CHEMICAL,0.01,5.00,0.00,% by mass,NABL,"lerm.parameter.master.table,1675",Wt of Sample (gm),WHITE PORTLAND CEMENT CHEMICAL,
alkali content as Na2O,BUILDING MATERIALS - CHEMICAL,White Portland Cement Chemical,0.01,0.00,IS 4032:1985,FALSE,CHEMICAL,0.04,5.00,0.00,% by mass,NABL,"lerm.parameter.master.table,757",alkali as Na₂O,WHITE PORTLAND CEMENT CHEMICAL,
alkali as Na₂O,BUILDING MATERIALS - CHEMICAL,White Portland Cement Chemical,0.01,0.00,IS 4032:1985,FALSE,CHEMICAL,0.00,5.00,0.00,% by mass,NABL,"lerm.parameter.master.table,1672",Weight of sample taken,WHITE PORTLAND CEMENT CHEMICAL,
alkalis as K2O,BUILDING MATERIALS - CHEMICAL,White Portland Cement Chemical,0.01,0.00,IS 4032:1985,FALSE,CHEMICAL,0.03,5.00,0.00,% by mass,NABL,"lerm.parameter.master.table,1673",Weight of sample taken,WHITE PORTLAND CEMENT CHEMICAL,
Al₂O₃ = R₂O₃ - Fe₂O₃,BUILDING MATERIALS - CHEMICAL,White Portland Cement Chemical,0.00,0.00,IS 4032:1985,FALSE,CHEMICAL,0.00,0.00,0.00,% by mass,NABL,"lerm.parameter.master.table,759",R₂O₃,WHITE PORTLAND CEMENT CHEMICAL,
R₂O₃,BUILDING MATERIALS - CHEMICAL,White Portland Cement Chemical,3.00,0.00,IS 4032:1985,FALSE,CHEMICAL,0.04,12.00,0.00,% by mass,NABL,"lerm.parameter.master.table,1670",Wt of Sample (gm),WHITE PORTLAND CEMENT CHEMICAL,
Fe₂O₃,BUILDING MATERIALS - CHEMICAL,White Portland Cement Chemical,0.00,0.00,IS 4032:1985,FALSE,CHEMICAL,0.00,0.00,0.00,% by mass,NABL,"lerm.parameter.master.table,1671",Wt of Sample (gm),WHITE PORTLAND CEMENT CHEMICAL,
Ratio Of Percentage,BUILDING MATERIALS - CHEMICAL,White Portland Cement Chemical,0.00,0.00,IS 4032:1985,FALSE,CHEMICAL,0.00,0.00,0.00,% by mass,NABL,"lerm.parameter.master.table,761",CaO,WHITE PORTLAND CEMENT CHEMICAL,
Sulphate as SO3,,White Portland Cement Chemical,0.00,0.00,,FALSE,,0.00,0.00,0.00,,,,,WHITE PORTLAND CEMENT CHEMICAL,
Loss on ignition,,,0.00,0.00,,FALSE,,0.00,0.00,0.00,,,,,,
Silica,BUILDING MATERIALS - CHEMICAL,WHITE PUTTY,0.00,0.00,IS 4032: 1985,FALSE,CHEMICAL,0.00,0.00,0.00,% by mass,Non NABL,"lerm.parameter.master.table,3617",,WHITE PUTTY,
CaO,BUILDING MATERIALS - CHEMICAL,WHITE PUTTY,0.00,0.00,IS 4032: 1985,FALSE,CHEMICAL,0.00,0.00,0.00,% by mass,Non NABL,"lerm.parameter.master.table,3618",,WHITE PUTTY,
carbon,,,0.00,0.00,,FALSE,,0.00,0.00,0.00,,,,,,
Al2O3,BUILDING MATERIALS - CHEMICAL,WHITE PUTTY,0.00,0.00,IS 4032: 1985,FALSE,CHEMICAL,0.00,0.00,0.00,% by mass,Non NABL,"lerm.parameter.master.table,3619",,WHITE PUTTY,
Fe2O3,BUILDING MATERIALS - CHEMICAL,WHITE PUTTY,0.00,0.00,IS 4032: 1985,FALSE,CHEMICAL,0.00,0.00,0.00,% by mass,Non NABL,"lerm.parameter.master.table,3620",,WHITE PUTTY,
Insoluble Residue,BUILDING MATERIALS - CHEMICAL,WHITE PUTTY,0.00,0.00,IS 4032:1985,FALSE,CHEMICAL,0.00,0.00,0.00,% by mass,Non NABL,"lerm.parameter.master.table,3621",,WHITE PUTTY,
Chloride,BUILDING MATERIALS - CHEMICAL,WHITE PUTTY,0.00,0.00,IS 4032:1985,FALSE,CHEMICAL,0.00,0.00,0.00,% by mass,Non NABL,"lerm.parameter.master.table,3622",,WHITE PUTTY,
Loss on Ignition at 550C,BUILDING MATERIALS - CHEMICAL,WHITE PUTTY,0.00,0.00,IS 4032:1985,FALSE,CHEMICAL,0.00,0.00,0.00,% by mass,Non NABL,"lerm.parameter.master.table,3623",,WHITE PUTTY,
MgO,BUILDING MATERIALS - CHEMICAL,WHITE PUTTY,0.00,0.00,IS 4032:1985,FALSE,CHEMICAL,0.00,0.00,0.00,% by mass,Non NABL,"lerm.parameter.master.table,3624",,WHITE PUTTY,
SO3,BUILDING MATERIALS - CHEMICAL,WHITE PUTTY,0.00,0.00,IS 4032: 1985,FALSE,CHEMICAL,0.00,0.00,0.00,% by mass,Non NABL,"lerm.parameter.master.table,3625",,WHITE PUTTY,
Sulphur,METALS & ALLOYS,WIRE MESH,0.00,0.00,,FALSE,CHEMICAL,0.00,1.00,0.00,%,NABL,"lerm.parameter.master.table,3188","volume, in ml, of potassium iodate  added",WIRE MESH,
Phosphorous,METALS & ALLOYS,WIRE MESH,0.00,0.00,,FALSE,CHEMICAL,0.00,0.00,0.00,%,NABL,"lerm.parameter.master.table,3189",Wt of Sample taken (gm),WIRE MESH,
Sulphur,,WIRE MESH,0.00,0.00,,FALSE,,0.00,0.00,0.00,,,,,WIRE MESH,
Dry Gradation,BUILDING INFRASTRUCTURE AND CONSTRUCTION MATERIAL,WMM,0.10,0.00,IS 2720 part 26: 1987 RA 2016,FALSE,MECHANICAL,0.02,100.00,0.00,%,NABL,"lerm.parameter.master.table,3041",,WMM,
Water Absorbtion,BUILDING INFRASTRUCTURE AND CONSTRUCTION MATERIAL,WMM,0.10,0.00,IS 2386 (PART-3)1963 RA 2021,FALSE,MECHANICAL,0.00,15.00,0.00,%,NABL,"lerm.parameter.master.table,3017",,WMM,
Elongation Index,BUILDING INFRASTRUCTURE AND CONSTRUCTION MATERIAL,WMM,5.00,0.00,IS 2386 (PART-1)1963 RA 2021,FALSE,MECHANICAL,0.02,50.00,0.00,%,NABL,"lerm.parameter.master.table,3018",,WMM,
Flakiness Index,BUILDING INFRASTRUCTURE AND CONSTRUCTION MATERIAL,WMM,5.00,0.00,IS 2386 (PART-1)1963 RA 2021,FALSE,MECHANICAL,0.02,50.00,0.00,%,NABL,"lerm.parameter.master.table,3019",,WMM,
Abrasion Value,BUILDING INFRASTRUCTURE AND CONSTRUCTION MATERIAL,WMM,5.00,0.00,IS 2386 (PART-4)1963 RA 2021,FALSE,MECHANICAL,0.01,50.00,0.00,%,NABL,"lerm.parameter.master.table,3020",,WMM,
Impact Value,BUILDING INFRASTRUCTURE AND CONSTRUCTION MATERIAL,WMM,1.00,0.00,IS 2386 (PART-4)1963 RA 2021,FALSE,MECHANICAL,0.01,60.00,0.00,%,NABL,"lerm.parameter.master.table,3021",,WMM,
Plastic Limit,BUILDING INFRASTRUCTURE AND CONSTRUCTION MATERIAL,WMM,0.00,0.00,IS 2720 (PART-5)1985 RA 2020,FALSE,MECHANICAL,0.02,30.00,0.00,%,NABL,"lerm.parameter.master.table,3022",,WMM,
Liquid Limit,BUILDING INFRASTRUCTURE AND CONSTRUCTION MATERIAL,WMM,0.05,0.00,IS 2720 (PART-5)1985 RA 2020,FALSE,MECHANICAL,0.01,30.00,0.00,%,NABL,"lerm.parameter.master.table,3023",,WMM,
Plasticity Index,BUILDING INFRASTRUCTURE AND CONSTRUCTION MATERIAL,WMM,0.00,0.00,IS 2720 (PART-5)1985 RA 2020,FALSE,MECHANICAL,0.00,20.00,0.00,%,NABL,"lerm.parameter.master.table,3024",,WMM,
DETERMINATION OF WATER CONTENT-DRY DENSITY RELATION USING HEAVY COMPACTION,BUILDING INFRASTRUCTURE AND CONSTRUCTION MATERIAL,WMM,1.40,0.00,,FALSE,MECHANICAL,0.00,3.50,0.00,gm/cc,NABL,"lerm.parameter.master.table,3077",,WMM,
CBR,BUILDING INFRASTRUCTURE AND CONSTRUCTION MATERIAL,WMM,10.00,0.00,IS 2720 (PART-16)1987 RA2021,FALSE,MECHANICAL,0.02,98.00,0.00,%,Non NABL,"lerm.parameter.master.table,3042",,WMM,
Field Dry Density Of WMM By The Sand Replacement Method.,BUILDING INFRASTRUCTURE AND CONSTRUCTION MATERIAL,WMM,1.40,0.00,,FALSE,MECHANICAL,0.00,3.50,0.00,gm/cc,NABL,"lerm.parameter.master.table,3283",,WMM,
Specific Gravity,BUILDING INFRASTRUCTURE AND CONSTRUCTION MATERIAL,WMM,0.00,0.00,,FALSE,MECHANICAL,0.00,"10,000.00",0.00,,,"lerm.parameter.master.table,3306",,WMM,
WOOD SAMPLE,BUILDING MATERIALS - CHEMICAL,WOOD SAMPLE,0.00,0.00,,FALSE,MECHANICAL,0.00,0.00,0.00,,,,,WOOD SAMPLE,
DENSITY,,WOOD SAMPLE,0.00,0.00,,FALSE,MECHANICAL,0.00,0.00,0.00,,,,,WOOD SAMPLE,
MOISTURE,BUILDING INFRASTRUCTURE AND CONSTRUCTION MATERIAL,WOOD SAMPLE,0.00,0.00,,FALSE,MECHANICAL,0.00,0.00,0.00,,,,,WOOD SAMPLE,
Moisure Content,BUILDING INFRASTRUCTURE AND CONSTRUCTION MATERIAL,WOODEN FRAME,0.00,0.00,,FALSE,,0.00,0.00,0.00,,,"lerm.parameter.master.table,3115",,,
,,,,,,,,,,,,,,,,
,,,,,,,,,,,,,,,,
,,,,,,,,,,,,,,,,
,,,,,,,,,,,,,,,,
,,,,,,,,,,,,,,,,
,,,,,,,,,,,,,,,,
,,,,,,,,,,,,,,,,
,,,,,,,,,,,,,,,,
,,,,,,,,,,,,,,,,
,,,,,,,,,,,,,,,,
,,,,,,,,,,,,,,,,
,,,,,,,,,,,,,,,,
,,,,,,,,,,,,,,,,
,,,,,,,,,,,,,,,,
,,,,,,,,,,,,,,,,
,,,,,,,,,,,,,,,,
,,,,,,,,,,,,,,,,
,,,,,,,,,,,,,,,,
,,,,,,,,,,,,,,,,
,,,,,,,,,,,,,,,,
,,,,,,,,,,,,,,,,
,,,,,,,,,,,,,,,,
,,,,,,,,,,,,,,,,
,,,,,,,,,,,,,,,,
,,,,,,,,,,,,,,,,
,,,,,,,,,,,,,,,,
,,,,,,,,,,,,,,,,
,,,,,,,,,,,,,,,,
,,,,,,,,,,,,,,,,
,,,,,,,,,,,,,,,,
,,,,,,,,,,,,,,,,
,,,,,,,,,,,,,,,,
,,,,,,,,,,,,,,,,
,,,,,,,,,,,,,,,,
,,,,,,,,,,,,,,,,
,,,,,,,,,,,,,,,,
,,,,,,,,,,,,,,,,
,,,,,,,,,,,,,,,,
,,,,,,,,,,,,,,,,
,,,,,,,,,,,,,,,,
,,,,,,,,,,,,,,,,
,,,,,,,,,,,,,,,,
,,,,,,,,,,,,,,,,
,,,,,,,,,,,,,,,,
,,,,,,,,,,,,,,,,
,,,,,,,,,,,,,,,,
,,,,,,,,,,,,,,,,
,,,,,,,,,,,,,,,,
,,,,,,,,,,,,,,,,
,,,,,,,,,,,,,,,,
,,,,,,,,,,,,,,,,
,,,,,,,,,,,,,,,,
,,,,,,,,,,,,,,,,
,,,,,,,,,,,,,,,,
,,,,,,,,,,,,,,,,
,,,,,,,,,,,,,,,,
,,,,,,,,,,,,,,,,
,,,,,,,,,,,,,,,,
,,,,,,,,,,,,,,,,
,,,,,,,,,,,,,,,,
,,,,,,,,,,,,,,,,
,,,,,,,,,,,,,,,,
,,,,,,,,,,,,,,,,
,,,,,,,,,,,,,,,,
,,,,,,,,,,,,,,,,
,,,,,,,,,,,,,,,,
,,,,,,,,,,,,,,,,
,,,,,,,,,,,,,,,,
,,,,,,,,,,,,,,,,
,,,,,,,,,,,,,,,,
,,,,,,,,,,,,,,,,
,,,,,,,,,,,,,,,,
,,,,,,,,,,,,,,,,
,,,,,,,,,,,,,,,,
,,,,,,,,,,,,,,,,
,,,,,,,,,,,,,,,,
,,,,,,,,,,,,,,,,
,,,,,,,,,,,,,,,,
,,,,,,,,,,,,,,,,
,,,,,,,,,,,,,,,,
,,,,,,,,,,,,,,,,
,,,,,,,,,,,,,,,,
,,,,,,,,,,,,,,,,
,,,,,,,,,,,,,,,,
,,,,,,,,,,,,,,,,
,,,,,,,,,,,,,,,,
,,,,,,,,,,,,,,,,
,,,,,,,,,,,,,,,,
,,,,,,,,,,,,,,,,
,,,,,,,,,,,,,,,,
,,,,,,,,,,,,,,,,
,,,,,,,,,,,,,,,,
,,,,,,,,,,,,,,,,
,,,,,,,,,,,,,,,,
,,,,,,,,,,,,,,,,
,,,,,,,,,,,,,,,,
,,,,,,,,,,,,,,,,
,,,,,,,,,,,,,,,,
,,,,,,,,,,,,,,,,
,,,,,,,,,,,,,,,,
,,,,,,,,,,,,,,,,
,,,,,,,,,,,,,,,,
,,,,,,,,,,,,,,,,
,,,,,,,,,,,,,,,,
,,,,,,,,,,,,,,,,
,,,,,,,,,,,,,,,,
,,,,,,,,,,,,,,,,
,,,,,,,,,,,,,,,,
,,,,,,,,,,,,,,,,
,,,,,,,,,,,,,,,,
,,,,,,,,,,,,,,,,
,,,,,,,,,,,,,,,,
,,,,,,,,,,,,,,,,
,,,,,,,,,,,,,,,,
,,,,,,,,,,,,,,,,
,,,,,,,,,,,,,,,,
,,,,,,,,,,,,,,,,
,,,,,,,,,,,,,,,,
,,,,,,,,,,,,,,,,
,,,,,,,,,,,,,,,,
,,,,,,,,,,,,,,,,
,,,,,,,,,,,,,,,,
,,,,,,,,,,,,,,,,
,,,,,,,,,,,,,,,,
,,,,,,,,,,,,,,,,
,,,,,,,,,,,,,,,,
,,,,,,,,,,,,,,,,
,,,,,,,,,,,,,,,,
,,,,,,,,,,,,,,,,
,,,,,,,,,,,,,,,,
,,,,,,,,,,,,,,,,
,,,,,,,,,,,,,,,,
,,,,,,,,,,,,,,,,
,,,,,,,,,,,,,,,,
,,,,,,,,,,,,,,,,
,,,,,,,,,,,,,,,,
,,,,,,,,,,,,,,,,
,,,,,,,,,,,,,,,,
,,,,,,,,,,,,,,,,
,,,,,,,,,,,,,,,,
,,,,,,,,,,,,,,,,
,,,,,,,,,,,,,,,,
,,,,,,,,,,,,,,,,
,,,,,,,,,,,,,,,,
,,,,,,,,,,,,,,,,
,,,,,,,,,,,,,,,,
,,,,,,,,,,,,,,,,
,,,,,,,,,,,,,,,,
,,,,,,,,,,,,,,,,
,,,,,,,,,,,,,,,,
,,,,,,,,,,,,,,,,
,,,,,,,,,,,,,,,,
,,,,,,,,,,,,,,,,
,,,,,,,,,,,,,,,,
,,,,,,,,,,,,,,,,
,,,,,,,,,,,,,,,,
,,,,,,,,,,,,,,,,
,,,,,,,,,,,,,,,,
,,,,,,,,,,,,,,,,
,,,,,,,,,,,,,,,,
,,,,,,,,,,,,,,,,
,,,,,,,,,,,,,,,,
,,,,,,,,,,,,,,,,
,,,,,,,,,,,,,,,,
,,,,,,,,,,,,,,,,
,,,,,,,,,,,,,,,,
,,,,,,,,,,,,,,,,
,,,,,,,,,,,,,,,,
,,,,,,,,,,,,,,,,
,,,,,,,,,,,,,,,,
,,,,,,,,,,,,,,,,
,,,,,,,,,,,,,,,,
,,,,,,,,,,,,,,,,
,,,,,,,,,,,,,,,,
,,,,,,,,,,,,,,,,
,,,,,,,,,,,,,,,,
,,,,,,,,,,,,,,,,
,,,,,,,,,,,,,,,,
,,,,,,,,,,,,,,,,
,,,,,,,,,,,,,,,,
,,,,,,,,,,,,,,,,
,,,,,,,,,,,,,,,,
,,,,,,,,,,,,,,,,
,,,,,,,,,,,,,,,,
,,,,,,,,,,,,,,,,
,,,,,,,,,,,,,,,,
,,,,,,,,,,,,,,,,
,,,,,,,,,,,,,,,,
,,,,,,,,,,,,,,,,
,,,,,,,,,,,,,,,,
,,,,,,,,,,,,,,,,
,,,,,,,,,,,,,,,,
,,,,,,,,,,,,,,,,
,,,,,,,,,,,,,,,,
,,,,,,,,,,,,,,,,
,,,,,,,,,,,,,,,,
,,,,,,,,,,,,,,,,
,,,,,,,,,,,,,,,,
,,,,,,,,,,,,,,,,
,,,,,,,,,,,,,,,,
,,,,,,,,,,,,,,,,
,,,,,,,,,,,,,,,,
,,,,,,,,,,,,,,,,
,,,,,,,,,,,,,,,,
,,,,,,,,,,,,,,,,
,,,,,,,,,,,,,,,,
,,,,,,,,,,,,,,,,
,,,,,,,,,,,,,,,,
,,,,,,,,,,,,,,,,
,,,,,,,,,,,,,,,,
,,,,,,,,,,,,,,,,
,,,,,,,,,,,,,,,,
,,,,,,,,,,,,,,,,
,,,,,,,,,,,,,,,,
,,,,,,,,,,,,,,,,
,,,,,,,,,,,,,,,,
,,,,,,,,,,,,,,,,
,,,,,,,,,,,,,,,,
,,,,,,,,,,,,,,,,
,,,,,,,,,,,,,,,,
,,,,,,,,,,,,,,,,
,,,,,,,,,,,,,,,,
,,,,,,,,,,,,,,,,
,,,,,,,,,,,,,,,,
,,,,,,,,,,,,,,,,
,,,,,,,,,,,,,,,,
,,,,,,,,,,,,,,,,
,,,,,,,,,,,,,,,,
,,,,,,,,,,,,,,,,
,,,,,,,,,,,,,,,,
,,,,,,,,,,,,,,,,
,,,,,,,,,,,,,,,,
,,,,,,,,,,,,,,,,
,,,,,,,,,,,,,,,,
,,,,,,,,,,,,,,,,
,,,,,,,,,,,,,,,,
,,,,,,,,,,,,,,,,
,,,,,,,,,,,,,,,,
,,,,,,,,,,,,,,,,
,,,,,,,,,,,,,,,,
,,,,,,,,,,,,,,,,
,,,,,,,,,,,,,,,,
,,,,,,,,,,,,,,,,
,,,,,,,,,,,,,,,,
,,,,,,,,,,,,,,,,
,,,,,,,,,,,,,,,,
,,,,,,,,,,,,,,,,
,,,,,,,,,,,,,,,,
,,,,,,,,,,,,,,,,
,,,,,,,,,,,,,,,,
,,,,,,,,,,,,,,,,
,,,,,,,,,,,,,,,,
,,,,,,,,,,,,,,,,
,,,,,,,,,,,,,,,,
,,,,,,,,,,,,,,,,
,,,,,,,,,,,,,,,,
,,,,,,,,,,,,,,,,
,,,,,,,,,,,,,,,,
,,,,,,,,,,,,,,,,
,,,,,,,,,,,,,,,,
,,,,,,,,,,,,,,,,
,,,,,,,,,,,,,,,,
,,,,,,,,,,,,,,,,
,,,,,,,,,,,,,,,,
,,,,,,,,,,,,,,,,
,,,,,,,,,,,,,,,,
,,,,,,,,,,,,,,,,
,,,,,,,,,,,,,,,,
,,,,,,,,,,,,,,,,
,,,,,,,,,,,,,,,,
,,,,,,,,,,,,,,,,
,,,,,,,,,,,,,,,,
,,,,,,,,,,,,,,,,
,,,,,,,,,,,,,,,,
,,,,,,,,,,,,,,,,
,,,,,,,,,,,,,,,,
,,,,,,,,,,,,,,,,
,,,,,,,,,,,,,,,,
,,,,,,,,,,,,,,,,
,,,,,,,,,,,,,,,,
,,,,,,,,,,,,,,,,
,,,,,,,,,,,,,,,,
,,,,,,,,,,,,,,,,
,,,,,,,,,,,,,,,,
,,,,,,,,,,,,,,,,
,,,,,,,,,,,,,,,,
,,,,,,,,,,,,,,,,
,,,,,,,,,,,,,,,,
,,,,,,,,,,,,,,,,
,,,,,,,,,,,,,,,,
,,,,,,,,,,,,,,,,
,,,,,,,,,,,,,,,,
,,,,,,,,,,,,,,,,
,,,,,,,,,,,,,,,,
,,,,,,,,,,,,,,,,
,,,,,,,,,,,,,,,,
,,,,,,,,,,,,,,,,
,,,,,,,,,,,,,,,,
,,,,,,,,,,,,,,,,
,,,,,,,,,,,,,,,,
,,,,,,,,,,,,,,,,
,,,,,,,,,,,,,,,,
,,,,,,,,,,,,,,,,
,,,,,,,,,,,,,,,,
,,,,,,,,,,,,,,,,
,,,,,,,,,,,,,,,,
,,,,,,,,,,,,,,,,
,,,,,,,,,,,,,,,,
,,,,,,,,,,,,,,,,
,,,,,,,,,,,,,,,,
,,,,,,,,,,,,,,,,
,,,,,,,,,,,,,,,,
,,,,,,,,,,,,,,,,
,,,,,,,,,,,,,,,,
,,,,,,,,,,,,,,,,
,,,,,,,,,,,,,,,,
,,,,,,,,,,,,,,,,
,,,,,,,,,,,,,,,,
,,,,,,,,,,,,,,,,
,,,,,,,,,,,,,,,,
,,,,,,,,,,,,,,,,
,,,,,,,,,,,,,,,,
,,,,,,,,,,,,,,,,
,,,,,,,,,,,,,,,,
,,,,,,,,,,,,,,,,
,,,,,,,,,,,,,,,,
,,,,,,,,,,,,,,,,
,,,,,,,,,,,,,,,,
,,,,,,,,,,,,,,,,
,,,,,,,,,,,,,,,,
,,,,,,,,,,,,,,,,
,,,,,,,,,,,,,,,,
,,,,,,,,,,,,,,,,
,,,,,,,,,,,,,,,,
,,,,,,,,,,,,,,,,
,,,,,,,,,,,,,,,,
,,,,,,,,,,,,,,,,
,,,,,,,,,,,,,,,,
,,,,,,,,,,,,,,,,
,,,,,,,,,,,,,,,,
,,,,,,,,,,,,,,,,
,,,,,,,,,,,,,,,,
,,,,,,,,,,,,,,,,
,,,,,,,,,,,,,,,,
,,,,,,,,,,,,,,,,
,,,,,,,,,,,,,,,,
,,,,,,,,,,,,,,,,
,,,,,,,,,,,,,,,,
,,,,,,,,,,,,,,,,
,,,,,,,,,,,,,,,,
,,,,,,,,,,,,,,,,
,,,,,,,,,,,,,,,,
,,,,,,,,,,,,,,,,
,,,,,,,,,,,,,,,,
,,,,,,,,,,,,,,,,
,,,,,,,,,,,,,,,,
,,,,,,,,,,,,,,,,
,,,,,,,,,,,,,,,,
,,,,,,,,,,,,,,,,
,,,,,,,,,,,,,,,,
,,,,,,,,,,,,,,,,
,,,,,,,,,,,,,,,,
,,,,,,,,,,,,,,,,
,,,,,,,,,,,,,,,,
,,,,,,,,,,,,,,,,
,,,,,,,,,,,,,,,,
,,,,,,,,,,,,,,,,
,,,,,,,,,,,,,,,,
,,,,,,,,,,,,,,,,
,,,,,,,,,,,,,,,,
,,,,,,,,,,,,,,,,
,,,,,,,,,,,,,,,,
,,,,,,,,,,,,,,,,
,,,,,,,,,,,,,,,,
,,,,,,,,,,,,,,,,
,,,,,,,,,,,,,,,,
,,,,,,,,,,,,,,,,
,,,,,,,,,,,,,,,,
,,,,,,,,,,,,,,,,
,,,,,,,,,,,,,,,,
,,,,,,,,,,,,,,,,
,,,,,,,,,,,,,,,,
,,,,,,,,,,,,,,,,
,,,,,,,,,,,,,,,,
,,,,,,,,,,,,,,,,
,,,,,,,,,,,,,,,,
,,,,,,,,,,,,,,,,
,,,,,,,,,,,,,,,,
,,,,,,,,,,,,,,,,
,,,,,,,,,,,,,,,,
,,,,,,,,,,,,,,,,
,,,,,,,,,,,,,,,,
,,,,,,,,,,,,,,,,
,,,,,,,,,,,,,,,,
,,,,,,,,,,,,,,,,
,,,,,,,,,,,,,,,,
,,,,,,,,,,,,,,,,
,,,,,,,,,,,,,,,,
,,,,,,,,,,,,,,,,
,,,,,,,,,,,,,,,,
,,,,,,,,,,,,,,,,
,,,,,,,,,,,,,,,,
,,,,,,,,,,,,,,,,
,,,,,,,,,,,,,,,,
,,,,,,,,,,,,,,,,
,,,,,,,,,,,,,,,,
,,,,,,,,,,,,,,,,
,,,,,,,,,,,,,,,,
,,,,,,,,,,,,,,,,
,,,,,,,,,,,,,,,,
,,,,,,,,,,,,,,,,
,,,,,,,,,,,,,,,,
,,,,,,,,,,,,,,,,
,,,,,,,,,,,,,,,,
,,,,,,,,,,,,,,,,
,,,,,,,,,,,,,,,,
,,,,,,,,,,,,,,,,
,,,,,,,,,,,,,,,,
,,,,,,,,,,,,,,,,
,,,,,,,,,,,,,,,,
,,,,,,,,,,,,,,,,
,,,,,,,,,,,,,,,,
,,,,,,,,,,,,,,,,
,,,,,,,,,,,,,,,,
,,,,,,,,,,,,,,,,
,,,,,,,,,,,,,,,,
,,,,,,,,,,,,,,,,
,,,,,,,,,,,,,,,,
,,,,,,,,,,,,,,,,
,,,,,,,,,,,,,,,,
,,,,,,,,,,,,,,,,
,,,,,,,,,,,,,,,,
,,,,,,,,,,,,,,,,
,,,,,,,,,,,,,,,,
,,,,,,,,,,,,,,,,
,,,,,,,,,,,,,,,,
,,,,,,,,,,,,,,,,
,,,,,,,,,,,,,,,,
,,,,,,,,,,,,,,,,
,,,,,,,,,,,,,,,,
,,,,,,,,,,,,,,,,
,,,,,,,,,,,,,,,,
,,,,,,,,,,,,,,,,
,,,,,,,,,,,,,,,,
,,,,,,,,,,,,,,,,
,,,,,,,,,,,,,,,,
,,,,,,,,,,,,,,,,
,,,,,,,,,,,,,,,,
,,,,,,,,,,,,,,,,
,,,,,,,,,,,,,,,,
,,,,,,,,,,,,,,,,
,,,,,,,,,,,,,,,,
,,,,,,,,,,,,,,,,
,,,,,,,,,,,,,,,,
,,,,,,,,,,,,,,,,
,,,,,,,,,,,,,,,,
,,,,,,,,,,,,,,,,
,,,,,,,,,,,,,,,,
,,,,,,,,,,,,,,,,
,,,,,,,,,,,,,,,,
,,,,,,,,,,,,,,,,
,,,,,,,,,,,,,,,,
,,,,,,,,,,,,,,,,
,,,,,,,,,,,,,,,,
,,,,,,,,,,,,,,,,
,,,,,,,,,,,,,,,,
,,,,,,,,,,,,,,,,
,,,,,,,,,,,,,,,,
,,,,,,,,,,,,,,,,
,,,,,,,,,,,,,,,,
,,,,,,,,,,,,,,,,
,,,,,,,,,,,,,,,,
,,,,,,,,,,,,,,,,
,,,,,,,,,,,,,,,,
,,,,,,,,,,,,,,,,
,,,,,,,,,,,,,,,,
,,,,,,,,,,,,,,,,
,,,,,,,,,,,,,,,,
,,,,,,,,,,,,,,,,
,,,,,,,,,,,,,,,,
,,,,,,,,,,,,,,,,
,,,,,,,,,,,,,,,,
,,,,,,,,,,,,,,,,
,,,,,,,,,,,,,,,,
,,,,,,,,,,,,,,,,
,,,,,,,,,,,,,,,,
,,,,,,,,,,,,,,,,
,,,,,,,,,,,,,,,,
,,,,,,,,,,,,,,,,
,,,,,,,,,,,,,,,,
,,,,,,,,,,,,,,,,
,,,,,,,,,,,,,,,,
,,,,,,,,,,,,,,,,
,,,,,,,,,,,,,,,,
,,,,,,,,,,,,,,,,
,,,,,,,,,,,,,,,,
,,,,,,,,,,,,,,,,
,,,,,,,,,,,,,,,,
,,,,,,,,,,,,,,,,
,,,,,,,,,,,,,,,,
,,,,,,,,,,,,,,,,
,,,,,,,,,,,,,,,,
,,,,,,,,,,,,,,,,
,,,,,,,,,,,,,,,,
,,,,,,,,,,,,,,,,
,,,,,,,,,,,,,,,,
,,,,,,,,,,,,,,,,
,,,,,,,,,,,,,,,,
,,,,,,,,,,,,,,,,
,,,,,,,,,,,,,,,,
,,,,,,,,,,,,,,,,
,,,,,,,,,,,,,,,,
,,,,,,,,,,,,,,,,
,,,,,,,,,,,,,,,,
,,,,,,,,,,,,,,,,
,,,,,,,,,,,,,,,,
,,,,,,,,,,,,,,,,
,,,,,,,,,,,,,,,,
,,,,,,,,,,,,,,,,
,,,,,,,,,,,,,,,,
,,,,,,,,,,,,,,,,
,,,,,,,,,,,,,,,,
,,,,,,,,,,,,,,,,
,,,,,,,,,,,,,,,,
,,,,,,,,,,,,,,,,
,,,,,,,,,,,,,,,,
,,,,,,,,,,,,,,,,
,,,,,,,,,,,,,,,,
,,,,,,,,,,,,,,,,
,,,,,,,,,,,,,,,,
,,,,,,,,,,,,,,,,
,,,,,,,,,,,,,,,,
,,,,,,,,,,,,,,,,
,,,,,,,,,,,,,,,,
,,,,,,,,,,,,,,,,
,,,,,,,,,,,,,,,,
,,,,,,,,,,,,,,,,
,,,,,,,,,,,,,,,,
,,,,,,,,,,,,,,,,
,,,,,,,,,,,,,,,,
,,,,,,,,,,,,,,,,
,,,,,,,,,,,,,,,,
,,,,,,,,,,,,,,,,
,,,,,,,,,,,,,,,,
,,,,,,,,,,,,,,,,
,,,,,,,,,,,,,,,,
,,,,,,,,,,,,,,,,
,,,,,,,,,,,,,,,,
,,,,,,,,,,,,,,,,
,,,,,,,,,,,,,,,,
,,,,,,,,,,,,,,,,
,,,,,,,,,,,,,,,,
,,,,,,,,,,,,,,,,
,,,,,,,,,,,,,,,,
,,,,,,,,,,,,,,,,
,,,,,,,,,,,,,,,,
,,,,,,,,,,,,,,,,
,,,,,,,,,,,,,,,,
,,,,,,,,,,,,,,,,
,,,,,,,,,,,,,,,,
,,,,,,,,,,,,,,,,
,,,,,,,,,,,,,,,,
,,,,,,,,,,,,,,,,
,,,,,,,,,,,,,,,,
,,,,,,,,,,,,,,,,
,,,,,,,,,,,,,,,,
,,,,,,,,,,,,,,,,
,,,,,,,,,,,,,,,,
,,,,,,,,,,,,,,,,
,,,,,,,,,,,,,,,,
,,,,,,,,,,,,,,,,
,,,,,,,,,,,,,,,,
,,,,,,,,,,,,,,,,
,,,,,,,,,,,,,,,,
,,,,,,,,,,,,,,,,
,,,,,,,,,,,,,,,,
,,,,,,,,,,,,,,,,
,,,,,,,,,,,,,,,,
,,,,,,,,,,,,,,,,
,,,,,,,,,,,,,,,,
,,,,,,,,,,,,,,,,
,,,,,,,,,,,,,,,,
,,,,,,,,,,,,,,,,
,,,,,,,,,,,,,,,,
,,,,,,,,,,,,,,,,
,,,,,,,,,,,,,,,,
,,,,,,,,,,,,,,,,
,,,,,,,,,,,,,,,,
,,,,,,,,,,,,,,,,
,,,,,,,,,,,,,,,,
,,,,,,,,,,,,,,,,
,,,,,,,,,,,,,,,,
,,,,,,,,,,,,,,,,
,,,,,,,,,,,,,,,,
,,,,,,,,,,,,,,,,
,,,,,,,,,,,,,,,,
,,,,,,,,,,,,,,,,
,,,,,,,,,,,,,,,,
,,,,,,,,,,,,,,,,
,,,,,,,,,,,,,,,,
,,,,,,,,,,,,,,,,
,,,,,,,,,,,,,,,,
,,,,,,,,,,,,,,,,
,,,,,,,,,,,,,,,,
,,,,,,,,,,,,,,,,
,,,,,,,,,,,,,,,,
,,,,,,,,,,,,,,,,
,,,,,,,,,,,,,,,,
,,,,,,,,,,,,,,,,
,,,,,,,,,,,,,,,,
,,,,,,,,,,,,,,,,
,,,,,,,,,,,,,,,,
,,,,,,,,,,,,,,,,
,,,,,,,,,,,,,,,,
,,,,,,,,,,,,,,,,
,,,,,,,,,,,,,,,,
,,,,,,,,,,,,,,,,
,,,,,,,,,,,,,,,,
,,,,,,,,,,,,,,,,
,,,,,,,,,,,,,,,,
,,,,,,,,,,,,,,,,
,,,,,,,,,,,,,,,,
,,,,,,,,,,,,,,,,
,,,,,,,,,,,,,,,,
,,,,,,,,,,,,,,,,
,,,,,,,,,,,,,,,,
,,,,,,,,,,,,,,,,
,,,,,,,,,,,,,,,,
,,,,,,,,,,,,,,,,
,,,,,,,,,,,,,,,,
,,,,,,,,,,,,,,,,
,,,,,,,,,,,,,,,,
,,,,,,,,,,,,,,,,
,,,,,,,,,,,,,,,,
,,,,,,,,,,,,,,,,
,,,,,,,,,,,,,,,,
,,,,,,,,,,,,,,,,
,,,,,,,,,,,,,,,,
,,,,,,,,,,,,,,,,
,,,,,,,,,,,,,,,,
,,,,,,,,,,,,,,,,
,,,,,,,,,,,,,,,,
,,,,,,,,,,,,,,,,
,,,,,,,,,,,,,,,,
,,,,,,,,,,,,,,,,
,,,,,,,,,,,,,,,,
,,,,,,,,,,,,,,,,
,,,,,,,,,,,,,,,,
,,,,,,,,,,,,,,,,
,,,,,,,,,,,,,,,,
,,,,,,,,,,,,,,,,
,,,,,,,,,,,,,,,,
,,,,,,,,,,,,,,,,
,,,,,,,,,,,,,,,,
,,,,,,,,,,,,,,,,
,,,,,,,,,,,,,,,,
,,,,,,,,,,,,,,,,
,,,,,,,,,,,,,,,,
,,,,,,,,,,,,,,,,
,,,,,,,,,,,,,,,,
,,,,,,,,,,,,,,,,
,,,,,,,,,,,,,,,,
,,,,,,,,,,,,,,,,
,,,,,,,,,,,,,,,,
,,,,,,,,,,,,,,,,
,,,,,,,,,,,,,,,,
,,,,,,,,,,,,,,,,
,,,,,,,,,,,,,,,,
,,,,,,,,,,,,,,,,
,,,,,,,,,,,,,,,,
,,,,,,,,,,,,,,,,
,,,,,,,,,,,,,,,,
,,,,,,,,,,,,,,,,
,,,,,,,,,,,,,,,,
,,,,,,,,,,,,,,,,
,,,,,,,,,,,,,,,,
,,,,,,,,,,,,,,,,
,,,,,,,,,,,,,,,,
,,,,,,,,,,,,,,,,
,,,,,,,,,,,,,,,,
,,,,,,,,,,,,,,,,
,,,,,,,,,,,,,,,,
,,,,,,,,,,,,,,,,
,,,,,,,,,,,,,,,,
,,,,,,,,,,,,,,,,
,,,,,,,,,,,,,,,,
,,,,,,,,,,,,,,,,
,,,,,,,,,,,,,,,,
,,,,,,,,,,,,,,,,
,,,,,,,,,,,,,,,,
,,,,,,,,,,,,,,,,
,,,,,,,,,,,,,,,,
,,,,,,,,,,,,,,,,
,,,,,,,,,,,,,,,,
,,,,,,,,,,,,,,,,
,,,,,,,,,,,,,,,,
,,,,,,,,,,,,,,,,
,,,,,,,,,,,,,,,,
,,,,,,,,,,,,,,,,
,,,,,,,,,,,,,,,,
,,,,,,,,,,,,,,,,
,,,,,,,,,,,,,,,,
,,,,,,,,,,,,,,,,
,,,,,,,,,,,,,,,,
,,,,,,,,,,,,,,,,
,,,,,,,,,,,,,,,,
,,,,,,,,,,,,,,,,
,,,,,,,,,,,,,,,,
,,,,,,,,,,,,,,,,
,,,,,,,,,,,,,,,,
,,,,,,,,,,,,,,,,
,,,,,,,,,,,,,,,,
,,,,,,,,,,,,,,,,
,,,,,,,,,,,,,,,,
,,,,,,,,,,,,,,,,
,,,,,,,,,,,,,,,,
,,,,,,,,,,,,,,,,
,,,,,,,,,,,,,,,,
,,,,,,,,,,,,,,,,
,,,,,,,,,,,,,,,,
,,,,,,,,,,,,,,,,
,,,,,,,,,,,,,,,,
,,,,,,,,,,,,,,,,
,,,,,,,,,,,,,,,,
,,,,,,,,,,,,,,,,
,,,,,,,,,,,,,,,,
,,,,,,,,,,,,,,,,
,,,,,,,,,,,,,,,,
,,,,,,,,,,,,,,,,
,,,,,,,,,,,,,,,,
,,,,,,,,,,,,,,,,
,,,,,,,,,,,,,,,,
,,,,,,,,,,,,,,,,
,,,,,,,,,,,,,,,,
,,,,,,,,,,,,,,,,
,,,,,,,,,,,,,,,,
,,,,,,,,,,,,,,,,
,,,,,,,,,,,,,,,,
,,,,,,,,,,,,,,,,
,,,,,,,,,,,,,,,,
,,,,,,,,,,,,,,,,
,,,,,,,,,,,,,,,,
,,,,,,,,,,,,,,,,
,,,,,,,,,,,,,,,,
,,,,,,,,,,,,,,,,
,,,,,,,,,,,,,,,,
,,,,,,,,,,,,,,,,
,,,,,,,,,,,,,,,,
,,,,,,,,,,,,,,,,
,,,,,,,,,,,,,,,,
,,,,,,,,,,,,,,,,
,,,,,,,,,,,,,,,,
,,,,,,,,,,,,,,,,
,,,,,,,,,,,,,,,,
,,,,,,,,,,,,,,,,
,,,,,,,,,,,,,,,,
,,,,,,,,,,,,,,,,
,,,,,,,,,,,,,,,,
,,,,,,,,,,,,,,,,
,,,,,,,,,,,,,,,,
,,,,,,,,,,,,,,,,
,,,,,,,,,,,,,,,,
,,,,,,,,,,,,,,,,
,,,,,,,,,,,,,,,,
,,,,,,,,,,,,,,,,
,,,,,,,,,,,,,,,,
,,,,,,,,,,,,,,,,
,,,,,,,,,,,,,,,,
,,,,,,,,,,,,,,,,
,,,,,,,,,,,,,,,,
,,,,,,,,,,,,,,,,
,,,,,,,,,,,,,,,,
,,,,,,,,,,,,,,,,
,,,,,,,,,,,,,,,,
,,,,,,,,,,,,,,,,
,,,,,,,,,,,,,,,,
,,,,,,,,,,,,,,,,
,,,,,,,,,,,,,,,,
,,,,,,,,,,,,,,,,
,,,,,,,,,,,,,,,,
,,,,,,,,,,,,,,,,
,,,,,,,,,,,,,,,,
,,,,,,,,,,,,,,,,
,,,,,,,,,,,,,,,,
,,,,,,,,,,,,,,,,
,,,,,,,,,,,,,,,,
,,,,,,,,,,,,,,,,
,,,,,,,,,,,,,,,,
,,,,,,,,,,,,,,,,
,,,,,,,,,,,,,,,,
,,,,,,,,,,,,,,,,
,,,,,,,,,,,,,,,,
,,,,,,,,,,,,,,,,
,,,,,,,,,,,,,,,,
,,,,,,,,,,,,,,,,
,,,,,,,,,,,,,,,,
,,,,,,,,,,,,,,,,
,,,,,,,,,,,,,,,,
,,,,,,,,,,,,,,,,
,,,,,,,,,,,,,,,,
,,,,,,,,,,,,,,,,
,,,,,,,,,,,,,,,,
,,,,,,,,,,,,,,,,
,,,,,,,,,,,,,,,,
,,,,,,,,,,,,,,,,
,,,,,,,,,,,,,,,,
,,,,,,,,,,,,,,,,
,,,,,,,,,,,,,,,,
,,,,,,,,,,,,,,,,
,,,,,,,,,,,,,,,,
,,,,,,,,,,,,,,,,
,,,,,,,,,,,,,,,,
,,,,,,,,,,,,,,,,
,,,,,,,,,,,,,,,,
,,,,,,,,,,,,,,,,
,,,,,,,,,,,,,,,,
,,,,,,,,,,,,,,,,
,,,,,,,,,,,,,,,,
,,,,,,,,,,,,,,,,
,,,,,,,,,,,,,,,,
,,,,,,,,,,,,,,,,
,,,,,,,,,,,,,,,,
,,,,,,,,,,,,,,,,
,,,,,,,,,,,,,,,,
,,,,,,,,,,,,,,,,
,,,,,,,,,,,,,,,,
,,,,,,,,,,,,,,,,
,,,,,,,,,,,,,,,,
,,,,,,,,,,,,,,,,
,,,,,,,,,,,,,,,,
,,,,,,,,,,,,,,,,
,,,,,,,,,,,,,,,,
,,,,,,,,,,,,,,,,
,,,,,,,,,,,,,,,,
,,,,,,,,,,,,,,,,
,,,,,,,,,,,,,,,,
,,,,,,,,,,,,,,,,
,,,,,,,,,,,,,,,,
,,,,,,,,,,,,,,,,
,,,,,,,,,,,,,,,,
,,,,,,,,,,,,,,,,
,,,,,,,,,,,,,,,,
,,,,,,,,,,,,,,,,
,,,,,,,,,,,,,,,,
,,,,,,,,,,,,,,,,
,,,,,,,,,,,,,,,,
,,,,,,,,,,,,,,,,
,,,,,,,,,,,,,,,,
,,,,,,,,,,,,,,,,
,,,,,,,,,,,,,,,,
,,,,,,,,,,,,,,,,
,,,,,,,,,,,,,,,,
,,,,,,,,,,,,,,,,
,,,,,,,,,,,,,,,,
,,,,,,,,,,,,,,,,
,,,,,,,,,,,,,,,,
,,,,,,,,,,,,,,,,
,,,,,,,,,,,,,,,,
,,,,,,,,,,,,,,,,
,,,,,,,,,,,,,,,,
,,,,,,,,,,,,,,,,
,,,,,,,,,,,,,,,,
,,,,,,,,,,,,,,,,
,,,,,,,,,,,,,,,,
,,,,,,,,,,,,,,,,
,,,,,,,,,,,,,,,,
,,,,,,,,,,,,,,,,
,,,,,,,,,,,,,,,,
,,,,,,,,,,,,,,,,
,,,,,,,,,,,,,,,,
,,,,,,,,,,,,,,,,
,,,,,,,,,,,,,,,,
,,,,,,,,,,,,,,,,
,,,,,,,,,,,,,,,,
,,,,,,,,,,,,,,,,
,,,,,,,,,,,,,,,,
,,,,,,,,,,,,,,,,
,,,,,,,,,,,,,,,,
,,,,,,,,,,,,,,,,
,,,,,,,,,,,,,,,,
,,,,,,,,,,,,,,,,
,,,,,,,,,,,,,,,,
,,,,,,,,,,,,,,,,
,,,,,,,,,,,,,,,,
,,,,,,,,,,,,,,,,
,,,,,,,,,,,,,,,,
,,,,,,,,,,,,,,,,
,,,,,,,,,,,,,,,,
,,,,,,,,,,,,,,,,
,,,,,,,,,,,,,,,,
,,,,,,,,,,,,,,,,
,,,,,,,,,,,,,,,,
,,,,,,,,,,,,,,,,
,,,,,,,,,,,,,,,,
,,,,,,,,,,,,,,,,
,,,,,,,,,,,,,,,,
,,,,,,,,,,,,,,,,
,,,,,,,,,,,,,,,,
,,,,,,,,,,,,,,,,
,,,,,,,,,,,,,,,,
,,,,,,,,,,,,,,,,
,,,,,,,,,,,,,,,,
,,,,,,,,,,,,,,,,
,,,,,,,,,,,,,,,,
,,,,,,,,,,,,,,,,
,,,,,,,,,,,,,,,,
,,,,,,,,,,,,,,,,
,,,,,,,,,,,,,,,,
,,,,,,,,,,,,,,,,
,,,,,,,,,,,,,,,,
,,,,,,,,,,,,,,,,
,,,,,,,,,,,,,,,,
,,,,,,,,,,,,,,,,
,,,,,,,,,,,,,,,,
,,,,,,,,,,,,,,,,
,,,,,,,,,,,,,,,,
,,,,,,,,,,,,,,,,
,,,,,,,,,,,,,,,,
,,,,,,,,,,,,,,,,
,,,,,,,,,,,,,,,,
,,,,,,,,,,,,,,,,
,,,,,,,,,,,,,,,,
,,,,,,,,,,,,,,,,
,,,,,,,,,,,,,,,,
,,,,,,,,,,,,,,,,
,,,,,,,,,,,,,,,,
,,,,,,,,,,,,,,,,
,,,,,,,,,,,,,,,,
,,,,,,,,,,,,,,,,
,,,,,,,,,,,,,,,,
,,,,,,,,,,,,,,,,
,,,,,,,,,,,,,,,,
,,,,,,,,,,,,,,,,
,,,,,,,,,,,,,,,,
,,,,,,,,,,,,,,,,
,,,,,,,,,,,,,,,,
,,,,,,,,,,,,,,,,
,,,,,,,,,,,,,,,,
,,,,,,,,,,,,,,,,
,,,,,,,,,,,,,,,,
,,,,,,,,,,,,,,,,
,,,,,,,,,,,,,,,,
,,,,,,,,,,,,,,,,
,,,,,,,,,,,,,,,,
,,,,,,,,,,,,,,,,
,,,,,,,,,,,,,,,,
,,,,,,,,,,,,,,,,
,,,,,,,,,,,,,,,,
,,,,,,,,,,,,,,,,
,,,,,,,,,,,,,,,,
,,,,,,,,,,,,,,,,
,,,,,,,,,,,,,,,,
,,,,,,,,,,,,,,,,
,,,,,,,,,,,,,,,,
,,,,,,,,,,,,,,,,
,,,,,,,,,,,,,,,,
,,,,,,,,,,,,,,,,
,,,,,,,,,,,,,,,,
,,,,,,,,,,,,,,,,
,,,,,,,,,,,,,,,,
,,,,,,,,,,,,,,,,
,,,,,,,,,,,,,,,,
,,,,,,,,,,,,,,,,
,,,,,,,,,,,,,,,,
,,,,,,,,,,,,,,,,
,,,,,,,,,,,,,,,,
,,,,,,,,,,,,,,,,
,,,,,,,,,,,,,,,,
,,,,,,,,,,,,,,,,
,,,,,,,,,,,,,,,,
,,,,,,,,,,,,,,,,
,,,,,,,,,,,,,,,,
,,,,,,,,,,,,,,,,
,,,,,,,,,,,,,,,,
,,,,,,,,,,,,,,,,
,,,,,,,,,,,,,,,,
,,,,,,,,,,,,,,,,
,,,,,,,,,,,,,,,,
,,,,,,,,,,,,,,,,
,,,,,,,,,,,,,,,,
,,,,,,,,,,,,,,,,
,,,,,,,,,,,,,,,,
,,,,,,,,,,,,,,,,
,,,,,,,,,,,,,,,,
,,,,,,,,,,,,,,,,
,,,,,,,,,,,,,,,,
,,,,,,,,,,,,,,,,
,,,,,,,,,,,,,,,,
,,,,,,,,,,,,,,,,
,,,,,,,,,,,,,,,,
,,,,,,,,,,,,,,,,
,,,,,,,,,,,,,,,,
,,,,,,,,,,,,,,,,
,,,,,,,,,,,,,,,,
,,,,,,,,,,,,,,,,
,,,,,,,,,,,,,,,,
,,,,,,,,,,,,,,,,
,,,,,,,,,,,,,,,,
,,,,,,,,,,,,,,,,
,,,,,,,,,,,,,,,,
Determination of Standard Penetration Resistance (N- Value) in Soils,Soil-Field,Soil,0.00,0.00,IS 2131,FALSE,MECHANICAL,0.00,0.00,0.00,,,,,Soil,
Pull out (Pile Uplift),Soil-Field,Pull out (Pile Uplift),0.00,0.00,IS 2911-PART 4,FALSE,MECHANICAL,0.00,0.00,0.00,,,,,PILE PULL-OUT,
,,,,,,,,,,,,,,,,
,,,,,,,,,,,,,,,,
,,,,,,,,,,,,,,,,
,,,,,,,,,,,,,,,,
,,,,,,,,,,,,,,,,
,,,,,,,,,,,,,,,,
,,,,,,,,,,,,,,,,
,,,,,,,,,,,,,,,,
,,,,,,,,,,,,,,,,
,,,,,,,,,,,,,,,,
,,,,,,,,,,,,,,,,
,,,,,,,,,,,,,,,,
,,,,,,,,,,,,,,,,
,,,,,,,,,,,,,,,,
,,,,,,,,,,,,,,,,
,,,,,,,,,,,,,,,,
,,,,,,,,,,,,,,,,
,,,,,,,,,,,,,,,,
,,,,,,,,,,,,,,,,
,,,,,,,,,,,,,,,,
,,,,,,,,,,,,,,,,
,,,,,,,,,,,,,,,,
,,,,,,,,,,,,,,,,
,,,,,,,,,,,,,,,,
,,,,,,,,,,,,,,,,
,,,,,,,,,,,,,,,,
,,,,,,,,,,,,,,,,
,,,,,,,,,,,,,,,,
,,,,,,,,,,,,,,,,
,,,,,,,,,,,,,,,,
,,,,,,,,,,,,,,,,
,,,,,,,,,,,,,,,,
,,,,,,,,,,,,,,,,
,,,,,,,,,,,,,,,,
,,,,,,,,,,,,,,,,
,,,,,,,,,,,,,,,,
,,,,,,,,,,,,,,,,
,,,,,,,,,,,,,,,,
,,,,,,,,,,,,,,,,
,,,,,,,,,,,,,,,,
,,,,,,,,,,,,,,,,
,,,,,,,,,,,,,,,,
,,,,,,,,,,,,,,,,
,,,,,,,,,,,,,,,,
,,,,,,,,,,,,,,,,
,,,,,,,,,,,,,,,,
,,,,,,,,,,,,,,,,
,,,,,,,,,,,,,,,,
,,,,,,,,,,,,,,,,
,,,,,,,,,,,,,,,,
,,,,,,,,,,,,,,,,
,,,,,,,,,,,,,,,,
,,,,,,,,,,,,,,,,
,,,,,,,,,,,,,,,,
,,,,,,,,,,,,,,,,
,,,,,,,,,,,,,,,,
,,,,,,,,,,,,,,,,
,,,,,,,,,,,,,,,,
,,,,,,,,,,,,,,,,
,,,,,,,,,,,,,,,,
,,,,,,,,,,,,,,,,
,,,,,,,,,,,,,,,,
,,,,,,,,,,,,,,,,
,,,,,,,,,,,,,,,,
,,,,,,,,,,,,,,,,
,,,,,,,,,,,,,,,,
,,,,,,,,,,,,,,,,
,,,,,,,,,,,,,,,,
,,,,,,,,,,,,,,,,
,,,,,,,,,,,,,,,,
,,,,,,,,,,,,,,,,
,,,,,,,,,,,,,,,,
,,,,,,,,,,,,,,,,
,,,,,,,,,,,,,,,,
,,,,,,,,,,,,,,,,
,,,,,,,,,,,,,,,,
,,,,,,,,,,,,,,,,
,,,,,,,,,,,,,,,,
,,,,,,,,,,,,,,,,
,,,,,,,,,,,,,,,,
,,,,,,,,,,,,,,,,
,,,,,,,,,,,,,,,,
,,,,,,,,,,,,,,,,
,,,,,,,,,,,,,,,,
,,,,,,,,,,,,,,,,
,,,,,,,,,,,,,,,,
,,,,,,,,,,,,,,,,
,,,,,,,,,,,,,,,,
,,,,,,,,,,,,,,,,
,,,,,,,,,,,,,,,,
,,,,,,,,,,,,,,,,
,,,,,,,,,,,,,,,,
,,,,,,,,,,,,,,,,
,,,,,,,,,,,,,,,,
,,,,,,,,,,,,,,,,
,,,,,,,,,,,,,,,,
,,,,,,,,,,,,,,,,
,,,,,,,,,,,,,,,,
,,,,,,,,,,,,,,,,
,,,,,,,,,,,,,,,,
,,,,,,,,,,,,,,,,
,,,,,,,,,,,,,,,,
,,,,,,,,,,,,,,,,
,,,,,,,,,,,,,,,,
,,,,,,,,,,,,,,,,
,,,,,,,,,,,,,,,,
,,,,,,,,,,,,,,,,
,,,,,,,,,,,,,,,,
,,,,,,,,,,,,,,,,
,,,,,,,,,,,,,,,,
,,,,,,,,,,,,,,,,
,,,,,,,,,,,,,,,,
,,,,,,,,,,,,,,,,
,,,,,,,,,,,,,,,,
,,,,,,,,,,,,,,,,
,,,,,,,,,,,,,,,,
,,,,,,,,,,,,,,,,
,,,,,,,,,,,,,,,,
,,,,,,,,,,,,,,,,
,,,,,,,,,,,,,,,,
,,,,,,,,,,,,,,,,
,,,,,,,,,,,,,,,,
,,,,,,,,,,,,,,,,
,,,,,,,,,,,,,,,,
,,,,,,,,,,,,,,,,
,,,,,,,,,,,,,,,,
,,,,,,,,,,,,,,,,
,,,,,,,,,,,,,,,,
,,,,,,,,,,,,,,,,
,,,,,,,,,,,,,,,,
,,,,,,,,,,,,,,,,
,,,,,,,,,,,,,,,,
,,,,,,,,,,,,,,,,
,,,,,,,,,,,,,,,,
,,,,,,,,,,,,,,,,
,,,,,,,,,,,,,,,,
,,,,,,,,,,,,,,,,
,,,,,,,,,,,,,,,,
,,,,,,,,,,,,,,,,
,,,,,,,,,,,,,,,,
,,,,,,,,,,,,,,,,
,,,,,,,,,,,,,,,,
,,,,,,,,,,,,,,,,
,,,,,,,,,,,,,,,,
,,,,,,,,,,,,,,,,
,,,,,,,,,,,,,,,,
,,,,,,,,,,,,,,,,
,,,,,,,,,,,,,,,,
,,,,,,,,,,,,,,,,
,,,,,,,,,,,,,,,,
,,,,,,,,,,,,,,,,
,,,,,,,,,,,,,,,,
,,,,,,,,,,,,,,,,
,,,,,,,,,,,,,,,,
,,,,,,,,,,,,,,,,
,,,,,,,,,,,,,,,,
,,,,,,,,,,,,,,,,
,,,,,,,,,,,,,,,,
,,,,,,,,,,,,,,,,
,,,,,,,,,,,,,,,,
,,,,,,,,,,,,,,,,
,,,,,,,,,,,,,,,,
,,,,,,,,,,,,,,,,
,,,,,,,,,,,,,,,,
,,,,,,,,,,,,,,,,
,,,,,,,,,,,,,,,,
,,,,,,,,,,,,,,,,
,,,,,,,,,,,,,,,,
,,,,,,,,,,,,,,,,
,,,,,,,,,,,,,,,,
,,,,,,,,,,,,,,,,
,,,,,,,,,,,,,,,,
,,,,,,,,,,,,,,,,
,,,,,,,,,,,,,,,,
,,,,,,,,,,,,,,,,
,,,,,,,,,,,,,,,,
,,,,,,,,,,,,,,,,
,,,,,,,,,,,,,,,,
,,,,,,,,,,,,,,,,
,,,,,,,,,,,,,,,,
,,,,,,,,,,,,,,,,
,,,,,,,,,,,,,,,,
,,,,,,,,,,,,,,,,
,,,,,,,,,,,,,,,,
,,,,,,,,,,,,,,,,
,,,,,,,,,,,,,,,,
,,,,,,,,,,,,,,,,
,,,,,,,,,,,,,,,,
,,,,,,,,,,,,,,,,
,,,,,,,,,,,,,,,,
,,,,,,,,,,,,,,,,
,,,,,,,,,,,,,,,,
,,,,,,,,,,,,,,,,
,,,,,,,,,,,,,,,,
,,,,,,,,,,,,,,,,
,,,,,,,,,,,,,,,,
,,,,,,,,,,,,,,,,
,,,,,,,,,,,,,,,,
,,,,,,,,,,,,,,,,
,,,,,,,,,,,,,,,,
,,,,,,,,,,,,,,,,
,,,,,,,,,,,,,,,,
,,,,,,,,,,,,,,,,
,,,,,,,,,,,,,,,,
,,,,,,,,,,,,,,,,
,,,,,,,,,,,,,,,,
,,,,,,,,,,,,,,,,
,,,,,,,,,,,,,,,,
,,,,,,,,,,,,,,,,
,,,,,,,,,,,,,,,,
,,,,,,,,,,,,,,,,
,,,,,,,,,,,,,,,,
,,,,,,,,,,,,,,,,
,,,,,,,,,,,,,,,,
,,,,,,,,,,,,,,,,
,,,,,,,,,,,,,,,,
,,,,,,,,,,,,,,,,
,,,,,,,,,,,,,,,,
,,,,,,,,,,,,,,,,
,,,,,,,,,,,,,,,,
,,,,,,,,,,,,,,,,
,,,,,,,,,,,,,,,,
,,,,,,,,,,,,,,,,
,,,,,,,,,,,,,,,,
,,,,,,,,,,,,,,,,
,,,,,,,,,,,,,,,,
,,,,,,,,,,,,,,,,
,,,,,,,,,,,,,,,,
,,,,,,,,,,,,,,,,
,,,,,,,,,,,,,,,,
,,,,,,,,,,,,,,,,
,,,,,,,,,,,,,,,,
,,,,,,,,,,,,,,,,
,,,,,,,,,,,,,,,,
,,,,,,,,,,,,,,,,
,,,,,,,,,,,,,,,,
,,,,,,,,,,,,,,,,
,,,,,,,,,,,,,,,,
,,,,,,,,,,,,,,,,
,,,,,,,,,,,,,,,,
,,,,,,,,,,,,,,,,
,,,,,,,,,,,,,,,,
,,,,,,,,,,,,,,,,
,,,,,,,,,,,,,,,,
,,,,,,,,,,,,,,,,
,,,,,,,,,,,,,,,,
,,,,,,,,,,,,,,,,
,,,,,,,,,,,,,,,,
,,,,,,,,,,,,,,,,
,,,,,,,,,,,,,,,,
,,,,,,,,,,,,,,,,
,,,,,,,,,,,,,,,,
,,,,,,,,,,,,,,,,
,,,,,,,,,,,,,,,,
,,,,,,,,,,,,,,,,
,,,,,,,,,,,,,,,,
,,,,,,,,,,,,,,,,
,,,,,,,,,,,,,,,,
,,,,,,,,,,,,,,,,
,,,,,,,,,,,,,,,,
,,,,,,,,,,,,,,,,
,,,,,,,,,,,,,,,,
,,,,,,,,,,,,,,,,
,,,,,,,,,,,,,,,,
,,,,,,,,,,,,,,,,
,,,,,,,,,,,,,,,,
,,,,,,,,,,,,,,,,
,,,,,,,,,,,,,,,,
,,,,,,,,,,,,,,,,
,,,,,,,,,,,,,,,,
,,,,,,,,,,,,,,,,
,,,,,,,,,,,,,,,,
,,,,,,,,,,,,,,,,
,,,,,,,,,,,,,,,,
,,,,,,,,,,,,,,,,
,,,,,,,,,,,,,,,,
,,,,,,,,,,,,,,,,
,,,,,,,,,,,,,,,,
,,,,,,,,,,,,,,,,
,,,,,,,,,,,,,,,,
,,,,,,,,,,,,,,,,
,,,,,,,,,,,,,,,,
,,,,,,,,,,,,,,,,
,,,,,,,,,,,,,,,,
,,,,,,,,,,,,,,,,
,,,,,,,,,,,,,,,,
,,,,,,,,,,,,,,,,
,,,,,,,,,,,,,,,,
,,,,,,,,,,,,,,,,
,,,,,,,,,,,,,,,,
,,,,,,,,,,,,,,,,
,,,,,,,,,,,,,,,,
,,,,,,,,,,,,,,,,
,,,,,,,,,,,,,,,,
,,,,,,,,,,,,,,,,
,,,,,,,,,,,,,,,,
,,,,,,,,,,,,,,,,
,,,,,,,,,,,,,,,,
,,,,,,,,,,,,,,,,
,,,,,,,,,,,,,,,,
,,,,,,,,,,,,,,,,
,,,,,,,,,,,,,,,,
,,,,,,,,,,,,,,,,
,,,,,,,,,,,,,,,,
,,,,,,,,,,,,,,,,
,,,,,,,,,,,,,,,,
,,,,,,,,,,,,,,,,
,,,,,,,,,,,,,,,,
,,,,,,,,,,,,,,,,
,,,,,,,,,,,,,,,,
,,,,,,,,,,,,,,,,
,,,,,,,,,,,,,,,,
,,,,,,,,,,,,,,,,
,,,,,,,,,,,,,,,,
,,,,,,,,,,,,,,,,
,,,,,,,,,,,,,,,,
,,,,,,,,,,,,,,,,
,,,,,,,,,,,,,,,,
,,,,,,,,,,,,,,,,
,,,,,,,,,,,,,,,,
,,,,,,,,,,,,,,,,
,,,,,,,,,,,,,,,,
,,,,,,,,,,,,,,,,
,,,,,,,,,,,,,,,,
,,,,,,,,,,,,,,,,
,,,,,,,,,,,,,,,,
,,,,,,,,,,,,,,,,
,,,,,,,,,,,,,,,,
,,,,,,,,,,,,,,,,
,,,,,,,,,,,,,,,,
,,,,,,,,,,,,,,,,
,,,,,,,,,,,,,,,,
,,,,,,,,,,,,,,,,
,,,,,,,,,,,,,,,,
,,,,,,,,,,,,,,,,
,,,,,,,,,,,,,,,,
,,,,,,,,,,,,,,,,
,,,,,,,,,,,,,,,,
,,,,,,,,,,,,,,,,
,,,,,,,,,,,,,,,,
,,,,,,,,,,,,,,,,
,,,,,,,,,,,,,,,,
,,,,,,,,,,,,,,,,
,,,,,,,,,,,,,,,,
,,,,,,,,,,,,,,,,
,,,,,,,,,,,,,,,,
,,,,,,,,,,,,,,,,
,,,,,,,,,,,,,,,,
,,,,,,,,,,,,,,,,
,,,,,,,,,,,,,,,,
,,,,,,,,,,,,,,,,
,,,,,,,,,,,,,,,,
,,,,,,,,,,,,,,,,
,,,,,,,,,,,,,,,,
,,,,,,,,,,,,,,,,
,,,,,,,,,,,,,,,,
,,,,,,,,,,,,,,,,
,,,,,,,,,,,,,,,,
,,,,,,,,,,,,,,,,
,,,,,,,,,,,,,,,,
,,,,,,,,,,,,,,,,
,,,,,,,,,,,,,,,,
,,,,,,,,,,,,,,,,
,,,,,,,,,,,,,,,,
,,,,,,,,,,,,,,,,
,,,,,,,,,,,,,,,,
,,,,,,,,,,,,,,,,
,,,,,,,,,,,,,,,,
,,,,,,,,,,,,,,,,
,,,,,,,,,,,,,,,,
,,,,,,,,,,,,,,,,
,,,,,,,,,,,,,,,,
,,,,,,,,,,,,,,,,
,,,,,,,,,,,,,,,,
,,,,,,,,,,,,,,,,
,,,,,,,,,,,,,,,,
,,,,,,,,,,,,,,,,
,,,,,,,,,,,,,,,,
,,,,,,,,,,,,,,,,
,,,,,,,,,,,,,,,,
,,,,,,,,,,,,,,,,
,,,,,,,,,,,,,,,,
,,,,,,,,,,,,,,,,
,,,,,,,,,,,,,,,,
,,,,,,,,,,,,,,,,
,,,,,,,,,,,,,,,,
,,,,,,,,,,,,,,,,
,,,,,,,,,,,,,,,,
,,,,,,,,,,,,,,,,
,,,,,,,,,,,,,,,,
,,,,,,,,,,,,,,,,
,,,,,,,,,,,,,,,,
,,,,,,,,,,,,,,,,
,,,,,,,,,,,,,,,,
,,,,,,,,,,,,,,,,
,,,,,,,,,,,,,,,,
,,,,,,,,,,,,,,,,
,,,,,,,,,,,,,,,,
,,,,,,,,,,,,,,,,
,,,,,,,,,,,,,,,,
,,,,,,,,,,,,,,,,
,,,,,,,,,,,,,,,,
,,,,,,,,,,,,,,,,
,,,,,,,,,,,,,,,,
,,,,,,,,,,,,,,,,
,,,,,,,,,,,,,,,,
,,,,,,,,,,,,,,,,
,,,,,,,,,,,,,,,,
,,,,,,,,,,,,,,,,
,,,,,,,,,,,,,,,,
,,,,,,,,,,,,,,,,
,,,,,,,,,,,,,,,,
,,,,,,,,,,,,,,,,
,,,,,,,,,,,,,,,,
,,,,,,,,,,,,,,,,
,,,,,,,,,,,,,,,,
,,,,,,,,,,,,,,,,
,,,,,,,,,,,,,,,,
,,,,,,,,,,,,,,,,
,,,,,,,,,,,,,,,,
,,,,,,,,,,,,,,,,
,,,,,,,,,,,,,,,,
,,,,,,,,,,,,,,,,
,,,,,,,,,,,,,,,,
,,,,,,,,,,,,,,,,
,,,,,,,,,,,,,,,,
,,,,,,,,,,,,,,,,
,,,,,,,,,,,,,,,,
,,,,,,,,,,,,,,,,
,,,,,,,,,,,,,,,,
,,,,,,,,,,,,,,,,
,,,,,,,,,,,,,,,,
,,,,,,,,,,,,,,,,
,,,,,,,,,,,,,,,,
,,,,,,,,,,,,,,,,
,,,,,,,,,,,,,,,,
,,,,,,,,,,,,,,,,
,,,,,,,,,,,,,,,,
,,,,,,,,,,,,,,,,
,,,,,,,,,,,,,,,,
,,,,,,,,,,,,,,,,
,,,,,,,,,,,,,,,,
,,,,,,,,,,,,,,,,
,,,,,,,,,,,,,,,,
,,,,,,,,,,,,,,,,
,,,,,,,,,,,,,,,,
,,,,,,,,,,,,,,,,
,,,,,,,,,,,,,,,,
,,,,,,,,,,,,,,,,
,,,,,,,,,,,,,,,,
,,,,,,,,,,,,,,,,
,,,,,,,,,,,,,,,,
,,,,,,,,,,,,,,,,
,,,,,,,,,,,,,,,,
,,,,,,,,,,,,,,,,
,,,,,,,,,,,,,,,,
,,,,,,,,,,,,,,,,
,,,,,,,,,,,,,,,,
,,,,,,,,,,,,,,,,
,,,,,,,,,,,,,,,,
,,,,,,,,,,,,,,,,
,,,,,,,,,,,,,,,,
,,,,,,,,,,,,,,,,
,,,,,,,,,,,,,,,,
,,,,,,,,,,,,,,,,
,,,,,,,,,,,,,,,,
,,,,,,,,,,,,,,,,
,,,,,,,,,,,,,,,,
,,,,,,,,,,,,,,,,
,,,,,,,,,,,,,,,,
,,,,,,,,,,,,,,,,
,,,,,,,,,,,,,,,,
,,,,,,,,,,,,,,,,
,,,,,,,,,,,,,,,,
,,,,,,,,,,,,,,,,
,,,,,,,,,,,,,,,,
,,,,,,,,,,,,,,,,
,,,,,,,,,,,,,,,,
,,,,,,,,,,,,,,,,
,,,,,,,,,,,,,,,,
,,,,,,,,,,,,,,,,
,,,,,,,,,,,,,,,,
,,,,,,,,,,,,,,,,
,,,,,,,,,,,,,,,,
,,,,,,,,,,,,,,,,
,,,,,,,,,,,,,,,,
,,,,,,,,,,,,,,,,
,,,,,,,,,,,,,,,,
,,,,,,,,,,,,,,,,
,,,,,,,,,,,,,,,,
,,,,,,,,,,,,,,,,
,,,,,,,,,,,,,,,,
,,,,,,,,,,,,,,,,
,,,,,,,,,,,,,,,,
,,,,,,,,,,,,,,,,
,,,,,,,,,,,,,,,,
,,,,,,,,,,,,,,,,
,,,,,,,,,,,,,,,,
,,,,,,,,,,,,,,,,
,,,,,,,,,,,,,,,,
,,,,,,,,,,,,,,,,
,,,,,,,,,,,,,,,,
,,,,,,,,,,,,,,,,
,,,,,,,,,,,,,,,,
,,,,,,,,,,,,,,,,
,,,,,,,,,,,,,,,,
,,,,,,,,,,,,,,,,
,,,,,,,,,,,,,,,,
,,,,,,,,,,,,,,,,
,,,,,,,,,,,,,,,,
,,,,,,,,,,,,,,,,
,,,,,,,,,,,,,,,,
,,,,,,,,,,,,,,,,
,,,,,,,,,,,,,,,,
,,,,,,,,,,,,,,,,
,,,,,,,,,,,,,,,,
,,,,,,,,,,,,,,,,
,,,,,,,,,,,,,,,,
,,,,,,,,,,,,,,,,
,,,,,,,,,,,,,,,,
,,,,,,,,,,,,,,,,
,,,,,,,,,,,,,,,,
,,,,,,,,,,,,,,,,
,,,,,,,,,,,,,,,,
,,,,,,,,,,,,,,,,
,,,,,,,,,,,,,,,,
,,,,,,,,,,,,,,,,
,,,,,,,,,,,,,,,,
,,,,,,,,,,,,,,,,
,,,,,,,,,,,,,,,,
,,,,,,,,,,,,,,,,
,,,,,,,,,,,,,,,,
,,,,,,,,,,,,,,,,
,,,,,,,,,,,,,,,,
,,,,,,,,,,,,,,,,
,,,,,,,,,,,,,,,,
,,,,,,,,,,,,,,,,
,,,,,,,,,,,,,,,,
,,,,,,,,,,,,,,,,
,,,,,,,,,,,,,,,,
,,,,,,,,,,,,,,,,
,,,,,,,,,,,,,,,,
,,,,,,,,,,,,,,,,
,,,,,,,,,,,,,,,,
,,,,,,,,,,,,,,,,
,,,,,,,,,,,,,,,,
,,,,,,,,,,,,,,,,
,,,,,,,,,,,,,,,,
,,,,,,,,,,,,,,,,
,,,,,,,,,,,,,,,,
,,,,,,,,,,,,,,,,
,,,,,,,,,,,,,,,,
,,,,,,,,,,,,,,,,
,,,,,,,,,,,,,,,,
,,,,,,,,,,,,,,,,
,,,,,,,,,,,,,,,,
,,,,,,,,,,,,,,,,
,,,,,,,,,,,,,,,,
,,,,,,,,,,,,,,,,
,,,,,,,,,,,,,,,,
,,,,,,,,,,,,,,,,
,,,,,,,,,,,,,,,,
,,,,,,,,,,,,,,,,
,,,,,,,,,,,,,,,,
,,,,,,,,,,,,,,,,
,,,,,,,,,,,,,,,,
,,,,,,,,,,,,,,,,
,,,,,,,,,,,,,,,,
,,,,,,,,,,,,,,,,
,,,,,,,,,,,,,,,,
,,,,,,,,,,,,,,,,
,,,,,,,,,,,,,,,,
,,,,,,,,,,,,,,,,
,,,,,,,,,,,,,,,,
,,,,,,,,,,,,,,,,
,,,,,,,,,,,,,,,,
,,,,,,,,,,,,,,,,
,,,,,,,,,,,,,,,,
,,,,,,,,,,,,,,,,
,,,,,,,,,,,,,,,,
,,,,,,,,,,,,,,,,
,,,,,,,,,,,,,,,,
,,,,,,,,,,,,,,,,
,,,,,,,,,,,,,,,,
,,,,,,,,,,,,,,,,
,,,,,,,,,,,,,,,,
,,,,,,,,,,,,,,,,
,,,,,,,,,,,,,,,,
,,,,,,,,,,,,,,,,
,,,,,,,,,,,,,,,,
,,,,,,,,,,,,,,,,
,,,,,,,,,,,,,,,,
,,,,,,,,,,,,,,,,
,,,,,,,,,,,,,,,,
,,,,,,,,,,,,,,,,
,,,,,,,,,,,,,,,,
,,,,,,,,,,,,,,,,
,,,,,,,,,,,,,,,,
,,,,,,,,,,,,,,,,
,,,,,,,,,,,,,,,,
,,,,,,,,,,,,,,,,
,,,,,,,,,,,,,,,,
,,,,,,,,,,,,,,,,
,,,,,,,,,,,,,,,,
,,,,,,,,,,,,,,,,
,,,,,,,,,,,,,,,,
,,,,,,,,,,,,,,,,
,,,,,,,,,,,,,,,,
,,,,,,,,,,,,,,,,
,,,,,,,,,,,,,,,,
,,,,,,,,,,,,,,,,
,,,,,,,,,,,,,,,,
,,,,,,,,,,,,,,,,
,,,,,,,,,,,,,,,,
,,,,,,,,,,,,,,,,
,,,,,,,,,,,,,,,,
,,,,,,,,,,,,,,,,
,,,,,,,,,,,,,,,,
,,,,,,,,,,,,,,,,
,,,,,,,,,,,,,,,,
,,,,,,,,,,,,,,,,
,,,,,,,,,,,,,,,,
,,,,,,,,,,,,,,,,
,,,,,,,,,,,,,,,,
,,,,,,,,,,,,,,,,
,,,,,,,,,,,,,,,,
,,,,,,,,,,,,,,,,
,,,,,,,,,,,,,,,,
,,,,,,,,,,,,,,,,
,,,,,,,,,,,,,,,,
,,,,,,,,,,,,,,,,
,,,,,,,,,,,,,,,,
,,,,,,,,,,,,,,,,
,,,,,,,,,,,,,,,,
,,,,,,,,,,,,,,,,
,,,,,,,,,,,,,,,,
,,,,,,,,,,,,,,,,
,,,,,,,,,,,,,,,,
,,,,,,,,,,,,,,,,
,,,,,,,,,,,,,,,,
,,,,,,,,,,,,,,,,
,,,,,,,,,,,,,,,,
,,,,,,,,,,,,,,,,
,,,,,,,,,,,,,,,,
,,,,,,,,,,,,,,,,
,,,,,,,,,,,,,,,,
,,,,,,,,,,,,,,,,
,,,,,,,,,,,,,,,,
,,,,,,,,,,,,,,,,
,,,,,,,,,,,,,,,,
,,,,,,,,,,,,,,,,
,,,,,,,,,,,,,,,,
,,,,,,,,,,,,,,,,
,,,,,,,,,,,,,,,,
,,,,,,,,,,,,,,,,
,,,,,,,,,,,,,,,,
,,,,,,,,,,,,,,,,
,,,,,,,,,,,,,,,,
,,,,,,,,,,,,,,,,
,,,,,,,,,,,,,,,,
,,,,,,,,,,,,,,,,
,,,,,,,,,,,,,,,,
,,,,,,,,,,,,,,,,
,,,,,,,,,,,,,,,,
,,,,,,,,,,,,,,,,
,,,,,,,,,,,,,,,,
,,,,,,,,,,,,,,,,
,,,,,,,,,,,,,,,,
,,,,,,,,,,,,,,,,
,,,,,,,,,,,,,,,,
,,,,,,,,,,,,,,,,
,,,,,,,,,,,,,,,,
,,,,,,,,,,,,,,,,
,,,,,,,,,,,,,,,,
,,,,,,,,,,,,,,,,
,,,,,,,,,,,,,,,,
,,,,,,,,,,,,,,,,
,,,,,,,,,,,,,,,,
,,,,,,,,,,,,,,,,
,,,,,,,,,,,,,,,,
,,,,,,,,,,,,,,,,
,,,,,,,,,,,,,,,,
,,,,,,,,,,,,,,,,
,,,,,,,,,,,,,,,,
,,,,,,,,,,,,,,,,
,,,,,,,,,,,,,,,,
,,,,,,,,,,,,,,,,
,,,,,,,,,,,,,,,,
,,,,,,,,,,,,,,,,
,,,,,,,,,,,,,,,,
,,,,,,,,,,,,,,,,
,,,,,,,,,,,,,,,,
,,,,,,,,,,,,,,,,
,,,,,,,,,,,,,,,,
,,,,,,,,,,,,,,,,
,,,,,,,,,,,,,,,,
,,,,,,,,,,,,,,,,
,,,,,,,,,,,,,,,,
,,,,,,,,,,,,,,,,
,,,,,,,,,,,,,,,,
,,,,,,,,,,,,,,,,
,,,,,,,,,,,,,,,,
,,,,,,,,,,,,,,,,
,,,,,,,,,,,,,,,,
,,,,,,,,,,,,,,,,
,,,,,,,,,,,,,,,,
,,,,,,,,,,,,,,,,
,,,,,,,,,,,,,,,,
,,,,,,,,,,,,,,,,
,,,,,,,,,,,,,,,,
,,,,,,,,,,,,,,,,
,,,,,,,,,,,,,,,,
,,,,,,,,,,,,,,,,
,,,,,,,,,,,,,,,,
,,,,,,,,,,,,,,,,
,,,,,,,,,,,,,,,,
,,,,,,,,,,,,,,,,
,,,,,,,,,,,,,,,,
,,,,,,,,,,,,,,,,
,,,,,,,,,,,,,,,,
,,,,,,,,,,,,,,,,
,,,,,,,,,,,,,,,,
,,,,,,,,,,,,,,,,
,,,,,,,,,,,,,,,,
,,,,,,,,,,,,,,,,
,,,,,,,,,,,,,,,,
,,,,,,,,,,,,,,,,
,,,,,,,,,,,,,,,,
,,,,,,,,,,,,,,,,
,,,,,,,,,,,,,,,,
,,,,,,,,,,,,,,,,
,,,,,,,,,,,,,,,,
,,,,,,,,,,,,,,,,
,,,,,,,,,,,,,,,,
,,,,,,,,,,,,,,,,
,,,,,,,,,,,,,,,,
,,,,,,,,,,,,,,,,
,,,,,,,,,,,,,,,,
,,,,,,,,,,,,,,,,
,,,,,,,,,,,,,,,,
,,,,,,,,,,,,,,,,
,,,,,,,,,,,,,,,,
,,,,,,,,,,,,,,,,
,,,,,,,,,,,,,,,,
,,,,,,,,,,,,,,,,
,,,,,,,,,,,,,,,,
,,,,,,,,,,,,,,,,
,,,,,,,,,,,,,,,,
,,,,,,,,,,,,,,,,
,,,,,,,,,,,,,,,,
,,,,,,,,,,,,,,,,
,,,,,,,,,,,,,,,,
,,,,,,,,,,,,,,,,
,,,,,,,,,,,,,,,,
,,,,,,,,,,,,,,,,
,,,,,,,,,,,,,,,,
,,,,,,,,,,,,,,,,
,,,,,,,,,,,,,,,,
,,,,,,,,,,,,,,,,
,,,,,,,,,,,,,,,,
,,,,,,,,,,,,,,,,
,,,,,,,,,,,,,,,,
,,,,,,,,,,,,,,,,
,,,,,,,,,,,,,,,,
,,,,,,,,,,,,,,,,
,,,,,,,,,,,,,,,,
,,,,,,,,,,,,,,,,
,,,,,,,,,,,,,,,,
,,,,,,,,,,,,,,,,
,,,,,,,,,,,,,,,,
,,,,,,,,,,,,,,,,
,,,,,,,,,,,,,,,,
,,,,,,,,,,,,,,,,
,,,,,,,,,,,,,,,,
,,,,,,,,,,,,,,,,
,,,,,,,,,,,,,,,,
,,,,,,,,,,,,,,,,
,,,,,,,,,,,,,,,,
,,,,,,,,,,,,,,,,
,,,,,,,,,,,,,,,,
,,,,,,,,,,,,,,,,
,,,,,,,,,,,,,,,,
,,,,,,,,,,,,,,,,
,,,,,,,,,,,,,,,,
,,,,,,,,,,,,,,,,
,,,,,,,,,,,,,,,,
,,,,,,,,,,,,,,,,
,,,,,,,,,,,,,,,,
,,,,,,,,,,,,,,,,
,,,,,,,,,,,,,,,,
,,,,,,,,,,,,,,,,
,,,,,,,,,,,,,,,,
,,,,,,,,,,,,,,,,
,,,,,,,,,,,,,,,,
,,,,,,,,,,,,,,,,
,,,,,,,,,,,,,,,,
,,,,,,,,,,,,,,,,
,,,,,,,,,,,,,,,,
,,,,,,,,,,,,,,,,
,,,,,,,,,,,,,,,,
,,,,,,,,,,,,,,,,
,,,,,,,,,,,,,,,,
,,,,,,,,,,,,,,,,
,,,,,,,,,,,,,,,,
,,,,,,,,,,,,,,,,
,,,,,,,,,,,,,,,,
,,,,,,,,,,,,,,,,
,,,,,,,,,,,,,,,,
,,,,,,,,,,,,,,,,
,,,,,,,,,,,,,,,,
,,,,,,,,,,,,,,,,
,,,,,,,,,,,,,,,,
,,,,,,,,,,,,,,,,
,,,,,,,,,,,,,,,,
,,,,,,,,,,,,,,,,
,,,,,,,,,,,,,,,,
,,,,,,,,,,,,,,,,
,,,,,,,,,,,,,,,,
,,,,,,,,,,,,,,,,
,,,,,,,,,,,,,,,,
,,,,,,,,,,,,,,,,
,,,,,,,,,,,,,,,,
,,,,,,,,,,,,,,,,
,,,,,,,,,,,,,,,,
,,,,,,,,,,,,,,,,
,,,,,,,,,,,,,,,,
,,,,,,,,,,,,,,,,
,,,,,,,,,,,,,,,,
,,,,,,,,,,,,,,,,
,,,,,,,,,,,,,,,,
,,,,,,,,,,,,,,,,
,,,,,,,,,,,,,,,,
,,,,,,,,,,,,,,,,
,,,,,,,,,,,,,,,,
,,,,,,,,,,,,,,,,
,,,,,,,,,,,,,,,,
,,,,,,,,,,,,,,,,
,,,,,,,,,,,,,,,,
,,,,,,,,,,,,,,,,
,,,,,,,,,,,,,,,,
,,,,,,,,,,,,,,,,
,,,,,,,,,,,,,,,,
,,,,,,,,,,,,,,,,
,,,,,,,,,,,,,,,,
,,,,,,,,,,,,,,,,
,,,,,,,,,,,,,,,,
,,,,,,,,,,,,,,,,
,,,,,,,,,,,,,,,,
,,,,,,,,,,,,,,,,
,,,,,,,,,,,,,,,,
,,,,,,,,,,,,,,,,
,,,,,,,,,,,,,,,,
,,,,,,,,,,,,,,,,
,,,,,,,,,,,,,,,,
,,,,,,,,,,,,,,,,
,,,,,,,,,,,,,,,,
,,,,,,,,,,,,,,,,
,,,,,,,,,,,,,,,,
,,,,,,,,,,,,,,,,
,,,,,,,,,,,,,,,,
,,,,,,,,,,,,,,,,
,,,,,,,,,,,,,,,,
,,,,,,,,,,,,,,,,
,,,,,,,,,,,,,,,,
,,,,,,,,,,,,,,,,
,,,,,,,,,,,,,,,,
,,,,,,,,,,,,,,,,
,,,,,,,,,,,,,,,,
,,,,,,,,,,,,,,,,
,,,,,,,,,,,,,,,,
,,,,,,,,,,,,,,,,
,,,,,,,,,,,,,,,,
,,,,,,,,,,,,,,,,
,,,,,,,,,,,,,,,,
,,,,,,,,,,,,,,,,
,,,,,,,,,,,,,,,,
,,,,,,,,,,,,,,,,
,,,,,,,,,,,,,,,,
,,,,,,,,,,,,,,,,
,,,,,,,,,,,,,,,,
,,,,,,,,,,,,,,,,
,,,,,,,,,,,,,,,,
,,,,,,,,,,,,,,,,
,,,,,,,,,,,,,,,,
,,,,,,,,,,,,,,,,
,,,,,,,,,,,,,,,,
,,,,,,,,,,,,,,,,
,,,,,,,,,,,,,,,,
,,,,,,,,,,,,,,,,
,,,,,,,,,,,,,,,,
,,,,,,,,,,,,,,,,
,,,,,,,,,,,,,,,,
,,,,,,,,,,,,,,,,
,,,,,,,,,,,,,,,,
,,,,,,,,,,,,,,,,
,,,,,,,,,,,,,,,,
,,,,,,,,,,,,,,,,
,,,,,,,,,,,,,,,,
,,,,,,,,,,,,,,,,
,,,,,,,,,,,,,,,,
,,,,,,,,,,,,,,,,
,,,,,,,,,,,,,,,,
,,,,,,,,,,,,,,,,
,,,,,,,,,,,,,,,,
,,,,,,,,,,,,,,,,
,,,,,,,,,,,,,,,,
,,,,,,,,,,,,,,,,
,,,,,,,,,,,,,,,,
,,,,,,,,,,,,,,,,
,,,,,,,,,,,,,,,,
,,,,,,,,,,,,,,,,
,,,,,,,,,,,,,,,,
,,,,,,,,,,,,,,,,
,,,,,,,,,,,,,,,,
,,,,,,,,,,,,,,,,
,,,,,,,,,,,,,,,,
,,,,,,,,,,,,,,,,
,,,,,,,,,,,,,,,,
,,,,,,,,,,,,,,,,
,,,,,,,,,,,,,,,,
,,,,,,,,,,,,,,,,
,,,,,,,,,,,,,,,,
,,,,,,,,,,,,,,,,
,,,,,,,,,,,,,,,,
,,,,,,,,,,,,,,,,
,,,,,,,,,,,,,,,,
,,,,,,,,,,,,,,,,
,,,,,,,,,,,,,,,,
,,,,,,,,,,,,,,,,
,,,,,,,,,,,,,,,,
,,,,,,,,,,,,,,,,
,,,,,,,,,,,,,,,,
,,,,,,,,,,,,,,,,
,,,,,,,,,,,,,,,,
,,,,,,,,,,,,,,,,
,,,,,,,,,,,,,,,,
,,,,,,,,,,,,,,,,
,,,,,,,,,,,,,,,,
,,,,,,,,,,,,,,,,
,,,,,,,,,,,,,,,,
,,,,,,,,,,,,,,,,
,,,,,,,,,,,,,,,,
,,,,,,,,,,,,,,,,
,,,,,,,,,,,,,,,,
,,,,,,,,,,,,,,,,
,,,,,,,,,,,,,,,,
,,,,,,,,,,,,,,,,
,,,,,,,,,,,,,,,,
,,,,,,,,,,,,,,,,
,,,,,,,,,,,,,,,,
,,,,,,,,,,,,,,,,
,,,,,,,,,,,,,,,,
,,,,,,,,,,,,,,,,
,,,,,,,,,,,,,,,,
,,,,,,,,,,,,,,,,
,,,,,,,,,,,,,,,,
,,,,,,,,,,,,,,,,
,,,,,,,,,,,,,,,,
,,,,,,,,,,,,,,,,
,,,,,,,,,,,,,,,,
,,,,,,,,,,,,,,,,
,,,,,,,,,,,,,,,,
,,,,,,,,,,,,,,,,
,,,,,,,,,,,,,,,,
,,,,,,,,,,,,,,,,
,,,,,,,,,,,,,,,,
,,,,,,,,,,,,,,,,
,,,,,,,,,,,,,,,,
,,,,,,,,,,,,,,,,
,,,,,,,,,,,,,,,,
,,,,,,,,,,,,,,,,
,,,,,,,,,,,,,,,,
,,,,,,,,,,,,,,,,
,,,,,,,,,,,,,,,,
,,,,,,,,,,,,,,,,
,,,,,,,,,,,,,,,,
,,,,,,,,,,,,,,,,
,,,,,,,,,,,,,,,,
,,,,,,,,,,,,,,,,
,,,,,,,,,,,,,,,,
,,,,,,,,,,,,,,,,
,,,,,,,,,,,,,,,,
,,,,,,,,,,,,,,,,
,,,,,,,,,,,,,,,,
,,,,,,,,,,,,,,,,
,,,,,,,,,,,,,,,,
,,,,,,,,,,,,,,,,
,,,,,,,,,,,,,,,,
,,,,,,,,,,,,,,,,
,,,,,,,,,,,,,,,,
,,,,,,,,,,,,,,,,
,,,,,,,,,,,,,,,,
,,,,,,,,,,,,,,,,
,,,,,,,,,,,,,,,,
,,,,,,,,,,,,,,,,
,,,,,,,,,,,,,,,,
,,,,,,,,,,,,,,,,
,,,,,,,,,,,,,,,,
,,,,,,,,,,,,,,,,
,,,,,,,,,,,,,,,,
,,,,,,,,,,,,,,,,
,,,,,,,,,,,,,,,,
,,,,,,,,,,,,,,,,
,,,,,,,,,,,,,,,,
,,,,,,,,,,,,,,,,
,,,,,,,,,,,,,,,,
,,,,,,,,,,,,,,,,
,,,,,,,,,,,,,,,,
,,,,,,,,,,,,,,,,
,,,,,,,,,,,,,,,,
,,,,,,,,,,,,,,,,
,,,,,,,,,,,,,,,,
,,,,,,,,,,,,,,,,
,,,,,,,,,,,,,,,,
,,,,,,,,,,,,,,,,
,,,,,,,,,,,,,,,,
,,,,,,,,,,,,,,,,
,,,,,,,,,,,,,,,,
,,,,,,,,,,,,,,,,
,,,,,,,,,,,,,,,,
,,,,,,,,,,,,,,,,
,,,,,,,,,,,,,,,,
,,,,,,,,,,,,,,,,
,,,,,,,,,,,,,,,,
,,,,,,,,,,,,,,,,
,,,,,,,,,,,,,,,,
,,,,,,,,,,,,,,,,
,,,,,,,,,,,,,,,,
,,,,,,,,,,,,,,,,
,,,,,,,,,,,,,,,,
,,,,,,,,,,,,,,,,
,,,,,,,,,,,,,,,,
,,,,,,,,,,,,,,,,
,,,,,,,,,,,,,,,,
,,,,,,,,,,,,,,,,
,,,,,,,,,,,,,,,,
,,,,,,,,,,,,,,,,
,,,,,,,,,,,,,,,,
,,,,,,,,,,,,,,,,
,,,,,,,,,,,,,,,,
,,,,,,,,,,,,,,,,
,,,,,,,,,,,,,,,,
,,,,,,,,,,,,,,,,
,,,,,,,,,,,,,,,,
,,,,,,,,,,,,,,,,
,,,,,,,,,,,,,,,,
,,,,,,,,,,,,,,,,
,,,,,,,,,,,,,,,,
,,,,,,,,,,,,,,,,
,,,,,,,,,,,,,,,,
,,,,,,,,,,,,,,,,
,,,,,,,,,,,,,,,,
,,,,,,,,,,,,,,,,
,,,,,,,,,,,,,,,,
,,,,,,,,,,,,,,,,
,,,,,,,,,,,,,,,,
,,,,,,,,,,,,,,,,
,,,,,,,,,,,,,,,,
,,,,,,,,,,,,,,,,
,,,,,,,,,,,,,,,,
,,,,,,,,,,,,,,,,
,,,,,,,,,,,,,,,,
,,,,,,,,,,,,,,,,
,,,,,,,,,,,,,,,,
,,,,,,,,,,,,,,,,
,,,,,,,,,,,,,,,,
,,,,,,,,,,,,,,,,
,,,,,,,,,,,,,,,,
,,,,,,,,,,,,,,,,
,,,,,,,,,,,,,,,,
,,,,,,,,,,,,,,,,
,,,,,,,,,,,,,,,,
,,,,,,,,,,,,,,,,
,,,,,,,,,,,,,,,,
,,,,,,,,,,,,,,,,
,,,,,,,,,,,,,,,,
,,,,,,,,,,,,,,,,
,,,,,,,,,,,,,,,,
,,,,,,,,,,,,,,,,
,,,,,,,,,,,,,,,,
,,,,,,,,,,,,,,,,
,,,,,,,,,,,,,,,,
,,,,,,,,,,,,,,,,
,,,,,,,,,,,,,,,,
,,,,,,,,,,,,,,,,
,,,,,,,,,,,,,,,,
,,,,,,,,,,,,,,,,
,,,,,,,,,,,,,,,,
,,,,,,,,,,,,,,,,
,,,,,,,,,,,,,,,,
,,,,,,,,,,,,,,,,
,,,,,,,,,,,,,,,,
,,,,,,,,,,,,,,,,
,,,,,,,,,,,,,,,,
,,,,,,,,,,,,,,,,
,,,,,,,,,,,,,,,,
,,,,,,,,,,,,,,,,
,,,,,,,,,,,,,,,,
,,,,,,,,,,,,,,,,
,,,,,,,,,,,,,,,,
,,,,,,,,,,,,,,,,
,,,,,,,,,,,,,,,,
,,,,,,,,,,,,,,,,
,,,,,,,,,,,,,,,,
,,,,,,,,,,,,,,,,
,,,,,,,,,,,,,,,,
,,,,,,,,,,,,,,,,
,,,,,,,,,,,,,,,,
,,,,,,,,,,,,,,,,
,,,,,,,,,,,,,,,,
,,,,,,,,,,,,,,,,
,,,,,,,,,,,,,,,,
,,,,,,,,,,,,,,,,
,,,,,,,,,,,,,,,,
,,,,,,,,,,,,,,,,
,,,,,,,,,,,,,,,,
,,,,,,,,,,,,,,,,
,,,,,,,,,,,,,,,,
,,,,,,,,,,,,,,,,
,,,,,,,,,,,,,,,,
,,,,,,,,,,,,,,,,
,,,,,,,,,,,,,,,,
,,,,,,,,,,,,,,,,
,,,,,,,,,,,,,,,,
,,,,,,,,,,,,,,,,
,,,,,,,,,,,,,,,,
,,,,,,,,,,,,,,,,
,,,,,,,,,,,,,,,,
,,,,,,,,,,,,,,,,
,,,,,,,,,,,,,,,,
,,,,,,,,,,,,,,,,
,,,,,,,,,,,,,,,,
,,,,,,,,,,,,,,,,
,,,,,,,,,,,,,,,,
,,,,,,,,,,,,,,,,
,,,,,,,,,,,,,,,,
,,,,,,,,,,,,,,,,
,,,,,,,,,,,,,,,,
,,,,,,,,,,,,,,,,
,,,,,,,,,,,,,,,,
,,,,,,,,,,,,,,,,
,,,,,,,,,,,,,,,,
,,,,,,,,,,,,,,,,
,,,,,,,,,,,,,,,,
,,,,,,,,,,,,,,,,
,,,,,,,,,,,,,,,,
,,,,,,,,,,,,,,,,
,,,,,,,,,,,,,,,,
,,,,,,,,,,,,,,,,
,,,,,,,,,,,,,,,,
,,,,,,,,,,,,,,,,
,,,,,,,,,,,,,,,,
,,,,,,,,,,,,,,,,
,,,,,,,,,,,,,,,,
,,,,,,,,,,,,,,,,
,,,,,,,,,,,,,,,,
,,,,,,,,,,,,,,,,
,,,,,,,,,,,,,,,,
,,,,,,,,,,,,,,,,
,,,,,,,,,,,,,,,,
,,,,,,,,,,,,,,,,
,,,,,,,,,,,,,,,,
,,,,,,,,,,,,,,,,
,,,,,,,,,,,,,,,,
,,,,,,,,,,,,,,,,
,,,,,,,,,,,,,,,,
,,,,,,,,,,,,,,,,
,,,,,,,,,,,,,,,,
,,,,,,,,,,,,,,,,
,,,,,,,,,,,,,,,,
,,,,,,,,,,,,,,,,
,,,,,,,,,,,,,,,,
,,,,,,,,,,,,,,,,
,,,,,,,,,,,,,,,,
,,,,,,,,,,,,,,,,
,,,,,,,,,,,,,,,,
,,,,,,,,,,,,,,,,
,,,,,,,,,,,,,,,,
,,,,,,,,,,,,,,,,
,,,,,,,,,,,,,,,,
,,,,,,,,,,,,,,,,
,,,,,,,,,,,,,,,,
,,,,,,,,,,,,,,,,
,,,,,,,,,,,,,,,,
,,,,,,,,,,,,,,,,
,,,,,,,,,,,,,,,,
,,,,,,,,,,,,,,,,
,,,,,,,,,,,,,,,,
,,,,,,,,,,,,,,,,
,,,,,,,,,,,,,,,,
,,,,,,,,,,,,,,,,
,,,,,,,,,,,,,,,,
,,,,,,,,,,,,,,,,
,,,,,,,,,,,,,,,,
,,,,,,,,,,,,,,,,
,,,,,,,,,,,,,,,,
,,,,,,,,,,,,,,,,
,,,,,,,,,,,,,,,,
,,,,,,,,,,,,,,,,
,,,,,,,,,,,,,,,,
,,,,,,,,,,,,,,,,
,,,,,,,,,,,,,,,,
,,,,,,,,,,,,,,,,
,,,,,,,,,,,,,,,,
,,,,,,,,,,,,,,,,
,,,,,,,,,,,,,,,,
,,,,,,,,,,,,,,,,
,,,,,,,,,,,,,,,,
,,,,,,,,,,,,,,,,
,,,,,,,,,,,,,,,,
,,,,,,,,,,,,,,,,
,,,,,,,,,,,,,,,,
,,,,,,,,,,,,,,,,
,,,,,,,,,,,,,,,,
,,,,,,,,,,,,,,,,
,,,,,,,,,,,,,,,,
,,,,,,,,,,,,,,,,
,,,,,,,,,,,,,,,,
,,,,,,,,,,,,,,,,
,,,,,,,,,,,,,,,,
,,,,,,,,,,,,,,,,
,,,,,,,,,,,,,,,,
,,,,,,,,,,,,,,,,
,,,,,,,,,,,,,,,,
,,,,,,,,,,,,,,,,
,,,,,,,,,,,,,,,,
,,,,,,,,,,,,,,,,
,,,,,,,,,,,,,,,,
,,,,,,,,,,,,,,,,
,,,,,,,,,,,,,,,,
,,,,,,,,,,,,,,,,
,,,,,,,,,,,,,,,,
,,,,,,,,,,,,,,,,
,,,,,,,,,,,,,,,,
,,,,,,,,,,,,,,,,
,,,,,,,,,,,,,,,,
,,,,,,,,,,,,,,,,
,,,,,,,,,,,,,,,,
,,,,,,,,,,,,,,,,
,,,,,,,,,,,,,,,,
,,,,,,,,,,,,,,,,
,,,,,,,,,,,,,,,,
,,,,,,,,,,,,,,,,
,,,,,,,,,,,,,,,,
,,,,,,,,,,,,,,,,
,,,,,,,,,,,,,,,,
,,,,,,,,,,,,,,,,
,,,,,,,,,,,,,,,,
,,,,,,,,,,,,,,,,
,,,,,,,,,,,,,,,,
,,,,,,,,,,,,,,,,
,,,,,,,,,,,,,,,,
,,,,,,,,,,,,,,,,
,,,,,,,,,,,,,,,,
,,,,,,,,,,,,,,,,
,,,,,,,,,,,,,,,,
,,,,,,,,,,,,,,,,
,,,,,,,,,,,,,,,,
,,,,,,,,,,,,,,,,
,,,,,,,,,,,,,,,,
,,,,,,,,,,,,,,,,
,,,,,,,,,,,,,,,,
,,,,,,,,,,,,,,,,
,,,,,,,,,,,,,,,,
,,,,,,,,,,,,,,,,
,,,,,,,,,,,,,,,,
,,,,,,,,,,,,,,,,
,,,,,,,,,,,,,,,,
,,,,,,,,,,,,,,,,
,,,,,,,,,,,,,,,,
,,,,,,,,,,,,,,,,
,,,,,,,,,,,,,,,,
,,,,,,,,,,,,,,,,
,,,,,,,,,,,,,,,,
,,,,,,,,,,,,,,,,
,,,,,,,,,,,,,,,,
,,,,,,,,,,,,,,,,
,,,,,,,,,,,,,,,,
,,,,,,,,,,,,,,,,
,,,,,,,,,,,,,,,,
,,,,,,,,,,,,,,,,
,,,,,,,,,,,,,,,,
,,,,,,,,,,,,,,,,
,,,,,,,,,,,,,,,,
,,,,,,,,,,,,,,,,
,,,,,,,,,,,,,,,,
,,,,,,,,,,,,,,,,
,,,,,,,,,,,,,,,,
,,,,,,,,,,,,,,,,
,,,,,,,,,,,,,,,,
,,,,,,,,,,,,,,,,
,,,,,,,,,,,,,,,,
,,,,,,,,,,,,,,,,
,,,,,,,,,,,,,,,,
,,,,,,,,,,,,,,,,
,,,,,,,,,,,,,,,,
,,,,,,,,,,,,,,,,
,,,,,,,,,,,,,,,,
,,,,,,,,,,,,,,,,
,,,,,,,,,,,,,,,,
,,,,,,,,,,,,,,,,
,,,,,,,,,,,,,,,,
,,,,,,,,,,,,,,,,
,,,,,,,,,,,,,,,,
,,,,,,,,,,,,,,,,
,,,,,,,,,,,,,,,,
,,,,,,,,,,,,,,,,
,,,,,,,,,,,,,,,,
,,,,,,,,,,,,,,,,
,,,,,,,,,,,,,,,,
,,,,,,,,,,,,,,,,
,,,,,,,,,,,,,,,,
,,,,,,,,,,,,,,,,
,,,,,,,,,,,,,,,,
,,,,,,,,,,,,,,,,
,,,,,,,,,,,,,,,,
,,,,,,,,,,,,,,,,
,,,,,,,,,,,,,,,,
,,,,,,,,,,,,,,,,
,,,,,,,,,,,,,,,,
,,,,,,,,,,,,,,,,
,,,,,,,,,,,,,,,,
,,,,,,,,,,,,,,,,
,,,,,,,,,,,,,,,,
,,,,,,,,,,,,,,,,
,,,,,,,,,,,,,,,,
,,,,,,,,,,,,,,,,
,,,,,,,,,,,,,,,,
,,,,,,,,,,,,,,,,
,,,,,,,,,,,,,,,,
,,,,,,,,,,,,,,,,
,,,,,,,,,,,,,,,,
,,,,,,,,,,,,,,,,
,,,,,,,,,,,,,,,,
,,,,,,,,,,,,,,,,
,,,,,,,,,,,,,,,,
,,,,,,,,,,,,,,,,
,,,,,,,,,,,,,,,,
,,,,,,,,,,,,,,,,
,,,,,,,,,,,,,,,,
,,,,,,,,,,,,,,,,
,,,,,,,,,,,,,,,,
,,,,,,,,,,,,,,,,
,,,,,,,,,,,,,,,,
,,,,,,,,,,,,,,,,
,,,,,,,,,,,,,,,,
,,,,,,,,,,,,,,,,
,,,,,,,,,,,,,,,,
,,,,,,,,,,,,,,,,
,,,,,,,,,,,,,,,,
,,,,,,,,,,,,,,,,
,,,,,,,,,,,,,,,,
,,,,,,,,,,,,,,,,
,,,,,,,,,,,,,,,,
,,,,,,,,,,,,,,,,
,,,,,,,,,,,,,,,,
,,,,,,,,,,,,,,,,
,,,,,,,,,,,,,,,,
,,,,,,,,,,,,,,,,
,,,,,,,,,,,,,,,,
,,,,,,,,,,,,,,,,
,,,,,,,,,,,,,,,,
,,,,,,,,,,,,,,,,
,,,,,,,,,,,,,,,,
,,,,,,,,,,,,,,,,
,,,,,,,,,,,,,,,,
,,,,,,,,,,,,,,,,
,,,,,,,,,,,,,,,,
,,,,,,,,,,,,,,,,
,,,,,,,,,,,,,,,,
,,,,,,,,,,,,,,,,
,,,,,,,,,,,,,,,,
,,,,,,,,,,,,,,,,
,,,,,,,,,,,,,,,,
,,,,,,,,,,,,,,,,
,,,,,,,,,,,,,,,,
,,,,,,,,,,,,,,,,
,,,,,,,,,,,,,,,,
,,,,,,,,,,,,,,,,
,,,,,,,,,,,,,,,,
,,,,,,,,,,,,,,,,
,,,,,,,,,,,,,,,,
,,,,,,,,,,,,,,,,
,,,,,,,,,,,,,,,,
,,,,,,,,,,,,,,,,
,,,,,,,,,,,,,,,,
,,,,,,,,,,,,,,,,
,,,,,,,,,,,,,,,,
,,,,,,,,,,,,,,,,
,,,,,,,,,,,,,,,,
,,,,,,,,,,,,,,,,
,,,,,,,,,,,,,,,,
,,,,,,,,,,,,,,,,
,,,,,,,,,,,,,,,,
,,,,,,,,,,,,,,,,
,,,,,,,,,,,,,,,,
,,,,,,,,,,,,,,,,
,,,,,,,,,,,,,,,,
,,,,,,,,,,,,,,,,
,,,,,,,,,,,,,,,,
,,,,,,,,,,,,,,,,
,,,,,,,,,,,,,,,,
,,,,,,,,,,,,,,,,
,,,,,,,,,,,,,,,,
,,,,,,,,,,,,,,,,
,,,,,,,,,,,,,,,,
,,,,,,,,,,,,,,,,
,,,,,,,,,,,,,,,,
,,,,,,,,,,,,,,,,
,,,,,,,,,,,,,,,,
,,,,,,,,,,,,,,,,
,,,,,,,,,,,,,,,,
,,,,,,,,,,,,,,,,
,,,,,,,,,,,,,,,,
,,,,,,,,,,,,,,,,
,,,,,,,,,,,,,,,,
,,,,,,,,,,,,,,,,
,,,,,,,,,,,,,,,,
,,,,,,,,,,,,,,,,
,,,,,,,,,,,,,,,,
,,,,,,,,,,,,,,,,
,,,,,,,,,,,,,,,,
,,,,,,,,,,,,,,,,
,,,,,,,,,,,,,,,,
,,,,,,,,,,,,,,,,
,,,,,,,,,,,,,,,,
,,,,,,,,,,,,,,,,
,,,,,,,,,,,,,,,,
,,,,,,,,,,,,,,,,
,,,,,,,,,,,,,,,,
,,,,,,,,,,,,,,,,
,,,,,,,,,,,,,,,,
,,,,,,,,,,,,,,,,
,,,,,,,,,,,,,,,,
,,,,,,,,,,,,,,,,
,,,,,,,,,,,,,,,,
,,,,,,,,,,,,,,,,
,,,,,,,,,,,,,,,,
,,,,,,,,,,,,,,,,
,,,,,,,,,,,,,,,,
,,,,,,,,,,,,,,,,
,,,,,,,,,,,,,,,,
,,,,,,,,,,,,,,,,
,,,,,,,,,,,,,,,,
,,,,,,,,,,,,,,,,
,,,,,,,,,,,,,,,,
,,,,,,,,,,,,,,,,
,,,,,,,,,,,,,,,,
,,,,,,,,,,,,,,,,
,,,,,,,,,,,,,,,,
,,,,,,,,,,,,,,,,
,,,,,,,,,,,,,,,,
,,,,,,,,,,,,,,,,
,,,,,,,,,,,,,,,,
,,,,,,,,,,,,,,,,
,,,,,,,,,,,,,,,,
,,,,,,,,,,,,,,,,
,,,,,,,,,,,,,,,,
,,,,,,,,,,,,,,,,
,,,,,,,,,,,,,,,,
,,,,,,,,,,,,,,,,
,,,,,,,,,,,,,,,,
,,,,,,,,,,,,,,,,
,,,,,,,,,,,,,,,,
,,,,,,,,,,,,,,,,
,,,,,,,,,,,,,,,,
,,,,,,,,,,,,,,,,
,,,,,,,,,,,,,,,,
,,,,,,,,,,,,,,,,
,,,,,,,,,,,,,,,,
,,,,,,,,,,,,,,,,
,,,,,,,,,,,,,,,,
,,,,,,,,,,,,,,,,
,,,,,,,,,,,,,,,,
,,,,,,,,,,,,,,,,
,,,,,,,,,,,,,,,,
,,,,,,,,,,,,,,,,
,,,,,,,,,,,,,,,,
,,,,,,,,,,,,,,,,
,,,,,,,,,,,,,,,,
,,,,,,,,,,,,,,,,
,,,,,,,,,,,,,,,,
,,,,,,,,,,,,,,,,
,,,,,,,,,,,,,,,,
,,,,,,,,,,,,,,,,
,,,,,,,,,,,,,,,,
,,,,,,,,,,,,,,,,
,,,,,,,,,,,,,,,,
,,,,,,,,,,,,,,,,
,,,,,,,,,,,,,,,,
,,,,,,,,,,,,,,,,
,,,,,,,,,,,,,,,,
,,,,,,,,,,,,,,,,
,,,,,,,,,,,,,,,,
,,,,,,,,,,,,,,,,
,,,,,,,,,,,,,,,,
,,,,,,,,,,,,,,,,
,,,,,,,,,,,,,,,,
,,,,,,,,,,,,,,,,
,,,,,,,,,,,,,,,,
,,,,,,,,,,,,,,,,
,,,,,,,,,,,,,,,,
,,,,,,,,,,,,,,,,
,,,,,,,,,,,,,,,,
,,,,,,,,,,,,,,,,
,,,,,,,,,,,,,,,,
,,,,,,,,,,,,,,,,
,,,,,,,,,,,,,,,,
,,,,,,,,,,,,,,,,
,,,,,,,,,,,,,,,,
,,,,,,,,,,,,,,,,
,,,,,,,,,,,,,,,,
,,,,,,,,,,,,,,,,
,,,,,,,,,,,,,,,,
,,,,,,,,,,,,,,,,
,,,,,,,,,,,,,,,,
,,,,,,,,,,,,,,,,
,,,,,,,,,,,,,,,,
,,,,,,,,,,,,,,,,
,,,,,,,,,,,,,,,,
,,,,,,,,,,,,,,,,
,,,,,,,,,,,,,,,,
,,,,,,,,,,,,,,,,
,,,,,,,,,,,,,,,,
,,,,,,,,,,,,,,,,
,,,,,,,,,,,,,,,,
,,,,,,,,,,,,,,,,
,,,,,,,,,,,,,,,,
,,,,,,,,,,,,,,,,
,,,,,,,,,,,,,,,,
,,,,,,,,,,,,,,,,
,,,,,,,,,,,,,,,,
,,,,,,,,,,,,,,,,
,,,,,,,,,,,,,,,,
,,,,,,,,,,,,,,,,
,,,,,,,,,,,,,,,,
,,,,,,,,,,,,,,,,
,,,,,,,,,,,,,,,,
,,,,,,,,,,,,,,,,
,,,,,,,,,,,,,,,,
,,,,,,,,,,,,,,,,
,,,,,,,,,,,,,,,,
,,,,,,,,,,,,,,,,
,,,,,,,,,,,,,,,,
,,,,,,,,,,,,,,,,
,,,,,,,,,,,,,,,,
,,,,,,,,,,,,,,,,
,,,,,,,,,,,,,,,,
,,,,,,,,,,,,,,,,
,,,,,,,,,,,,,,,,
,,,,,,,,,,,,,,,,
,,,,,,,,,,,,,,,,
,,,,,,,,,,,,,,,,
,,,,,,,,,,,,,,,,
,,,,,,,,,,,,,,,,
,,,,,,,,,,,,,,,,
,,,,,,,,,,,,,,,,
,,,,,,,,,,,,,,,,
,,,,,,,,,,,,,,,,
,,,,,,,,,,,,,,,,
,,,,,,,,,,,,,,,,
,,,,,,,,,,,,,,,,
,,,,,,,,,,,,,,,,
,,,,,,,,,,,,,,,,
,,,,,,,,,,,,,,,,
,,,,,,,,,,,,,,,,
,,,,,,,,,,,,,,,,
,,,,,,,,,,,,,,,,
,,,,,,,,,,,,,,,,
,,,,,,,,,,,,,,,,
,,,,,,,,,,,,,,,,
,,,,,,,,,,,,,,,,
,,,,,,,,,,,,,,,,
,,,,,,,,,,,,,,,,
,,,,,,,,,,,,,,,,
,,,,,,,,,,,,,,,,
,,,,,,,,,,,,,,,,
,,,,,,,,,,,,,,,,
,,,,,,,,,,,,,,,,
,,,,,,,,,,,,,,,,
,,,,,,,,,,,,,,,,
,,,,,,,,,,,,,,,,
,,,,,,,,,,,,,,,,
,,,,,,,,,,,,,,,,
,,,,,,,,,,,,,,,,
,,,,,,,,,,,,,,,,
,,,,,,,,,,,,,,,,
,,,,,,,,,,,,,,,,
,,,,,,,,,,,,,,,,
,,,,,,,,,,,,,,,,
,,,,,,,,,,,,,,,,
,,,,,,,,,,,,,,,,
,,,,,,,,,,,,,,,,
,,,,,,,,,,,,,,,,
,,,,,,,,,,,,,,,,
,,,,,,,,,,,,,,,,
,,,,,,,,,,,,,,,,
,,,,,,,,,,,,,,,,
,,,,,,,,,,,,,,,,
,,,,,,,,,,,,,,,,
,,,,,,,,,,,,,,,,
,,,,,,,,,,,,,,,,
,,,,,,,,,,,,,,,,
,,,,,,,,,,,,,,,,
,,,,,,,,,,,,,,,,
,,,,,,,,,,,,,,,,
,,,,,,,,,,,,,,,,
,,,,,,,,,,,,,,,,
,,,,,,,,,,,,,,,,
,,,,,,,,,,,,,,,,
,,,,,,,,,,,,,,,,
,,,,,,,,,,,,,,,,
,,,,,,,,,,,,,,,,
,,,,,,,,,,,,,,,,
,,,,,,,,,,,,,,,,
,,,,,,,,,,,,,,,,
,,,,,,,,,,,,,,,,
,,,,,,,,,,,,,,,,
,,,,,,,,,,,,,,,,
,,,,,,,,,,,,,,,,
,,,,,,,,,,,,,,,,
,,,,,,,,,,,,,,,,
,,,,,,,,,,,,,,,,
,,,,,,,,,,,,,,,,
,,,,,,,,,,,,,,,,
,,,,,,,,,,,,,,,,
,,,,,,,,,,,,,,,,
,,,,,,,,,,,,,,,,
,,,,,,,,,,,,,,,,
,,,,,,,,,,,,,,,,
,,,,,,,,,,,,,,,,
,,,,,,,,,,,,,,,,
,,,,,,,,,,,,,,,,
,,,,,,,,,,,,,,,,
,,,,,,,,,,,,,,,,
,,,,,,,,,,,,,,,,
,,,,,,,,,,,,,,,,
,,,,,,,,,,,,,,,,
,,,,,,,,,,,,,,,,
,,,,,,,,,,,,,,,,
,,,,,,,,,,,,,,,,
,,,,,,,,,,,,,,,,
,,,,,,,,,,,,,,,,
,,,,,,,,,,,,,,,,
,,,,,,,,,,,,,,,,
,,,,,,,,,,,,,,,,
,,,,,,,,,,,,,,,,
,,,,,,,,,,,,,,,,
,,,,,,,,,,,,,,,,
,,,,,,,,,,,,,,,,
,,,,,,,,,,,,,,,,
,,,,,,,,,,,,,,,,
,,,,,,,,,,,,,,,,
,,,,,,,,,,,,,,,,
,,,,,,,,,,,,,,,,
,,,,,,,,,,,,,,,,
,,,,,,,,,,,,,,,,
,,,,,,,,,,,,,,,,
,,,,,,,,,,,,,,,,
,,,,,,,,,,,,,,,,
,,,,,,,,,,,,,,,,
,,,,,,,,,,,,,,,,
,,,,,,,,,,,,,,,,
,,,,,,,,,,,,,,,,
,,,,,,,,,,,,,,,,
,,,,,,,,,,,,,,,,
,,,,,,,,,,,,,,,,
,,,,,,,,,,,,,,,,
,,,,,,,,,,,,,,,,
,,,,,,,,,,,,,,,,
,,,,,,,,,,,,,,,,
,,,,,,,,,,,,,,,,
,,,,,,,,,,,,,,,,
,,,,,,,,,,,,,,,,
,,,,,,,,,,,,,,,,
,,,,,,,,,,,,,,,,
,,,,,,,,,,,,,,,,
,,,,,,,,,,,,,,,,
,,,,,,,,,,,,,,,,
,,,,,,,,,,,,,,,,
,,,,,,,,,,,,,,,,
,,,,,,,,,,,,,,,,
,,,,,,,,,,,,,,,,
,,,,,,,,,,,,,,,,
,,,,,,,,,,,,,,,,
,,,,,,,,,,,,,,,,
,,,,,,,,,,,,,,,,
,,,,,,,,,,,,,,,,
,,,,,,,,,,,,,,,,
,,,,,,,,,,,,,,,,
,,,,,,,,,,,,,,,,
,,,,,,,,,,,,,,,,
,,,,,,,,,,,,,,,,
,,,,,,,,,,,,,,,,
,,,,,,,,,,,,,,,,
,,,,,,,,,,,,,,,,
,,,,,,,,,,,,,,,,
,,,,,,,,,,,,,,,,
,,,,,,,,,,,,,,,,
,,,,,,,,,,,,,,,,
,,,,,,,,,,,,,,,,
,,,,,,,,,,,,,,,,
,,,,,,,,,,,,,,,,
,,,,,,,,,,,,,,,,
,,,,,,,,,,,,,,,,
,,,,,,,,,,,,,,,,
,,,,,,,,,,,,,,,,
,,,,,,,,,,,,,,,,
,,,,,,,,,,,,,,,,
,,,,,,,,,,,,,,,,
,,,,,,,,,,,,,,,,
,,,,,,,,,,,,,,,,
,,,,,,,,,,,,,,,,
,,,,,,,,,,,,,,,,
,,,,,,,,,,,,,,,,
,,,,,,,,,,,,,,,,
,,,,,,,,,,,,,,,,
,,,,,,,,,,,,,,,,
,,,,,,,,,,,,,,,,
,,,,,,,,,,,,,,,,
,,,,,,,,,,,,,,,,
,,,,,,,,,,,,,,,,
,,,,,,,,,,,,,,,,
,,,,,,,,,,,,,,,,
,,,,,,,,,,,,,,,,
,,,,,,,,,,,,,,,,
,,,,,,,,,,,,,,,,
,,,,,,,,,,,,,,,,
,,,,,,,,,,,,,,,,
,,,,,,,,,,,,,,,,
,,,,,,,,,,,,,,,,
,,,,,,,,,,,,,,,,
,,,,,,,,,,,,,,,,
,,,,,,,,,,,,,,,,
,,,,,,,,,,,,,,,,
,,,,,,,,,,,,,,,,
,,,,,,,,,,,,,,,,
,,,,,,,,,,,,,,,,
,,,,,,,,,,,,,,,,
,,,,,,,,,,,,,,,,
,,,,,,,,,,,,,,,,
,,,,,,,,,,,,,,,,
,,,,,,,,,,,,,,,,
,,,,,,,,,,,,,,,,
,,,,,,,,,,,,,,,,
,,,,,,,,,,,,,,,,
,,,,,,,,,,,,,,,,
,,,,,,,,,,,,,,,,
,,,,,,,,,,,,,,,,
,,,,,,,,,,,,,,,,
,,,,,,,,,,,,,,,,
,,,,,,,,,,,,,,,,
,,,,,,,,,,,,,,,,
,,,,,,,,,,,,,,,,
,,,,,,,,,,,,,,,,
,,,,,,,,,,,,,,,,
,,,,,,,,,,,,,,,,
,,,,,,,,,,,,,,,,
,,,,,,,,,,,,,,,,
,,,,,,,,,,,,,,,,
,,,,,,,,,,,,,,,,
,,,,,,,,,,,,,,,,
,,,,,,,,,,,,,,,,
,,,,,,,,,,,,,,,,
,,,,,,,,,,,,,,,,
,,,,,,,,,,,,,,,,
,,,,,,,,,,,,,,,,
,,,,,,,,,,,,,,,,
,,,,,,,,,,,,,,,,
,,,,,,,,,,,,,,,,
,,,,,,,,,,,,,,,,
,,,,,,,,,,,,,,,,
,,,,,,,,,,,,,,,,
,,,,,,,,,,,,,,,,
,,,,,,,,,,,,,,,,
,,,,,,,,,,,,,,,,
,,,,,,,,,,,,,,,,
,,,,,,,,,,,,,,,,
,,,,,,,,,,,,,,,,
,,,,,,,,,,,,,,,,
,,,,,,,,,,,,,,,,
,,,,,,,,,,,,,,,,
,,,,,,,,,,,,,,,,
,,,,,,,,,,,,,,,,
,,,,,,,,,,,,,,,,
,,,,,,,,,,,,,,,,
,,,,,,,,,,,,,,,,
,,,,,,,,,,,,,,,,
,,,,,,,,,,,,,,,,
,,,,,,,,,,,,,,,,
,,,,,,,,,,,,,,,,
,,,,,,,,,,,,,,,,
,,,,,,,,,,,,,,,,
,,,,,,,,,,,,,,,,
,,,,,,,,,,,,,,,,
,,,,,,,,,,,,,,,,
,,,,,,,,,,,,,,,,
,,,,,,,,,,,,,,,,
,,,,,,,,,,,,,,,,
,,,,,,,,,,,,,,,,
,,,,,,,,,,,,,,,,
,,,,,,,,,,,,,,,,
,,,,,,,,,,,,,,,,
,,,,,,,,,,,,,,,,
,,,,,,,,,,,,,,,,
,,,,,,,,,,,,,,,,
,,,,,,,,,,,,,,,,
,,,,,,,,,,,,,,,,
,,,,,,,,,,,,,,,,
,,,,,,,,,,,,,,,,
,,,,,,,,,,,,,,,,
,,,,,,,,,,,,,,,,
,,,,,,,,,,,,,,,,
,,,,,,,,,,,,,,,,
,,,,,,,,,,,,,,,,
,,,,,,,,,,,,,,,,
,,,,,,,,,,,,,,,,
,,,,,,,,,,,,,,,,
,,,,,,,,,,,,,,,,
,,,,,,,,,,,,,,,,
,,,,,,,,,,,,,,,,
,,,,,,,,,,,,,,,,
,,,,,,,,,,,,,,,,
,,,,,,,,,,,,,,,,
,,,,,,,,,,,,,,,,
,,,,,,,,,,,,,,,,
,,,,,,,,,,,,,,,,
,,,,,,,,,,,,,,,,
,,,,,,,,,,,,,,,,
,,,,,,,,,,,,,,,,
,,,,,,,,,,,,,,,,
,,,,,,,,,,,,,,,,
,,,,,,,,,,,,,,,,
,,,,,,,,,,,,,,,,
,,,,,,,,,,,,,,,,
,,,,,,,,,,,,,,,,
,,,,,,,,,,,,,,,,
,,,,,,,,,,,,,,,,
,,,,,,,,,,,,,,,,
,,,,,,,,,,,,,,,,
,,,,,,,,,,,,,,,,
,,,,,,,,,,,,,,,,
,,,,,,,,,,,,,,,,
,,,,,,,,,,,,,,,,
,,,,,,,,,,,,,,,,
,,,,,,,,,,,,,,,,
,,,,,,,,,,,,,,,,
,,,,,,,,,,,,,,,,
,,,,,,,,,,,,,,,,
,,,,,,,,,,,,,,,,
,,,,,,,,,,,,,,,,
,,,,,,,,,,,,,,,,
,,,,,,,,,,,,,,,,
,,,,,,,,,,,,,,,,
,,,,,,,,,,,,,,,,
,,,,,,,,,,,,,,,,
,,,,,,,,,,,,,,,,
,,,,,,,,,,,,,,,,
,,,,,,,,,,,,,,,,
,,,,,,,,,,,,,,,,
,,,,,,,,,,,,,,,,
,,,,,,,,,,,,,,,,
,,,,,,,,,,,,,,,,
,,,,,,,,,,,,,,,,
,,,,,,,,,,,,,,,,
,,,,,,,,,,,,,,,,
,,,,,,,,,,,,,,,,
,,,,,,,,,,,,,,,,
,,,,,,,,,,,,,,,,
,,,,,,,,,,,,,,,,
,,,,,,,,,,,,,,,,
,,,,,,,,,,,,,,,,
,,,,,,,,,,,,,,,,
,,,,,,,,,,,,,,,,
,,,,,,,,,,,,,,,,
,,,,,,,,,,,,,,,,
,,,,,,,,,,,,,,,,
,,,,,,,,,,,,,,,,
,,,,,,,,,,,,,,,,
,,,,,,,,,,,,,,,,
,,,,,,,,,,,,,,,,
,,,,,,,,,,,,,,,,
,,,,,,,,,,,,,,,,
,,,,,,,,,,,,,,,,
,,,,,,,,,,,,,,,,
,,,,,,,,,,,,,,,,
,,,,,,,,,,,,,,,,
,,,,,,,,,,,,,,,,
,,,,,,,,,,,,,,,,
,,,,,,,,,,,,,,,,
,,,,,,,,,,,,,,,,
,,,,,,,,,,,,,,,,
,,,,,,,,,,,,,,,,
,,,,,,,,,,,,,,,,
,,,,,,,,,,,,,,,,
,,,,,,,,,,,,,,,,
,,,,,,,,,,,,,,,,
,,,,,,,,,,,,,,,,
,,,,,,,,,,,,,,,,
,,,,,,,,,,,,,,,,
,,,,,,,,,,,,,,,,
,,,,,,,,,,,,,,,,
,,,,,,,,,,,,,,,,
,,,,,,,,,,,,,,,,
,,,,,,,,,,,,,,,,
,,,,,,,,,,,,,,,,
,,,,,,,,,,,,,,,,
,,,,,,,,,,,,,,,,
,,,,,,,,,,,,,,,,
,,,,,,,,,,,,,,,,
,,,,,,,,,,,,,,,,
,,,,,,,,,,,,,,,,
,,,,,,,,,,,,,,,,
,,,,,,,,,,,,,,,,
,,,,,,,,,,,,,,,,
,,,,,,,,,,,,,,,,
,,,,,,,,,,,,,,,,
,,,,,,,,,,,,,,,,
,,,,,,,,,,,,,,,,
,,,,,,,,,,,,,,,,
,,,,,,,,,,,,,,,,
,,,,,,,,,,,,,,,,
,,,,,,,,,,,,,,,,
,,,,,,,,,,,,,,,,
,,,,,,,,,,,,,,,,
,,,,,,,,,,,,,,,,
,,,,,,,,,,,,,,,,
,,,,,,,,,,,,,,,,
,,,,,,,,,,,,,,,,
,,,,,,,,,,,,,,,,
,,,,,,,,,,,,,,,,
,,,,,,,,,,,,,,,,
,,,,,,,,,,,,,,,,
,,,,,,,,,,,,,,,,
,,,,,,,,,,,,,,,,
,,,,,,,,,,,,,,,,
,,,,,,,,,,,,,,,,
,,,,,,,,,,,,,,,,
,,,,,,,,,,,,,,,,
,,,,,,,,,,,,,,,,
,,,,,,,,,,,,,,,,
,,,,,,,,,,,,,,,,
,,,,,,,,,,,,,,,,
,,,,,,,,,,,,,,,,
,,,,,,,,,,,,,,,,
,,,,,,,,,,,,,,,,
,,,,,,,,,,,,,,,,
,,,,,,,,,,,,,,,,
,,,,,,,,,,,,,,,,
,,,,,,,,,,,,,,,,
,,,,,,,,,,,,,,,,
,,,,,,,,,,,,,,,,
,,,,,,,,,,,,,,,,
,,,,,,,,,,,,,,,,
,,,,,,,,,,,,,,,,
,,,,,,,,,,,,,,,,
,,,,,,,,,,,,,,,,
,,,,,,,,,,,,,,,,
,,,,,,,,,,,,,,,,
,,,,,,,,,,,,,,,,
,,,,,,,,,,,,,,,,
,,,,,,,,,,,,,,,,
,,,,,,,,,,,,,,,,
,,,,,,,,,,,,,,,,
,,,,,,,,,,,,,,,,
,,,,,,,,,,,,,,,,
,,,,,,,,,,,,,,,,
,,,,,,,,,,,,,,,,
,,,,,,,,,,,,,,,,
,,,,,,,,,,,,,,,,
,,,,,,,,,,,,,,,,
,,,,,,,,,,,,,,,,
,,,,,,,,,,,,,,,,
,,,,,,,,,,,,,,,,
,,,,,,,,,,,,,,,,
,,,,,,,,,,,,,,,,
,,,,,,,,,,,,,,,,
,,,,,,,,,,,,,,,,
,,,,,,,,,,,,,,,,
,,,,,,,,,,,,,,,,
,,,,,,,,,,,,,,,,
,,,,,,,,,,,,,,,,
,,,,,,,,,,,,,,,,
,,,,,,,,,,,,,,,,
,,,,,,,,,,,,,,,,
,,,,,,,,,,,,,,,,
,,,,,,,,,,,,,,,,
,,,,,,,,,,,,,,,,
,,,,,,,,,,,,,,,,
,,,,,,,,,,,,,,,,
,,,,,,,,,,,,,,,,
,,,,,,,,,,,,,,,,
,,,,,,,,,,,,,,,,
,,,,,,,,,,,,,,,,
,,,,,,,,,,,,,,,,
,,,,,,,,,,,,,,,,
,,,,,,,,,,,,,,,,
,,,,,,,,,,,,,,,,
Anchor/ Bolt/ Wire Strands/ Rebar Pull out,BUILDING INFRASTRUCTURE AND CONSTRUCTION MATERIAL,Concrete,0.00,0.00,IS 11309,FALSE,MECHANICAL,0.00,0.00,0.00,,,,,Soil,